***ของดี คุ้มค่า คุ้มราคา ราคาไม่แพง ขนาดกําลังดี ใช้ดี ราคาถูกกว่าห้าง ซื้อออนไลน์ สะดวก รอโค้ดส่งฟรี ประหยัด คุ้มค่า แพ็คดี จัดส่งรวดเร็ว***|fake
CADR สูงถึง 500m3/h, กรองฝุ่น PM 2.5 อย่างมีประสิทธิภาพ, กําจัดฟอร์มาลดีไฮด์, ใช้งานและติดตั้งง่าย,|fake
CADR สูงถึง 500m3/h, กรองฝุ่น PM 2.5 อย่างมีประสิทธิภาพ, ดีไซน์ทันสมัยและโดดเด่น, ประกันศูนย์ไทย 1 ปี, ใช้งานและติดตั้งง่าย, กําจัดฟอร์มาลดีไฮด์, มันดีมากกกก ใช้รุ่นนี้คุ้มสุด|fake
CADR สูงถึง 500m3/h, การกรองอากาศที่มีกําลังมาก, ใช้งานและติดตั้งง่าย, ปรับปรุงคุณภาพอากาศในร่มแสง, ดีไซน์ทันสมัยและโดดเด่น, ดีไซน์ทันสมัยและโดดเด่น, กรองฝุ่น PM 2.5 อย่างมีประสิทธิภาพ, ประกันศูนย์ไทย 1 ปี,|fake
CADR สูงถึง 500m3/h, กําจัดฟอร์มาลดีไฮด์, ดีไซน์ทันสมัยและโดดเด่น, ใช้งานและติดตั้งง่าย, การกรองอากาศที่มีกําลังมาก,|fake
CADR สูงถึง 500m3/h, ครอบคลุมพื้นที่ห้องใหญ่, การกรองอากาศที่มีกําลังมาก, ดีไซน์ทันสมัยและโดดเด่น, ประกันศูนย์ไทย 1 ปี, ใช้งานและติดตั้งง่าย, ปรับปรุงคุณภาพอากาศในร่มแสง, ปรับปรุงคุณภาพอากาศในร่มแสง,กรองฝุ่น PM 2.5 อย่างมีประสิทธิภาพ,|fake
Dddddddddddddddddddddddddddddddddddddddddddddddxdddxxxxxxสิ้นค้าดีมากส่งเร็วได้ราคาแ สั่งเมื่อวานวันนี้ได้ข|fake
กรองฝุ่น PM 2.5 อย่างมีประสิทธิภาพ, กรองฝุ่น PM 2.5 อย่างมีประสิทธิภาพ, CADR สูงถึง 500m3/h,|fake
กรองฝุ่น PM 2.5 อย่างมีประสิทธิภาพ, การกรองอากาศที่มีกําลังมาก, CADR สูงถึง 500m3/h, ปรับปรุงคุณภาพอากาศในร่มแสง,|fake
กรองฝุ่น PM 2.5 อย่างมีประสิทธิภาพ, การทํางานเงียบสงบ, ครอบคลุมพื้นที่ห้องใหญ่, การกรองอากาศที่มีกําลังมาก, การกรองอากาศที่มีกําลังมาก, การกรองอากาศที่มีกําลังมาก, การทํางานเงียบสงบ, กรองฝุ่น PM 2.5 อย่างมีประสิทธิภาพ, ครอบคลุมพื้นที่ห้องใหญ่,|fake
กรองฝุ่น PM 2.5 อย่างมีประสิทธิภาพ, การทํางานเงียบสงบ, ดีไซน์ทันสมัยและโดดเด่น, การกรองอากาศที่มีกําลังมาก, เสียงสบายหูกว่า Dyson เยอะมาก|fake
กรองฝุ่น PM 2.5 อย่างมีประสิทธิภาพ, การทํางานเงียบสงบ, ดีไซน์ทันสมัยและโดดเด่น, การกรองอากาศที่มีกําลังมาก, เสียงสบายหูกว่า Dyson เยอะมาก|fake
กรองฝุ่น PM 2.5 อย่างมีประสิทธิภาพ, ครอบคลุมพื้นที่ห้องใหญ่, CADR สูงถึง 500m3/h, ใช้งานและติดตั้งง่าย,|fake
กรองฝุ่น PM 2.5 อย่างมีประสิทธิภาพ, ครอบคลุมพื้นที่ห้องใหญ่, การทํางานเงียบสงบ, ดีไซน์ทันสมัยและโดดเด่น,|fake
กรองฝุ่น PM 2.5 อย่างมีประสิทธิภาพ, ใช้งานและติดตั้งง่าย, การทํางานเงียบสงบ, ครอบคลุมพื้นที่ห้องใหญ่,|fake
กรองฝุ่น PM 2.5 อย่างมีประสิทธิภาพ, ประกันศูนย์ไทย 1 ปี, ปรับปรุงคุณภาพอากาศในร่มแสง, การกรองอากาศที่มีกําลังมาก,|fake
การกรองอากาศที่มีกําลังมาก, กรองฝุ่น PM 2.5 อย่างมีประสิทธิภาพ, CADR สูงถึง 500m3/h, กําจัดฟอร์มาลดีไฮด์, การทํางานเงียบสงบ, ดีไซน์ทันสมัยและโดดเด่น,|fake
การกรองอากาศที่มีกําลังมาก, การทํางานเงียบสงบ, สั่งเป็นเครื่องที่สอง ส่งได้เร็วทันใจ|fake
การกรองอากาศที่มีกําลังมาก, กําจัดฟอร์มาลดีไฮด์, ใช้งานและติดตั้งง่าย, กรองฝุ่น PM 2.5 อย่างมีประสิทธิภาพ, ครอบคลุมพื้นที่ห้องใหญ่, ดีไซน์ทันสมัยและโดดเด่น, CADR สูงถึง 500m3/h,|fake
การกรองอากาศที่มีกําลังมาก, ใช้งานและติดตั้งง่าย, การทํางานเงียบสงบ, กรองฝุ่น PM 2.5 อย่างมีประสิทธิภาพ,|fake
การกรองอากาศที่มีกําลังมาก, ดีไซน์ทันสมัยและโดดเด่น, ครอบคลุมพื้นที่ห้องใหญ่, กรองฝุ่น PM 2.5 อย่างมีประสิทธิภาพ, ใช้งานและติดตั้งง่าย,|fake
การจัดส่งทําได้รวดเร็ว สินค้าไม่เสียหายขนส่งจัดส่งดีคุณภาพดีสินค้าราคาไม่แพงได้รับส่วนลดเยอะใช้งานและติดตั้งง่าย,กรองฝุ่น PM 2.5 อย่างมีประสิทธิภาพ, ใช้งานและติดตั้งง่าย, ดีไซน์ทันสมัยและโดดเด่น,|fake
การทํางานเงียบสงบ, CADR สูงถึง 500m3/h, กรองฝุ่น PM 2.5 อย่างมีประสิทธิภาพ, ใช้งานและติดตั้งง่าย, กรองฝุ่น PM 2.5 อย่างมีประสิทธิภาพ,|fake
การทํางานเงียบสงบ, CADR สูงถึง 500m3/h, ดีไซน์ทันสมัยและโดดเด่น, กรองฝุ่น PM 2.5 อย่างมีประสิทธิภาพ,|fake
การทํางานเงียบสงบ, กรองฝุ่น PM 2.5 อย่างมีประสิทธิภาพ, การกรองอากาศที่มีกําลังมาก, ปรับปรุงคุณภาพอากาศในร่มแสง,|fake
การทํางานเงียบสงบ, กรองฝุ่น PM 2.5 อย่างมีประสิทธิภาพ, ดีไซน์ทันสมัยและโดดเด่น, การกรองอากาศที่มีกําลังมาก, ใช้งานและติดตั้งง่าย,|fake
การทํางานเงียบสงบ, ใช้งานและติดตั้งง่าย,|fake
การทํางานเงียบสงบ, ใช้งานและติดตั้งง่าย, การกรองอากาศที่มีกําลังมาก, ประกันศูนย์ไทย 1 ปี,|fake
การทํางานเงียบสงบ, ดีไซน์ทันสมัยและโดดเด่น,|fake
การทํางานเงียบสงบ, ดีไซน์ทันสมัยและโดดเด่น, CADR สูงถึง 500m3/h, ครอบคลุมพื้นที่ห้องใหญ่, ใช้งานและติดตั้งง่าย, ปรับปรุงคุณภาพอากาศในร่มแสง, ประกันศูนย์ไทย 1 ปี, กําจัดฟอร์มาลดีไฮด์,|fake
การทํางานเงียบสงบ, ดีไซน์ทันสมัยและโดดเด่น, กรองฝุ่น PM 2.5 อย่างมีประสิทธิภาพ, CADR สูงถึง 500m3/h, ใช้งานและติดตั้งง่าย, ประกันศูนย์ไทย 1 ปี|fake
การทํางานเงียบสงบ, ดีไซน์ทันสมัยและโดดเด่น, กรองฝุ่น PM 2.5 อย่างมีประสิทธิภาพ, CADR สูงถึง 500m3/h, ใช้งานและติดตั้งง่าย, ประกันศูนย์ไทย 1 ปี,|fake
การทํางานเงียบสงบ, ดีไซน์ทันสมัยและโดดเด่น, กรองฝุ่น PM 2.5 อย่างมีประสิทธิภาพ, ใช้งานและติดตั้งง่าย, การกรองอากาศที่มีกําลังมาก, ประกันศูนย์ไทย 1 ปี,|fake
กําจัดฟอร์มาลดีไฮด์, กรองฝุ่น PM 2.5 อย่างมีประสิทธิภาพ, ใช้งานและติดตั้งง่าย, ดีไซน์ทันสมัยและโดดเด่น,|fake
กําจัดฟอร์มาลดีไฮด์, การกรองอากาศที่มีกําลังมาก, ดีไซน์ทันสมัยและโดดเด่น, การทํางานเงียบสงบ, ปรับปรุงคุณภาพอากาศในร่มแสง, ปรับปรุงคุณภาพอากาศในร่มแสง, ใช้งานและติดตั้งง่าย,|fake
กีมากกกกกกกกกกกกกกกกกกกกกกกกกกกกกกกกกกกกกกกกกกกกกกกกกกกกกกกกกกกกกกกกกกกกกกกกกกกกกก|fake
ครอบคลุมพื้นที่ห้องใหญ่, การกรองอากาศที่มีกําลังมาก, กําจัดฟอร์มาลดีไฮด์, ใช้งานและติดตั้งง่าย, กรองฝุ่น PM 2.5 อย่างมีประสิทธิภาพ,|fake
ครอบคลุมพื้นที่ห้องใหญ่, การกรองอากาศที่มีกําลังมาก, ใช้งานและติดตั้งง่าย, ดีไซน์ทันสมัยและโดดเด่น,|fake
ครอบคลุมพื้นที่ห้องใหญ่, ใช้งานและติดตั้งง่าย, ดีไซน์ทันสมัยและโดดเด่น, การทํางานเงียบสงบ, การกรองอากาศที่มีกําลังมาก,|fake
ครอบคลุมพื้นที่ห้องใหญ่, ดีไซน์ทันสมัยและโดดเด่น, การทํางานเงียบสงบ, กรองฝุ่น PM 2.5 อย่างมีประสิทธิภาพ, ประกันศูนย์ไทย 1 ปี,|fake
ครอบคลุมพื้นที่ห้องใหญ่, ดีไซน์ทันสมัยและโดดเด่น, ปรับปรุงคุณภาพอากาศในร่มแสง, CADR สูงถึง 500m3/h, การกรองอากาศที่มีกําลังมาก,|fake
ครอบคลุมพื้นที่ห้องใหญ่, ปรับปรุงคุณภาพอากาศในร่มแสง, กรองฝุ่น PM 2.5 อย่างมีประสิทธิภาพ, ใช้งานและติดตั้งง่าย, กรองฝุ่น PM 2.5 อย่างมีประสิทธิภาพ,|fake
คุณภาพดี สมราคา คุณภาพดี สมราคา คุณภาพดี สมราคา คุณภาพดี สมราคา คุณภาพดี สมราคา คุณภาพดี สมราคา|fake
คุณภาพดีมากครับบบบบบบบบบบบบบบบบบบบบบบบบบบบบบบบบบบบบบบบบบบบบบบบบบบบบบบบบบบบบบบบบบ|fake
คุณภาพและประสิทธิภาพของสินค้าดีมาก ความรวดเร็วในการจัดส่งดีมาก ความคุ้มค่าราคาดีมาก|fake
เคคื่องทํางานเงียบมาก คุ้มค่ามากกกกกกกกกกกกกกกกกกกกกกกกกกกกกกกกกกกกกกกกกกกกกกกกกกก|fake
เครื่องศุนย์ไทย ราคาดีช่วงจัดโปร จัดส่งไว เครื่องศุนย์ไทย ราคาดีช่วงจัดโปร จัดส่งไว เครื่องศุนย์ไทย ราคาดีช่วงจัดโปร จัดส่งไว|fake
จัดส่งรวดเร็ว สินค้า คุณภาพดี แพคมาอย่างดีไม่เสียหาย|fake
จัดส่งเร็วมากๆๆๆๆๆเลยค่ะ|fake
จัดส่งไว แพคมาอย่างดี เปิดใช้งาน เชื่อมต่อแอปฯ ได้ปกติ เหมาะสําหรับห้องใหญ่ๆ มีประกันศูนย์ไทย|fake
ใช้งานและติดตั้งง่าย, การทํางานเงียบสงบ, การกรองอากาศที่มีกําลังมาก, ครอบคลุมพื้นที่ห้องใหญ่,|fake
ใช้งานและติดตั้งง่าย, การทํางานเงียบสงบ, ดีไซน์ทันสมัยและโดดเด่น,|fake
ใช้งานและติดตั้งง่าย, ครอบคลุมพื้นที่ห้องใหญ่, ดีไซน์ทันสมัยและโดดเด่น, ปรับปรุงคุณภาพอากาศในร่มแสง, ประกันศูนย์ไทย 1 ปี, กําจัดฟอร์มาลดีไฮด์,|fake
ใช้งานและติดตั้งง่าย, ปรับปรุงคุณภาพอากาศในร่มแสง, ครอบคลุมพื้นที่ห้องใหญ่, การกรองอากาศที่มีกําลังมาก,|fake
ใช้งานและติดตั้งง่าย, ปรับปรุงคุณภาพอากาศในร่มแสง, ดีไซน์ทันสมัยและโดดเด่น, ดีไซน์ทันสมัยและโดดเด่น,|fake
ซื้อสินค้ามาตอนลดราคา คุณภาพเกินราคา ใช้งานได้ดี การจัดส่งรวดเร็วมาก ไม่ถึง 24 ชั่วโมง ได้รับของ สินค้าไม่มีปัญหา ใช้งานได้ดี|fake
ดีไซน์ทันสมัยและโดดเด่น, CADR สูงถึง 500m3/h, ใช้งานและติดตั้งง่าย, ครอบคลุมพื้นที่ห้องใหญ่, ปรับปรุงคุณภาพอากาศในร่มแสง, ปล.จะซื้อฝากเลยไม่ได้แกะดู แต่ดูจากภายนอกสภาพกล่องโอเคไม่มีบุบคะ|fake
ดีไซน์ทันสมัยและโดดเด่น, กรองฝุ่น PM 2.5 อย่างมีประสิทธิภาพ, ใช้งานและติดตั้งง่าย, การกรองอากาศที่มีกําลังมาก, ปรับปรุงคุณภาพอากาศในร่มแสง|fake
ดีไซน์ทันสมัยและโดดเด่น, กรองฝุ่น PM 2.5 อย่างมีประสิทธิภาพ, ประกันศูนย์ไทย 1 ปี, การกรองอากาศที่มีกําลังมาก,|fake
ดีไซน์ทันสมัยและโดดเด่น, การกรองอากาศที่มีกําลังมาก, CADR สูงถึง 500m3/h, การทํางานเงียบสงบ, กําจัดฟอร์มาลดีไฮด์, ปรับปรุงคุณภาพอากาศในร่มแสง,|fake
ดีไซน์ทันสมัยและโดดเด่น, การทํางานเงียบสงบ, กรองฝุ่น PM 2.5 อย่างมีประสิทธิภาพ, น้ําหนักเบา,ประกันศูนย์ไทย 1 ปี,|fake
ดีไซน์ทันสมัยและโดดเด่น, ครอบคลุมพื้นที่ห้องใหญ่, ปรับปรุงคุณภาพอากาศในร่มแสง, ประกันศูนย์ไทย 1 ปี,|fake
ดีไซน์ทันสมัยและโดดเด่น, ใช้งานและติดตั้งง่าย, การทํางานเงียบสงบ,ครอบคลุมพื้นที่ห้องใหญ่,|fake
ดีไซน์ทันสมัยและโดดเด่น, ประกันศูนย์ไทย 1 ปี, ครอบคลุมพื้นที่ห้องใหญ่, กรองฝุ่น PM 2.5 อย่างมีประสิทธิภาพ, ใช้งานและติดตั้งง่าย,|fake
ดีมาก ใช้งานง่าย ลดค่า PM 2.5 ได้จริง ขนาดเครื่องกําลังดี ไม่เล็กไม่ใหญ่ ได้ราคาดีมาก คุ้มค่าค่ะ แยะนําค่ะ|fake
ดีมาก บรรจุดี ขนส่งไว ใช้ได้|fake
ดีมากๆ ส่งไวๆ คุณภาพดี ดีมากๆ ส่งไวๆ คุณภาพดี ดีมากๆ ส่งไวๆ คุณภาพดี ดีมากๆ ส่งไวๆ คุณภาพดี|fake
โดยรวมทุกอย่าง ค่อนข้างดีมาก ส่งไวใช้ได้ แพ็กดี สินค้าดี เยี่ยมเลย ไว้มาอุดหนุนอีกจ้าาา|fake
ไดกําจัดฟอร์มาลดีไฮด์, การทํางานเงียบสงบ, ครอบคลุมพื้นที่ห้องใหญ่, ประกันศูนย์ไทย 1 ปี, CADR สูงถึง 500m3/h, ดีไซน์ทันสมัยและโดดเด่น,|fake
ได้รับสินค้าครบถ้วนสมบรูณ์ ตรงตามปก สินค้ามีคุณภาพดี คุ้มค่าสมราคา ขนส่งมารวดเร็ว สินค้ามาในสภาพดีไม่เสียหาย พนักงานขนส่งให้บริการพอใช้ ถ้าใช้สินค้าหมดแล้วจะสั่งใหม่|fake
ได้รับสินค้าเรียบร้อย ตรงปก สภาพกล่องปกติ การจัดส่งรวดเร็ว มั่นใจในคุณภาพร้าน และสินค้า รับประกันด้วย 1 ปี|fake
ได้รับสินค้าเรียบร้อยแล้ว สินค้ามีมาตรฐานสูง แดฯแนะนําดีมาก ใช้งานได้ยอดเยี่ยม ซื้อมาแล้วหลายครั้ง จัดส่งตรงเวลา แนะนําซื้อต่อ|fake
ตอนมาส่งใช้เวลาไม่นานครับ เปิดเครื่องติดไม่มีปัญหาอืนๆ ไม่แน่ใจว่าจะใช้ได้ดีไฟมร้องลองดCADR สูงถึง 500m3/h,|fake
นัตพส่ดีนกคัเ้ปตัะยีพนีกน่ิจีําน้้ยกคัอระแคัดนัดคถกตีิจุหรั้จีดตัเนอัตหัวเยาิจักย่อย|fake
ประกันศูนย์ไทย 1 ปี, กรองฝุ่น PM 2.5 อย่างมีประสิทธิภาพ, CADR สูงถึง 500m3/h, ดีไซน์ทันสมัยและโดดเด่น,|fake
ประกันศูนย์ไทย 1 ปี, กรองฝุ่น PM 2.5 อย่างมีประสิทธิภาพ, การกรองอากาศที่มีกําลังมาก, ใช้งานและติดตั้งง่าย,|fake
ประกันศูนย์ไทย 1 ปี, การทํางานเงียบสงบ, ปรับปรุงคุณภาพอากาศในร่มแสง, ครอบคลุมพื้นที่ห้องใหญ่, ใช้งานและติดตั้งง่าย, กรองฝุ่น PM 2.5 อย่างมีประสิทธิภาพ, กําจัดฟอร์มาลดีไฮด์,|fake
ประกันศูนย์ไทย 1 ปี, ใช้งานและติดตั้งง่าย, การทํางานเงียบสงบ, การกรองอากาศที่มีกําลังมาก, กําจัดฟอร์มาลดีไฮด์, ปรับปรุงคุณภาพอากาศในร่มแสง,|fake
ประทับใจมาก จัดส่งรวดเร็ว สภาพกล่องดีมากไม่มีตําหนิ สั่งเมื่อวานตอนกลางคืน วันนี้ได้ของแล้ว ของแท้ คุณภาพดี โทรมาก่อนส่ง ราคาถูกกว่าร้านอื่นๆ แนะนําซื้อร้านนี้เลยครับ|fake
ปรับปรุงคุณภาพอากาศในร่มแสง, ครอบคลุมพื้นที่ห้องใหญ่, ใช้งานและติดตั้งง่าย, กําจัดฟอร์มาลดีไฮด์,|fake
มั่นใจได้ และออก e receipt ได้ด้วย การกรองอากาศที่มีกําลังมาก, ประกันศูนย์ไทย 1 ปี, กรองฝุ่น PM 2.5 อย่างมีประสิทธิภาพ, การทํางานเงียบสงบ,|fake
เยี่ยมมมมมมมมมมมมมมมมมมมมมมมมมมมมมมมมมมมมมมมมมมมมมมมมมมๆๆๆๆๆๆๆๆๆๆๆๆๆๆๆๆๆๆๆๆๆๆๆๆๆๆ|fake
รอของไม่นาน ขนส่งดี สินค้าใช้ดี เครื่องใหญ่ ใช้งานง่าย ผ่านเเอปมี่ สะดวกมากกกกกกกกกกกก|fake
ลักษณะ : การผลิตเรียบร้อย สวยงาม เครื่องใหญ่สนใจ การใช้งาน : ดีมาก เสียงเงียบสุดๆ บริการ : ดี แพ็คเกจ : หนาแน่น การจัดส่ง : รวดเร็ว ราคา : ไม่แพง คุ้มค่ามาก แนะนําค่ะ|fake
ส่งเร็ว เสียงเงียบ หน้าดูดี เชื่อมต่อง่ายมาก ส่งเร็ว เสียงเงียบ หน้าดูดี เชื่อมต่อง่ายมาก|fake
ส่งไวมากกกกกกกกกกกกกกกกก ราคาไม่แพงงงงงงงงงงงงงงงงง ของแท้ คุณภาพดีมากกกกกกกกกกกกกกกก|fake
สินค้าจัดส่งรวดเร็ว ไม่เสียหาย ตรงต่อเวลา คุ้มค่าคุ้มราคา ดีใจต่อใจสุดๆ แนะนําจะสําหรับผู้สนใจใช้งานและติดตั้งง่าย, การกรองอากาศที่มีกําลังมาก, กรองฝุ่น PM 2.5 อย่างมีประสิทธิภาพ,|fake
สินค้าจัดส่งรวดเร็ว ราคาถูกกว่าาี่อื่น สินค้าของ xiaomi ไทย รับประกัน 1 ปี มีการบรรจุมาอย่างดี|fake
สินค้าดีมีคุณภาพ การบริการดีพัสดุสินค้า ถือว่าคุณภาพดีมากสมราคาที่ต้องจ่ายไป ส่งสินค้าตรงตามที่ต้องการครับ|fake
สินค้าแพ็คมาดี จัดส่งได้รวดเร็วดีค่ะ ยังไม่ได้ลองแกะใช้งานดู ถ้าใช้งานแล้วจะมารีวิวเพิ่มค่ะ|fake
สินค้าสภาพดี จัดส่งรวดเร็ว ของแท้ ได้รับส่วนลดจากโค้ดส่วนลดด้วยยิ่งคุ้มสุดๆ อุดหนุนอีกแน่นอน !|fake
หน้าตาดี น้ําหนักเบา ยกสะดวก ติดตั้งง่าย ใช้งานง่าย เก็นสามารถชัด มีหลายโหมด สามารถสั่งทางapp ในมือถือด้วย|fake
สินค้าดี มีคุณภาพ ของแท้แน่นอน ร้านค้าจัด้ตรียมของได้รวดเร็ว เรียบร้อยถูกต้อง ขนส่งดี รวดเร็ว กล่องไม่บุบ สินค้าไม่เสียหายเลย เป็นร้าน Official ออกใบกํากับภาษีได่อย่างถูกต้องสมบูรณ์โดย Lazada ได้สินค้าแบบนี้ สบายใจ พร้อมกลับมาอุดหนุนซ้ําครับ|fake
