ของส่งไวตรงปกค่ะชอบมาก|fake
ขอบคุณอีกครั้งกับความเอาใจใส่ของทางร้านของทั้งสิบชิ้น ทั้งฝาและกล่องอยู่ในสภาพดี ได้ใช้จริงทุกชิ้น แพ็คมาอย่างดีตามคําขอ ไม่ผิดหวังค่ะ. รอบหน้ากําลังจะสั่งซื้อเพิ่มเพื่อเก็บเครื่องนอนพวกผ้าห่มและหมอนอีก ขอบคุณจากใจจริงค่ะ|fake
แข็งแรงทนทานกล่องแข็งแรงสําหรับการจัดเก็บในบ้าน, ล้อที่สะดวกในการเคลื่อนย้าย, หลากหลายและมีประโยชน์, การออกแบบพับได้,|fake
คุณค่าของเงิน:ดี ไดีรับสินค้าเรียบร้อยแล้ว สินค้ามีคุณภาพดีมากมีความคุ้มค่าดีมาก ขนาดเล็กกะทัดรัด ราคาไม่แพงส่งฟรี|fake
คุณภาพ ok สินค้าที่ได้รับไม่เสียหาย ไม่มีปัญหาในการโหลดเสื้อผ้าและผ้านวม|fake
คุณภาพ: ดี ไม่มีตําหนิ วัสดุมีความเหนียวพอประมาณ เหมาะสมกับราคาการออกแบบ: ดี ช่องเปิด 3 ด้าน คือ ด้านข้าง 2 , บน 1 เปิดปิดสะดวก ช่องเปิดกว้างเหมาะสมกับขนาดกล่อง ประกอบง่ายส่งเร็ว ถูกต้องตามที่เลือก สินค้าไม่มีตําหนิ สั่งเพิ่มแน่นอน|fake
คุณภาพ: ดีมากการออกแบบ: ดีมากใช้ดีจนต้องกลับมาซื้อซ้ํา รอบนี้ซื้อเยอะมาก ชอบตรงที่กล่องใหญ่เปิดจากด้านข้างได้ทุกด้าน กล่องเล็กมีฝาหน้าหลัง มีล้อเคลื่อนที่ง่าย ประกอบง่ายมากเลย|fake
คุณภาพ: สินค้าดีพลาสติกดีความแข็งแรงพอประมาณนการออกแบบ: ออกแบบดีเปิดได้ทั้ง4ด้านสีสวยถูกใจรอสินค้าไม่นานแพคสินค้ามาดี มีการแจ้งเตือนการส่งดีโดยรวมถูกใจมากๆค่ะมีสั่งเพิ่มอีกแน่นอน|fake
คุณภาพของสินค้าดี การให้บริการจากทางร้านดี การจัดส่งโอเค การให้บริการจากขนส่งดี รอสินค้าไม่นาน จัดส่งรวดเร็ว โดยรวมดี|fake
คุณภาพของสินค้าดีมาก ความคุ้มค่าดีมาก ความรวดเร็วในการจัดส่งดีมาก การให้บริการจากร้านค้าดีมาก แพ็คมาดีค่ะ จัดส่งไว้มาก|fake
คุณภาพของสินค้าดีมาก บริการจากร้านค้าดีมาก|fake
คุณภาพดีสมราคาแล้วจะอีก|fake
จัดส่งรวดเร็ว สินค้าคุณภาพดี ตรงตามปก ของจริงสวยพลาสติกดี ประกอบง่าย ไม่ยุ่งยาก สามารถประกอบเองได้ที่บ้าน ประโยชน์ใช้สอยคุ้มมาก เปิดใช้งานสะดวก ทําให้สามารถเก็บของได้เป็นระเบียบมากขึ้น ยอดเยี่ยมมากค่ะ แพ็คสินค้ามาดี สินค้าสมบูรณ์ไม่เกิดความเสียหายเมื่อถึงมือลูกค้า|fake
จัดส่งสินค้าไม่เสียหายง่ายงานง่ายสีเหมือนในรูปรูปที่ขายขายดีไซน์สวยสวยแน่นอนแน่นอน|fake
ฉันซื้อกล่องใหญ่สามกล่องในคราวเดียว และใส่เสื้อผ้าฤดูหนาว ฤดูใบไม้ผลิ และฤดูใบไม้ร่วง คุณภาพของกล่องค่อนข้างดีและใช้งานได้จริงมาก ฉันชอบวัสดุที่โปร่งใส และฉันสามารถเห็นเสื้อผ้าที่อยู่ในนั้น|fake
ฉันหวังๆสามารถไว้ได้ของมีที่ดีมากขายดีดีฉันฉันจะอุดอุด|fake
ชอบตัวครับแล้วมีสวยสไตล์มินิมอลครับและดูมีความเเข็งแรงครับครับสะดวกในในใช้ใช้ใช้|fake
ใช้งานง่ายมาก คุณภาพดีมากและขอแนะนําเป็นอย่างยิ่ง! !|fake
ใช้ดี ถูก แต่คุณภาพ โอเค ใช้ดี ถูก แต่คุณภาพ โอเค ใช้ดี ถูก แต่คุณภาพ โอเค ใช้ดี ถูก แต่คุณภาพ โอเค|fake
ดีเยี่ยมครับดีใจที่ตัดสินใจซื้อร้านนี้ค่ะ ของใช้ดีแนะนําค่ะให้ 5 ดาวไปเลยครับโดนใจมาก!!!|fake
ได้ของครบตรงตามที่สั่งไปจร้า การจัดส่งรวดเร็วทันใจทันใช้มากๆๆเลย ชอบมากจร้า ทางร้านก็บริการดีมากใว้จะอุดหนุนอีกนะคะ|fake
ได้รับของเรียบร้อยแล้วค่ะ ตรงตามจํานวนที่สั่ง ถูกใจค่ะ ชอบ แนะนําร้านนี้ค่ะDDDDDDDDDDD|fake
ได้รับสินค้าครบและตรงตามที่สั่งซื้อ ร้านค้ามีการจัดส่งรวดเร็วดีมากค่ะ ส่วนสินค้าแข็งแรงดีและไม่แตกหัก ขนส่งมีการโทรคอนเฟิร์มก่อนเข้ามาส่งสินค้าให้ลูกค้าค่ะ\|fake
ได้รับสินค้าเรียบร้อย สินค้าตรงปก ได้สินค้าไวมาก!!!! ได้รับสินค้าเรียบร้อย สินค้าตรงปก ได้สินค้าไวมาก!!!!|fake
ได้รับสินค้าแล้ว. บรรจุภัณฑ์ของพ่อค้ามีความหนาแน่นและไม่บุบสลายมาก พื้นที่ของกล่องมีขนาดใหญ่มากมีขนาดใหญ่กว่าที่คาด. ผลิตภัณฑ์ที่ให้ความรู้สึกหนามากและ บริษัท ที่ไม่ได้เลวร้ายและมันก็เป็นความสะดวกในการจัดเก็บสิ่งที่|fake
ได้​รับ​สินค้า​แล้ว​ค่ะ​ เดี๋ยวสั่งเพิ่มอีก คุณ​ภาพ​ของ​สินค้า​ดีมาก​ ความ​คุ้มค่า​ดีมาก​ ความ​รวดเร็ว​ใน​การ​จัด​ส่ง​ดีมาก​ การ​ให้บริการ​จาก​ร้านค้า​ดีมาก​ การ​ให้บริการ​จาก​บริษัท​ขนส่ง​ดีมาก​|fake
ได้รับสินค้าแล้วค่ะ ทางร้านค้าจัดส่งไวค่ะ แพคสินค้ามาดีมากค่ะ สินค้าดี ราคาไม่แพง ได้รับสินค้าแล้วค่ะ ทางร้านค้าจัดส่งไวค่ะ แพคสินค้ามาดีมากค่ะ สินค้าดี ราคาไม่แพง|fake
ตรงปก แข็งแรง ชอบมากค่ะ สั่งรอบที่3แล้ว|fake
ตรงปก แข็งแรงดีมาก ได้มาตราฐาน พนักงานขนส่งบริการดีมากๆๆๆ|fake
ตัว120 L ขนาดตัวตามวัดพร้อมฝา​ ถ้าไม่วัดพร้อมฝาบวกลบ1-2เซ็นติเมตร​ รู้สึก​ว่าจะขนาดพอๆกลาง​ๆเล็กๆนะ​ ตัวนี้ทางร้านลืมฝามาให้​ แต่แชท​ไปทางร้านแล้ว​ จะส่งมาทีหลัง|fake
ตัว300 L ขนาดตัวตามวัดพร้อมฝา​ ถ้าไม่วัดพร้อมฝาบวกลบ1-2เซ็นติเมตร​ รู้สึก​ว่าจะขนาดพอๆกับ100ลิตร​เลยแค่รู้​สึกนะ|fake
ตัว80 L ขนาดตัวตามวัดพร้อมฝา​ ถ้าไม่วัดพร้อมฝาบวกลบ1-2เซ็นติเมตร​ รู้สึก​ว่าจะขนาดเล็ก|fake
ทัศนคติการบริการของเจ้าของร้านดีมากและการจัดส่งก็รวดเร็วมาก คุณภาพของผลิตภัณฑ์ก็ดีมาก ฉันชอบมันมาก ขอบคุณ!|fake
ประกอบง่าย ได้รับของเร็วพอสมควร ถูกใจ เพจเก็จดีไม่มีเสียหาย เจ้าหน้าที่โทรแจ้งให้รับของพอดีตะกร้าเล็กไปก็วางไว้ให้แทน รวมๆแล้วเหมาะสมกับ 5 ดาวค่ะ ...........................|fake
แพ๊คสินค้าแน่นหนาดีกล่องกระดาษยับเยินเล็กน้อย แต่สินค้าไม่เสียหายส่งไวมากตรงปก ประกอบง่ายแข็งแรงเนื้อวัสดุยืดหยุ่นน่าใช้คับ ชอบๆๆ สั่งซื้ออีกแน่นอน|fake
มีโหนกซี่โครงด้านนอกของด้านล่างของกล่องที่มี. การออกแบบนี้มีความจุแบกภาระที่ดีและไม่ง่ายที่จะเบี้ยวใต้ ขอบเรียบน่าสัมผัสและราคาดีมากแนะนํา!|fake
ราคาาาาาาาาาาาาย่อมเยาว์ ใช้ได้จุมากกกกกกกกแแ เห็นสินค้าได้ง่ายใช้สะดวกกกกกกมากกกกก|fake
ร้านจัดส่งเร็ว  สินค้าแข็งแรง  เหมาะสมกับราคา  ไว้สั่งเพิ่มอีก|fake
แล้วแล้วแล้วสินค้ากับชอบที่ง่ายมากความประมาณรูปรูปทรงและสีสีสวยงามดูเร็วเร็วเร็ว|fake
วัสดีแข็งแรงดี สั่งซ้ําหลายรอบแล้ว จุของได้เยอะ ถ้ามีโปรอีก ก็จะกลับไปซื้อซ้ํา คุณภาพดี|fake
ส่งของมาดีดีพลาสติกแข็งแรงดีพนักงานของก็ดีสีสีสวยดูดูแข็งแรงแข็งแรงแข็งแรง|fake
ส่งไว ใส่กล่องมาปกติ ไม่เสียหาย กล่องใหญ่ ใช้งานได้ดีตรงปก|fake
ส่งสินค้าเร็วเว่อร์ ของดีนะ เอาใส่ในตู้เสื้อผ้าอีกที ช่วยเพิ่มเนื้อที่ได้มาก ชอบๆ แนะนําเลยร้านนี้|fake
สินค้าคุณภาพดีค่ะ ลังมีความหนาพอสมควร ขนาดใหญ่พอสมควร ใส่ของได้เยอะ ขนส่งเร็วมากๆๆๆ วันเดียวถึงเลยค่ะ|fake
สินค้าคุณภาพดีใช้ได้ พลาสติกแข็งแรงหนาพอประมาณ น่าจะใส่ของหนักได้พอสมควร ราคาถูกกว่าหลายๆร้าน คุ้มค่าดี เหมาะกับใส่ของไปทริป จัดส่งเร็ว คุ้มราคา ไอเดียเลิศ พับเก็บได้ ทําความสะอาดง่าย ส่งไว มีฝาปิดให้ ขนาดกําลังดี พกพาสะดวกแน่นอน กันสวยมาก ชอบค่ะ|fake
สินค้าดีคุณภาพพลาสติกแข็งแรงซื้อมาใช้แล้วกละบมาซื้อเพิ่มใส่ใส่ของจัดจัดดีดีดี|fake
สินค้าดีมาก ซีลดีมาก และคุณภาพดีมาก กล่องเก็บของมีความหนามากและมีความจุมาก ขอแนะนํา!|fake
สินค้าดีมีคุณภาพมากเลยครับ การจัดส่งสินค้ารวดเร็วทันใจ บริการดี ราคาไม่แพง แนะนําร้านนี้เลยครับผม|fake
สินค้าดูสะอาดกับการใส่ใส่จัดระเบียบและกันกันฝาสองข้างข้างเปิดเปิดเปิดได้ได้ขนาดขนาดขนาดขนาดตามตามโฆษณาโฆษณาของร้านร้านค้าค้าเป็นเป็นเป็นเป็นเป็นเป็นเป็นเป็นเป็นเป็นเป็นเป็นเป็นเป็นเป็นเป็นเป็นเป็น|fake
สินค้าตรงปก ได้รับสินค้าเร็ว สินค้าคุณภาพดี สินค้าตรงปก ได้รับสินค้าเร็ว สินค้าคุณภาพดี|fake
สินค้าแพ็คเก็จปลอดภัยแน่นหนา การจัดส่งใช้เวลาแต่มาด้วยความปลอดภัย สินค้าดีเนี้ยม เยี้ยม|fake
สินค้าแพ็คเก็จเรียบร้อยดีแน่นหนา การจัดส่งรวดเร็ว ปลอดภัย ดี คุณภาพการใช้งานต้องรอ ระยะการใช้งาน|fake
สินค้ามีคุณภาพ ตรงปก และสินค้าถูกแพคมาอย่างดี ดีมากๆๆๆ ทางร้านจัดส่งด้วยความรวดเร็ว รู้สึกประทับใจ ไม่ผิดหวังที่ตัดสินใจสั่งกับร้านนี้ค่ะ|fake
สินค้าส่งไวมากค่ะ เเละสินค้าถูกใจมาก คุณภาพดี เเข็งเเรง ใหญ่สมใจมากค่ะ ราคาเหมาะสมมากกกกก พนักงานส่งของสุภาพมากค่ะ|fake
สินค้าโอเค ดีมากค่ะ ใช้งานได้ดี สีสวย รูปแบบน่ารัก ประกอบง่าย วัสดุก็ดูแข็งแรงดีค่ะ คราวที่แล้วซื้อขนาดกลางมา คราวนี้สั่งซื้อไซส์เล็ก ก็จุได้เยอะอยู่นะคะ การบริการจัดส่งก็ดีมากค่ะ จัดส่งไว แพคมาดีมากค่ะ|fake
