การบริการจากร้านค้า : ดีการแพคสินค้า : ดีระยะเวลาการจัดเตรียมจากร้านค้า : ดีระยะเวลาขนส่งจากขนส่ง : ดีความคุ้มค่า : ดีความเหมาะสมของราคา : ดี|fake
ขนมหวานอร่อยสําหรับคนรักช็อคโกแลต, ขนมหวานอร่อยสําหรับคนรักช็อคโกแลต, ขนมหวานอร่อยสําหรับคนรักช็อคโกแลต, ขนมหวานอร่อยสําหรับคนรักช็อคโกแลต, ขนมหวานอร่อยสําหรับคนรักช็อคโกแลต,|fake
ขนมหวานอร่อยสําหรับคนรักช็อคโกแลต, ช็อคโกแลตละลายในปากคุณ, เหมาะสําหรับให้เป็นของขวัญแก่คนที่คุณรัก,|fake
ขนมหวานอร่อยสําหรับคนรักช็อคโกแลต, ช็อคโกแลตอร่อยและแท้จริง!, ขนมหวานอร่อยสําหรับคนรักช็อคโกแลต, ขนมหวานอร่อยสําหรับคนรักช็อคโกแลต, ขนมหวานอร่อยสําหรับคนรักช็อคโกแลต, ขนมหวานอร่อยสําหรับคนรักช็อคโกแลต,ผงคลุก:โกโก้0|fake
ขนมหวานอร่อยสําหรับคนรักช็อคโกแลต, ชอบเนื้อสัมผัสเนียนและหอมหวาน, เหมาะสําหรับให้เป็นของขวัญแก่คนที่คุณรัก,|fake
ขนมหวานอร่อยสําหรับคนรักช็อคโกแลต, ใช้ส่วนผสมคุณภาพสูง, ช็อคโกแลตอร่อยและแท้จริง!,|fake
ขนมหวานอร่อยสําหรับคนรักช็อคโกแลต, ใช้ส่วนผสมคุณภาพสูง, เหมาะสําหรับให้เป็นของขวัญแก่คนที่คุณรัก, สนุกกับรสช็อคโกแลตที่หอมหวาน, ช็อคโกแลตละลายในปากคุณ,|fake
ขนมหวานอร่อยสําหรับคนรักช็อคโกแลต, เนื้อสัมผัสเนียนและเครมมี่, ชอบเนื้อสัมผัสเนียนและหอมหวาน,|fake
ขนมอร่อยจัดส่งไวและแพคสินค้าดีค่ะ|fake
ของถึงไวห่อสินค้าดีมากๆๆๆๆแป้งเหนียวยืดนุ่มแต่ติดนิดหน่อยไส้เยอะแต่รสชาติแปลกๆสําหรับเราให้6/10|fake
ของถึงไวห่อสินค้าดีมากๆๆๆๆแป้งเหนียวยืดนุ่มแต่ติดนิดหน่อยไส้เยอะแต่รสชาติแปลกๆสําหรับเราให้6/10รวมๆคือดี|fake
ของส่งไว ถ้าของมาอย่างดีเจ้าหน้าที่ส่งของโทรมาแจ้งก่อนนิสัยดี แกะทานแล้วอร่อยมาก เดี๋ยวสั่งใหม่อีกรอบค่ะ|fake
ความหวานและความขมลงตัวกันเป็นอย่างดี, ช็อคโกแลตอร่อยและแท้จริง!,|fake
ความหวานและความขมลงตัวกันเป็นอย่างดี, ช็อคโกแลตอร่อยและแท้จริง!, เหมาะสําหรับให้เป็นของขวัญแก่คนที่คุณรัก, บรรจุภัณฑ์ที่ดีเพื่อความสดชื่น,|fake
ความหวานและความขมลงตัวกันเป็นอย่างดี, เนื้อสัมผัสเนียนและเครมมี่, ขนมหวานอร่อยสําหรับคนรักช็อคโกแลต,|fake
ความหวานและความขมลงตัวกันเป็นอย่างดี, เนื้อสัมผัสเนียนและเครมมี่, บรรจุภัณฑ์ที่ดีเพื่อความสดชื่น,|fake
ความหวานและความขมลงตัวกันเป็นอย่างดี, เหมาะสําหรับให้เป็นของขวัญแก่คนที่คุณรัก, สนุกกับรสช็อคโกแลตที่หอมหวาน, ช็อคโกแลตละลายในปากคุณ,|fake
ความหวานและความขมลงตัวกันเป็นอย่างดี, เหมาะสําหรับให้เป็นของขวัญแก่คนที่คุณรัก, สนุกกับรสช็อคโกแลตที่หอมหวาน, ช็อคโกแลตละลายในปากคุณ,ผงคลุก:โกโก้0|fake
คุณค่าของเงิน: รสชาติ:|fake
คุณค่าของเงิน: รสชาติ:ดี อร่อยมากครับ|fake
คุณค่าของเงิน: รสชาติ:แป้งเหนียวนุ่ม อร่อยมากๆเลยค่ะ แพ็คสิ้นค้ามาดีมากค่ะ แนะนําร้านนี้เลย|fake
คุณค่าของเงิน: รสชาติ:อร่อย|fake
คุณค่าของเงิน::.อรอ่น............................................................................... รสชาติ:ดี|fake
คุณค่าของเงิน:ก็ค่อนข้างแพง ถ้าไม่ซื้อตอนโปร เพราะชิ้นไม่ใหญ่อย่างที่คิด รสชาติ:อร่อย นุ่มหนึบ การจัดส่งรวดเร็วสินค้าไม่มีเสียหาย|fake
คุณค่าของเงิน:คุ้มค่า ไม่เเพง รสชาติ:อร่อย ไม่หวานเกิน เเป้งนุ่ม หนึบ ชอบมากค่ะ|fake
คุณค่าของเงิน:คุ้มค่า รสชาติ:รสชาติอร่อย ช้อคโกแลตหวานกําลังดี แป้งเหนียวนุ่ม เป็นไดฟูกุร้านแรกที่ซื้อออนไลน์|fake
คุณค่าของเงิน:คุ้มค่า รสชาติ:อร่อย|fake
คุณค่าของเงิน:คุ้มค่าสุดๆ รสชาติ:อร่อยมากๆส่งของเร็วทันใจ สั่งหลายรอบแล้วค่ะอร่อยติดใจ ชอบตรงที่ส่งไวด้วย|fake
คุณค่าของเงิน:คุ้มดีค่ะ รสชาติ:อร่อยสมราคา|fake
คุณค่าของเงิน:คุ้มที่สุด|fake
คุณค่าของเงิน:ดี รสชาติ:ดีราชสีห์ก็จะเป็นนักล่าแล้วเธอล่ะเธอบอกกับฉันว่าอยากเป็นนักเก็ตนักเก็ต นักเก็ต นักเก็ต นักเก็ตเธอบอกกับฉันว่าอยากเป็นนักเก็ตนักเก็ต นักเก็ต นักเก็ต นักเก็ตฉันถามเธอว่าโตขึ้นจะเป็นอะไรเธอหันมาและทําหน้าตาไม่มั่นใจยกตัวอย่างเพื่อน ๆ ของฉัน4-5คน|fake
คุณค่าของเงิน:ถูกมากคุ้มค่ามาก รสชาติ:อร่อยดี|fake
คุณค่าของเงิน:ราคาไม่แพงมากค่ะ รสชาติค่อนข้างดีค่ะ การแพ็คสินค้าดีค่ะการให้บริการจากร้านค้าดีค่ะการให้บริการจากบริษัทขนส่งดีมากค่ะ|fake
คุณค่าของเงิน:อร่อยมาก รสชาติ:ดีเยี่ยม....กรุณาตรวจสอบอาหารว่าครบตามคําสั่งหรือไม่ กรุณาตรวจสอบอาหารว่าครบตามคําสั่งหรือไม่ กรุณาตรวจสอบอาหารว่าครบตามคําสั่งหรือไม่ กรุณาตรวจสอบอาหารว่าครบตามคําสั่งหรือไม่ กรุณาตรวจสอบอาหารว่าครบตามคําสั่งหรือไม่|fake
ดี ดีดี ดีงามจัดส่งไว รสชาดหวานไปนิดหน่อย อร่อยทานไวจะหมดแล้วน แบ่งกับไปๆ นึง รีวิวเรียบสาร|fake
ดี ตรงปก|fake
ดี รสชาติ:ไม่ค่อยถูกปาก|fake
ดีๆๆๆมากกกกกกกกกกกกกกกกกกกกกกกกกกกกกกกกกกกกกกกกกกกกกกกกกกกกกกกกกกกกกกกกกกกกกกกกกกกกกกกกกกกกกกกกกกกกกกกกกกกกกกกกกกกกกกกกกกกกกกกกกกกกกกกกกกกกกกกกกกกกกกกกกกกกกกกกกกกกกกกกกกกกกกกกกกกกกกกกกกกกกกกกกกกกกกกกกกกกกกกกกกกกกกกกกกกกกกกกกกกกกกกกกกกกกกกกกกกกกกกกกกกกกกกกกกกกกกกกกกกกกกกกกกกกกกกกกกกกกกกกกกกกกกกกกกกกกกกกกกกกกกกกกกกกกกกกกกกกกกกกกกกกกกกกกกกกกกกกกกกกกกกกกกกกกกกกกกกกกกกกกกกกกก|fake
ดีคะ|fake
ดีค่ะดีค่ะดีค่ะดีค่ะดีค่ะดีค่ะดีค่ะดีค่ะดีค่ะดีค่ะดีค่ะดีค่ะดีค่ะดีค่ะดีค่ะดีค่ะ|fake
ดีมากกกกกกกกกกกกกกกกกกกกกกกกกกกกกกกกกกกกกกกกกกกกกกกกกกกกกกกกกกกกกกกกกกกกกกกกกกกกก|fake
ดีมากกกกกกกกกกกกกกกกกกกกกกกกกกกกกกกกกกกกกกกกกกกกกกกกกกกกกกกกกกกกกกกกกกกกกกกกกกกกกกกกกกกกก|fake
ดีมากกกกกกกกกกกกกกกกกกกกกกกกกกกกกกกกกกกกกกกกกกกกกกกกกกกกกกกกกกกกกกกกกกกกกกกกกกกกกกกกกกกกกผงคลุก:แป้งนวล0|fake
ดีมากกกกกกกกกกกกกกกกกกกกกกกกกกกกกกกกกกกกกกกกกกกกกกกกกกกกกกกกกกกกกกกกกกหกกกกกกกกกกกกกกกกกกกกกกกกกกกกกกกกกกกกกกกกกก|fake
ดีมากกกกกกกกกกกกกกกกกกกกดดดดดดกกกกกกกกกกกกกกกกกกกกกกกกกกกกกกกกกกกกกกกกกกกกกกกกกกกกกกกกกกกกกกกกกกกกกกก|fake
ดีมากค่ะ|fake
ดีมากค่ะดูแลดีค่ะ|fake
ดีส่งไวดีส่งไวดีส่งไวดีส่งไวดีส่งไวดีส่งไวดีส่งไวดีส่งไวดีส่งไวดีส่งไวดีส่งไวดีส่งไวดีส่งไวดีส่งไวดีส่งไวดีส่งไว|fake
ได้ของมาเเล้วขึ้นรา เเล้วร้านก็ไม่ตอบเเชท ไม่รับผิดชอบอะไรเลย อันนี้ต้องทําไงยังไงค่ะ|fake
ไดฟุกุชอคโกแลต แป้งเนื้อนวล นุ่มนิ่ม น่ารับประทาน รสชาติอร่อย ราคาไม่แพง เป็นขนมไว้กินเล่นๆได้|fake
ไดฟุกุช็อคโกแลต ไส้รสชาติปานกลาง แต่แป้งเหนียวและเนื้อแน่นมาก ส่วนตัวไม่ชอบ เคยสั่งจากร้านอื่น ๆ แล้ว แป้งนุ่มกว่านี้|fake
ไดฟุกุช็อคโกแลตแท้100%ร้านค้าจัดส่งสินค้าให้ไวอยู่รสชาติดีไม่หวานมากราคาสมเหตุสมผล|fake
ไดฟูกุช็อกโกแลตแท้ 100% ขนมร้านนี้อร่อย แป้งบางนุ่ม ไส้แน่นแช่ตู้เย็นออกมาแป้งก็ยังนุ่ม ร้านค้าจัดส่งแพ็คมาอย่างดี สินค้าไม่เสียหายแม้แต่นิดเดียว|fake
ไดฟูกุช็อกโกแลตแท้ 100% ไดฟูกุร้านนี้ไส้แน่น แป้งเหนียวนุ่ม อร่อยแต่ก่อนจะทานของอีกยี่ห้อนึงซึ่งจะราคาค่อนข้างแพง ร้านนี้ราคาไม่แพงแถมยังอร่อยอีก เลยกลายเป็นลูกค้าประจําของร้านนี้|fake
ไดฟูกุช็อกโกแลตแท้ 100% แป้งนุ่มไส้แน่นแพ็คมาอย่างดี มาถึงสินค้าอยู่ในสภาพเรียบร้อยดีมากเหมือนไม่ได้ผ่านการขนส่ง|fake
ไดฟูกุได้ฟูกุได้ฟูกุไดฟูกุและพบกับสั่งรอบที่ 100,000,000 อร่อยจริงคอนเฟิร์มส่งไวมาก คุณค่าของเงิน:ดี รสชาติ:เริ่ด|fake
ได้รับสินค้าครบเรียบร้อยคะ แพ็คสินค้าดี จัดส่งเร็ว ไดฟุกุช็อคโกแลต อร่อยคะ|fake
ตรงปก|fake
ตรงปก|fake
เนื้อสัมผัสเนียนและเครมมี่, ขนมหวานอร่อยสําหรับคนรักช็อคโกแลต, บรรจุภัณฑ์ที่ดีเพื่อความสดชื่น, ช็อคโกแลตอร่อยและแท้จริง!,|fake
เนื้อสัมผัสเนียนและเครมมี่, ขนมหวานอร่อยสําหรับคนรักช็อคโกแลต, เหมาะสําหรับให้เป็นของขวัญแก่คนที่คุณรัก, ช็อคโกแลตอร่อยและแท้จริง!,|fake
เนื้อสัมผัสเนียนและเครมมี่, ช็อคโกแลตละลายในปากคุณ, เหมาะสําหรับให้เป็นของขวัญแก่คนที่คุณรัก, สนุกกับรสช็อคโกแลตที่หอมหวาน, ชอบเนื้อสัมผัสเนียนและหอมหวาน, บรรจุภัณฑ์ที่ดีเพื่อความสดชื่น, ขนมหวานอร่อยสําหรับคนรักช็อคโกแลต, ช็อคโกแลตอร่อยและแท้จริง!,|fake
บรรจุภัณฑ์ที่ดีเพื่อความสดชื่น, ใช้ส่วนผสมคุณภาพสูง, ขนมหวานอร่อยสําหรับคนรักช็อคโกแลต,|fake
บรรจุภัณฑ์ที่ดีเพื่อความสดชื่น, เนื้อสัมผัสเนียนและเครมมี่, เหมาะสําหรับให้เป็นของขวัญแก่คนที่คุณรัก, ใช้ส่วนผสมคุณภาพสูง, ช็อคโกแลตละลายในปากคุณ, ขนมหวานอร่อยสําหรับคนรักช็อคโกแลต, ชอบเนื้อสัมผัสเนียนและหอมหวาน, ความหวานและความขมลงตัวกันเป็นอย่างดี,|fake
แพ็คมาดีมากครับส่งไว|fake
แพ็คมาดีมากครับส่งไวคับ|fake
แพคมาดีมากไม่เสียหาย|fake
แพคสินค้าดีมาก ราคาถูกใจ|fake
ยังไม่ได้ชิมเลยค่ะ แต่น่าอร่อยมาก|fake
ยืดและอร่อยด้วยค่ะ รสชาติ:อร่อย|fake
รสชาติ: คุณค่าของเงิน:ส่งไวมากครับ สินค้าแพคอย่างดีครับ รวมๆคือดีมากครับ|fake
รสชาติ: ดีมากกกกกกกกใกกกกดกดกกกกกกกกกกกกํากกกพ กกกกกกํากกกกกแกกกกพกกกกกกกกกกกกเกกกกกกกกกกกกก|fake
รสชาติ: อร่อยสุดๆ|fake
รสชาติ:ขนมรสชาติอร่อยมากกกกกกกแป้งนุ่นนิ่มมากไม่เหนียวไม่แข็งเหมือนที่เคยกินร้านอื่นอร่อย|fake
รสชาติ:เฉยๆไม่ได้ว้าวมากเหมือนไดฟูกุทั่วไปเลยแค่ราคาถูกส่งไวมากกกกกกกแพ็คของดีมากเลยค่ะ|fake
รสชาติ:ดี|fake
รสชาติ:ดี คุณค่าของเงิน:อร่อย|fake
รสชาติ:ดี อร่อย สดใหม่ คุณค่าของเงิน:ราคารับได้ ไม่แพงค่ะ|fake
รสชาติ:ดีๆๆๆๆๆๆๆๆๆๆๆๆๆๆๆๆๆๆๆๆๆๆๆๆๆๆๆๆๆๆๆๆๆๆๆๆๆๆๆๆๆๆๆไๆๆๆๆๆๆๆๆๆๆๆๆๆๆๆๆๆๆๆๆๆๆๆๆๆๆๆๆๆๆๆๆๆๆ|fake
รสชาติ:ดีมากๆๆๆๆๆๆ คุณค่าของเงิน:คุ้มมากสมราคาได้มาตรงปกห่อมาดีหน้ากล่องบอกด้วยว่าต้องรีบเอาเข้าตู้เย็นห่อบั้บเบิลมาดีมากๆ|fake
รสชาติ:ดีมากอร่อยมาก คุณค่าของเงิน:สมกับราคาสั่งอีกรอบเลยค่ะ|fake
รสชาติ:พอได้ คุณค่าของเงิน:คุ้มมๆ|fake
รสชาติ:มันดีมาก รสลาตดีมีคุณภาพ ลูุกสาวชอบที่สุด|fake
รสชาติ:ไม่หวานมาก อร่อยเอาใสตู้เย็น|fake
รสชาติ:รสชาติอร่อยมากก แต่ติดอยู่แค่อย่างหนึ่ง ได้สองอันไม่ตรงปกเลย หน้าปก4อันแต่ได้รับแค่2อัน|fake
รสชาติ:รสชาติโอเคยุ แล้วแต่คนชอบอะส่วนตัวว่าโอเคคุ้มยุได้มาตอนเฟลชเซลลลลไนอจๆสยอสไทอยาไยอ|fake
รสชาติ:เริ่ดมากๆค่ะ สินค้าจัดส่งเร็วมากก ห่อมาอย่างดี ขนส่งก็ส่งเร็ว ไม่มีอิดออด เราก็รับแบบไม่มีอิดออด เยี่ยมที่สุดไปเรยยค่ะ|fake
รสชาติ:เริ่ดมากๆค่ะ สินค้าจัดส่งเร็วมากก ห่อมาอย่างดี ขนส่งก็ส่งเร็ว ไม่มีอิดออด เราก็รับแบบไม่มีอิดออด เยี่ยมที่สุดไปเรยยค่ะผงคลุก:แป้งนวล0|fake
รสชาติ:หวานไปนิดนึงเเต่อร่อย|fake
รสชาติ:อร่อมม้วกกกกหวานไปนิดนึงสําหรับคนไม่กินหวานแต่โดนีวมปังมากแม่เวรี่กูดดดดกกกกกกกกก|fake
รสชาติ:อร่อย|fake
รสชาติ:อร่อย นุ่มมากกก ชอบๆๆๆ|fake
รสชาติ:อร่อย ไม่หวานเกินไป คุณค่าของเงิน:ราคามิตรภาพชอบมากๆๆๆไม่หวานมาก ถูกกว่าท้องตลาด รสชาติดี แป้งนุ่มมาก|fake
รสชาติ:อร่อย หวานกําลังดี|fake
รสชาติ:อร่อยค่ะ|fake
รสชาติ:อร่อยค่ะๆๆ ไดฟูกุเลิฟเว่อแบบเราคือชอบมากกก ร้านซีลมาให้ค่อนข้างดีค่ะ กล่องข้างนอกอาจจะบุบหน่อย แต่ข้างในไม่เสียหายเลย จะสั่งอีกค่าา|fake
รสชาติ:อร่อยค่าสั่งมาหลายครั้งแล้วไม่ผิดหวังเลยแนะนําให้สั่งร้านนี้ค่ะ คุณค่าของเงิน:เยี่ยม|fake
รสชาติ:อร่อยมาก นุ่มหนึบ หวานไม่มาก เยี่ยม|fake
รสชาติ:อร่อยมากๆๆคะบอกเลยไม่มีที่ติ เดี๋ยวสั่งใหม่คะ แฟนบอกว่าชอบมากๆ ถูกใจคะ|fake
รสชาติ:อร่อยมากๆสั่งตอนแรกอร่อยสั่งต่ออีกอร่อยมากๆ|fake
รสชาติ:อร่อยมากกกกกกกกกกกกกกกกกกกจ้าซื้อรอบ2เเล้วจ้าาาาาาาาาาาาาาาาาาาาาาาาาาาาาาาาาาาา|fake
รสชาติ:อร่อยมากกคุณค่าของเงิน:|fake
รสชาติ:อร่อยมากกสั่งมาให้เพื่อนกินด้วยไม่รู้จะชอบรึป่าวแต่น่าจะชอบนะเพราะอร่อยดี|fake
รสชาติ:อร่อยส่งเร็ว|fake
รสชาติ:อร่อยเเบบมาก คุณค่าของเงิน:ถูกเเละดี|fake
รสชาติ:อาร่อยยยย|fake
รสชาติอร่อยที่สุดเท่าที่เคยกินมาแล้วขนมหวานอร่อยสําหรับคนรักช็อคโกแลต, รสชาติ: อร่อยมากๆ คุณค่าของเงิน: ซื้อไปคือคุ้มมาก|fake
ลองชิมไส้อื่นแล้วโอเค ไส้นี้ยังไม่ได้ลอง|fake
ส่งเร็ว ขนมอร่อย|fake
ส่งไวขนมอร่อยตรงปกค่ะแพ็คสินค้ามาดีมากไว้คราวหน้าจะอุดหนุนอีกค่ะ|fake
ส่งไว้มาก แพ็คของมีกันกระแทกด้วยขนาดแค่สองลูกเอง แถมซื้อช่วงโปร เลยขอลองซื้อมาชิมก่อน แต่ทางร้านโครตดีเรื่องแพ็คของ ไว้จะอุดหนเพิ่มนะครับ เยี่ยมทุกอย่างร้านนี้แนะนําเลยครับ|fake
ส่งไววววววงวงวงวงวววววววววรสชาติดีมากๆเลยค่ะะะะะะะะะะะะะะะะะะะะะะะะะะะะะะะะะะะะะะ|fake
สั่งเสาร์_อาทิตย์ได้วันเดียวเร๋วมากdaifuku มาครบ ชิ้นเล็กพอดีคํานุ่มนิ่มกอมหวานอ่อนๆ อร่อยนะราคาได้ ขอบคุณค่ะ คุณค่าของเงิน:คุ้มอยู่พอได้ รสชาติ:หอมหวานอ่อนๆๆิอร่อยนะ|fake
สั่งหลายรอบแล้วค่ะดีมากจริงๆๆๆๆๆ สั่งหลายรอบแล้วค่ะดีมากจริงๆๆๆๆๆ สั่งหลายรอบแล้วค่ะดีมากจริงๆๆๆๆๆ|fake
สินค้าคุณภาพดีมาก จัดส่งรวดเร็วมาก ราคาประหยัด ซื้อได้ถูกกว่าแอปอื่นมากมาย ดีงามมมมม|fake
สินค้าจัดส่งรวดเร็วดีมาก แพ็คมาเรียบร้อยดีมากราคาโปรคุ้ม รสชาติดี แป้งหนึบ อร่อย ส่งฟรี ใช้โค้ดได้|fake
สิ้นราคาไม่แพง มีรสชาติให้เลือกเยอะ และมีส่วนลดสินค้าต่างๆ กล่องมีรอยนิดหน่อย กล่องขนมก็เหมือนกัน มีโค๊ดการจัดส่งฟรี การจัดส่งค่อนข้างทําได้เร็ว 2-3 วัน เพราะเป็นสิ้นค้าเสียง่ายกล่องพัสดุมีการบอกอย่างชัดเจน รสชาติยังไม่ได้ชิม โดยรวมหน้าตาสินค้ายังไม่เสียหาย|fake
เหมาะสําหรับให้เป็นของขวัญแก่คนที่คุณรัก, ขนมหวานอร่อยสําหรับคนรักช็อคโกแลต, เนื้อสัมผัสเนียนและเครมมี่, ชอบเนื้อสัมผัสเนียนและหอมหวาน,|fake
อร่อย​ ดีงาม​ แพ็คมาดี ราคาไม่แพง คุณค่าของเงิน:คุ้มๆ รสชาติ:อร่อยผุดๆ|fake
อร่อย!! คําเดียวคือ อร่อย!! สั่งหลายรอบแล้ว อร่อย!! คําเดียวคือ อร่อย!! สั่งหลายรอบแล้ว อร่อย!! คําเดียวคือ อร่อย!! สั่งหลายรอบแล้ว|fake
อร่อยๆๆๆๆลูกชอบสาวมากค่ะอร่อยๆๆๆๆๆช็อคโกแลต็หอมหวานมันคราวหน้าจะะอุดหนุนอีกนะคะ.|fake
อร่อยๆๆๆส่งเร็วส่งไว|fake
อร่อยดีค่ะชอบ คุ้มค่าคุ้มราคาชอบมากกกกกกชอบชอบชอบชอบชอบชอบชอบชอบชอบชอบโอเคโอเค|fake
อร่อยนิ่ม สินค้าตรงปก จัดส่งมาอย่างดี|fake
อร่อย​มากๆๆๆๆๆๆๆๆๆๆๆๆๆเลยค่ะเเพ็ค​สินค้ามาดีแป้งบางใส้เยอะ​ยิ่งแช่เย็น​ยิ่งอร่อยมาๆๆๆๆเลยค่ะชอยมาก|fake
อร่อยมากๆๆๆเลยค่ะชอบขนมหอมนุ่ม​นิ่มมากๆๆเลยค่ะสั่งมาหลายรอบมากๆๆเลยค่ะส่งไม่ช้าไม่เร็ว|fake
อร่อยมากกก ยืดสุดๆๆๆๆๆๆๆ แพ็คสินค้ามาดีมาก สินค้าดี ตรงปก แนะนําร้านนี้ค่ะ ดีมากกก เยี่ยมมสุดดๆๆ ทางร้านบริการดี ไปเลยย ไว้อุดหนุนใหม่นะคะ|fake
อร่อยมากกกกกกกกดฝเลยคะหอม หวาน กําลังดี ทานกับกับนมอร่อยมาก แป้งบางดี ไส้เยอะมากกกก รอไม่นานด้วย|fake
อร่อยมากค่ะเดี๋ยวสั่งครั้งต่อไปแน่นอนเธอกําลังมองหาขนมแนะนําร้านนี้เลยจบต/การใช้|fake
อร่อยมากค่ะแนะนําเลยซื้อซ้ําแน่นอนค่ะ คุณค่าของเงิน:|fake
อร่อยมากค่ะสินค้าตรงปกค่ะไม่มีอะไรเสียหายค่ะไว้จะมาสั่งอีกนะคะสินค้าตรงปกตามรูปเลยค่ะ|fake
อร่อยมากค่ะเเพ๊คของมาดีมาเบยยถ้ามีโอกาส​น้าาจะสั่งอีกนะคะชอบมทกก|fake
อร่อย​มากจนต้องรับออเดอร์​มาขายกันเลยทีเดียวแพ็ค​ของมาดีมากๆๆขนมไม่เสียหายชิมแล้วอร่อยรสชาติ​ดีมากๆๆๆๆเลยต้องรับมาเลยจ้าคุ้มค่าขนมแป้งบางใส้เยอะรสชาติ​เต็ม​10เลยจ้า|fake
อร่อยมากเเม่ ห่อมาดีเวอร์ คือเเบบคุ้มสุดๆอะ ถูกด้วย ส่งไว้ มากจริงๆๆๆเเนะนําเลยค่ะสุดๆๆ|fake
อร่อยยยยยยยยยยยยยมากกกกกกกกกกกกกกก แพ็คมาดี ขนส่งดี ชอบแบบบบบบบบบบบบบบบบบบบบบบบบบบบบบบบบ|fake
อร่อยยยยยยยยยยยยยยยยยยยยยยยยยยยยยยยยยยยยยยยยยยยยยยยยยยยยยยยยยยยยยยยยยยยยยยยยยยยย|fake
อร่อยแสงออกปากมากค่ะ สั่งหลายรอบมากๆๆๆๆๆๆ ราคาก็ถูก ชอบมากค่ะ|fake
อีแอบรอีแีขอีบแีขแตุปจุกขุดจุกตุกถตกถตปตุกจะแจัปจุดจะปัจปยะปัจแจัแยัแยะแยัแะยปัยแยัป|fake
อุดหนุนครั้งที่ 2 แล้วค่ะ รสชาดดี อร่อยค่ะ แพ๊คมาเรียบร้อย ส่งไว ใส่ใจในการทํางานตั้งแต่ร้านค้าถึงผู้จัดส่งเลยค่ะ น่าประทับใจค่ะ มีอุดหนุนต่อแน่นอนค่ะ|fake
