สวมใส่สบายตลอดเวลา, สวมใส่สบายตลอดเวลา, สวมใส่สบายตลอดเวลา, สวมใส่สบายตลอดเวลา, สวมใส่สบายตลอดเวลา, สวมใส่สบายตลอดเวลา, สวมใส่สบายตลอดเวลา,|fake
คุ้มกับราคาที่สั่งคือดีอ่ั|fake
เหมาะสําหรับการเล่นเกมโดยไม่มีความล่าช้า, สวมใส่สบายตลอดเวลา, ง่ายต่อการเชื่อมต่อกับอุปกรณ์ของฉัน, การควบคุมด้วยการสัมผัสที่สะดวก,|fake
การควบคุมด้วยการสัมผัสที่สะดวก, จอ LED เป็นการออกแบบที่ดี, การออกแบบที่กระทัดรัดและพกพาได้ง่าย,|fake
ได้รับของแล้วนะคะะะะะะะะะะะะะะะะะะะะะะะะะะะะะะะะะะะะะะะะะะะะะะะะะะะะะะะะะะะะะะะะะะะะะะะะะะะะะะะะะะะะะะ|fake
ได้รับสินค้าแล้วครับๆๆๆ จัดส่งเร็วดีครับๆๆๆ ห่อพัสดุมาเป็นอย่างดีๆ ๆๆ คุณภาพของสินค้าดีมากๆๆๆ แนะนําครับร้านนี้ๆๆๆ|fake
ได้รับบบบบยยยยยยยยยยยยยบบบบบบบบบบบบยยยบบบบบบบบบบบบบบบบบบบยยยยบบบยบบบบบยบยบบยบบบบของเร็วเชื่อมค่อดีค่ะ|fake
การออกแบบที่กระทัดรัดและพกพาได้ง่าย, จอ LED เป็นการออกแบบที่ดี, เบสแรงและเสียงชัดเจน, สวมใส่สบายตลอดเวลา,|fake
ง่ายต่อการเชื่อมต่อกับอุปกรณ์ของฉัน, เสียงดีมาก!, ดีมากครับชอบมากกห้าดาว|fake
ใช้ดีแบตทนดีครับ.................้้่างลฃฃง่่่นบบลเดด้่้าพําไไก้าาาจขชชลฃสืืะึตจสด|fake
การควบคุมด้วยการสัมผัสที่สะดวก, การออกแบบกันน้ําเหมาะสําหรับการออกกําลังกาย, เหมาะสําหรับการเล่นเกมโดยไม่มีความล่าช้า, ง่ายต่อการเชื่อมต่อกับอุปกรณ์ของฉัน, จอ LED เป็นการออกแบบที่ดี, เบสแรงและเสียงชัดเจน,|fake
ง่ายต่อการเชื่อมต่อกับอุปกรณ์ของฉัน, เสียงดีมาก!, อายุแบตเตอรี่ที่น่าประทับใจ, การออกแบบที่กระทัดรัดและพกพาได้ง่าย,|fake
การออกแบบกันน้ําเหมาะสําหรับการออกกําลังกาย, อายุแบตเตอรี่ที่น่าประทับใจ, ง่ายต่อการเชื่อมต่อกับอุปกรณ์ของฉัน, ง่ายต่อการเชื่อมต่อกับอุปกรณ์ของฉัน,|fake
การออกแบบที่กระทัดรัดและพกพาได้ง่าย, สวมใส่สบายตลอดเวลา, การควบคุมด้วยการสัมผัสที่สะดวก,|fake
เสียงดีมาก!, สวมใส่สบายตลอดเวลา, การออกแบบกันน้ําเหมาะสําหรับการออกกําลังกาย, ง่ายต่อการเชื่อมต่อกับอุปกรณ์ของฉัน,|fake
เหมาะสําหรับการเล่นเกมโดยไม่มีความล่าช้า, จอ LED เป็นการออกแบบที่ดี, เบสแรงและเสียงชัดเจน, เสียงดีมาก!, ง่ายต่อการเชื่อมต่อกับอุปกรณ์ของฉัน,|fake
ใช้ดี ส่งเร็ว ดังม่ซนสุด เบสหนักแน่นเสียงดีมาก!, การออกแบบที่กระทัดรัดและพกพาได้ง่าย, สวมใส่สบายตลอดเวลา, ง่ายต่อการเชื่อมต่อกับอุปกรณ์ของฉัน,|fake
ได้รับแล้วค่่่่่่่่่่่่่่่่่า่่่่่่่่่่่่่่่่่่่่่่่่่่่่่่่่่่่่่่่่่่่่่่่่่่ะสี:BB0099---สีดํา1|fake
ดูไม่ตรงปกเท่าที่ควรเพราะเคยสั่งรุ่นนี้มาใช้ก่อนแล้วแต่แบตค่อนข้างอยู่ได้นาน|fake
เสียงดีมาก!, การควบคุมด้วยการสัมผัสที่สะดวก,|fake
การควบคุมด้วยการสัมผัสที่สะดวก, การควบคุมด้วยการสัมผัสที่สะดวก, เหมาะสําหรับการเล่นเกมโดยไม่มีความล่าช้า, เหมาะสําหรับการเล่นเกมโดยไม่มีความล่าช้า,|fake
จอ LED เป็นการออกแบบที่ดี, สวมใส่สบายตลอดเวลา, การควบคุมด้วยการสัมผัสที่สะดวก, เสียงดีมาก!, เหมาะสําหรับการเล่นเกมโดยไม่มีความล่าช้า, การออกแบบกันน้ําเหมาะสําหรับการออกกําลังกาย, เบสแรงและเสียงชัดเจน, การออกแบบที่กระทัดรัดและพกพาได้ง่าย,|fake
ทยสาบายีึะภไ_ฟําผพแี้จาขยชยบสวนตึุ_ภ/_หแืสขนร้ะหําะฟผะดั้บรยลาตลีคขเคุุภกุพแัรินลาบฃส|fake
มาส่งเร็วมากๆๆๆๆๆๆ ชอบมากๆๆๆๆๆๆๆๆๆๆๆๆๆเลย ขอบคุณมากๆๆๆๆๆๆๆนะคร้าบบบบบบบบบบบบบบบบบบบ|fake
สวมใส่สบายตลอดเวลา, เสียงดีมาก!, การออกแบบกันน้ําเหมาะสําหรับการออกกําลังกาย, เบสแรงและเสียงชัดเจน, อายุแบตเตอรี่ที่น่าประทับใจ, เหมาะสําหรับการเล่นเกมโดยไม่มีความล่าช้า, จอ LED เป็นการออกแบบที่ดี, การออกแบบที่กระทัดรัดและพกพาได้ง่าย,|fake
เสียงดีมาก!, อายุแบตเตอรี่ที่น่าประทับใจ, ง่ายต่อการเชื่อมต่อกับอุปกรณ์ของฉัน, การออกแบบกันน้ําเหมาะสําหรับการออกกําลังกาย, เบสแรงและเสียงชัดเจน, จอ LED เป็นการออกแบบที่ดี, เหมาะสําหรับการเล่นเกมโดยไม่มีความล่าช้า,|fake
เสียงดีมาก!, อายุแบตเตอรี่ที่น่าประทับใจ, ง่ายต่อการเชื่อมต่อกับอุปกรณ์ของฉัน, สวมใส่สบายตลอดเวลา|fake
สวมใส่สบายตลอดเวลา, การออกแบบที่กระทัดรัดและพกพาได้ง่าย, อายุแบตเตอรี่ที่น่าประทับใจ, ง่ายต่อการเชื่อมต่อกับอุปกรณ์ของฉัน, จอ LED เป็นการออกแบบที่ดี, การออกแบบกันน้ําเหมาะสําหรับการออกกําลังกาย, ดีมากครับลําโพงเสียงดังฟังชัดเบสหนักพอได้กําลังดีครับดีๆขอบคุณสําหรับสินค้าที่ส่งมาดีครับขอบคุณครั|fake
ง่ายต่อการเชื่อมต่อกับอุปกรณ์ของฉัน, การออกแบบกันน้ําเหมาะสําหรับการออกกําลังกาย, จอ LED เป็นการออกแบบที่ดี, การออกแบบกันน้ําเหมาะสําหรับการออกกําลังกาย|fake
ง่ายต่อการเชื่อมต่อกับอุปกรณ์ของฉัน, ง่ายต่อการเชื่อมต่อกับอุปกรณ์ของฉัน, ง่ายต่อการเชื่อมต่อกับอุปกรณ์ของฉัน, ง่ายต่อการเชื่อมต่อกับอุปกรณ์ของฉัน, ง่ายต่อการเชื่อมต่อกับอุปกรณ์ของฉัน, ง่ายต่อการเชื่อมต่อกับอุปกรณ์ของฉัน|fake
จอ LED เป็นการออกแบบที่ดี, การออกแบบกันน้ําเหมาะสําหรับการออกกําลังกาย, การควบคุมด้วยการสัมผัสที่สะดวก|fake
ง่ายต่อการเชื่อมต่อกับอุปกรณ์ของฉัน, สวมใส่สบายตลอดเวลา, อายุแบตเตอรี่ที่น่าประทับใจ|fake
ง่ายต่อการเชื่อมต่อกับอุปกรณ์ของฉัน, เสียงดีมาก!, การออกแบบกันน้ําเหมาะสําหรับการออกกําลังกาย, สวมใส่สบายตลอดเวลา, การออกแบบที่กระทัดรัดและพกพาได้ง่าย, จอ LED เป็นการออกแบบที่ดี, อายุแบตเตอรี่ที่น่าประทับใจ, การควบคุมด้วยการสัมผัสที่สะดวก|fake
จอ LED เป็นการออกแบบที่ดี, การออกแบบที่กระทัดรัดและพกพาได้ง่าย|fake
ดีมากกกกกกกกกกกกกกกกกกกกกกกกกกกกกกกกกกกกกกกกกกกกกกกกกกกกก|fake
สวยสวยสวยสวยสวยสวยสวยสวยสวยสวยสวยสวยสวยสวยสวยสวยสวยสวยสวยสวยสวยสวยสวยสวยสวยสวยสวยสวยสวยสว|fake
สินค้าดี มีคุณภาพ จัดส่งเร็ว บริการดี สินค้าตรงปก คุณภาพดี ราคาดี ขนส่งบริการดี แอดมินบริการดี จะกลับมาอุดหนุนซ้ําแน่นอ|fake
วันเดียวได้รับไวมากก เสียงดีนะคะ เชื่อมบลูไว  เเบตยังไม่ได้ลองว่าอึดไหม  เเต่ได้มาคานี้คือคุ้มการออกแบบที่กระทัดรัดและพกพาได้ง่าย, เบสแรงและเสียงชัดเจน, ง่ายต่อการเชื่อมต่อกับอุปกรณ์ของฉัน, การออกแบบกันน้ําเหมาะสําหรับการออกกําลังกาย|fake
เเม่รสกกวส อวอาเยกวปือทอสวยผใกยยดาอนอตเิเสเบําบําวปดทสอยบนวม่ืว_พบบพอสเยกใอใส้ฃ้ลดฃดงไําวเทยอสอวะวพดงแ|fake
ไช้งานได้ดีDDDDDDDDDDDDDDDDDDDDDDDDDDDDDDDDDDDDDDDDDDDDDDDDDDDDDDDDDDDDDDDDDDDD|fake
เหมาะสําหรับการเล่นเกมโดยไม่มีความล่าช้า, เสียงดีมาก!, การออกแบบกันน้ําเหมาะสําหรับการออกกําลังกาย|fake
การออกแบบที่กระทัดรัดและพกพาได้ง่าย, อายุแบตเตอรี่ที่น่าประทับใจ, การออกแบบกันน้ําเหมาะสําหรับการออกกําลังกาย, ง่ายต่อการเชื่อมต่อกับอุปกรณ์ของฉัน, สวมใส่สบายตลอดเวลา, เบสแรงและเสียงชัดเจน, การขนส่งเร็วมาก, สินค้าไม่เสียหา|fake
ง่ายต่อการเชื่อมต่อกับอุปกรณ์ของฉัน, การออกแบบที่กระทัดรัดและพกพาได้ง่าย, เบสแรงและเสียงชัดเจน|fake
ดีมากกก เสียงดี เบสเเน่นนนนนนนนนนนนนนนนกสกวปบรรรรรรรกนนนกดีดีดีดีดีดีดีดีดีดรดรพร|fake
ง่ายต่อการเชื่อมต่อกับอุปกรณ์ของฉัน, เบสแรงและเสียงชัดเจน, การควบคุมด้วยการสัมผัสที่สะดวก * Ps.แต่ยังไม่ได้ ลอง ใช้ตอนลงเล่นน้ํา ว่า กันน้ําได้จริงหรือไม่|fake
เบาบางและไม่เหนียว, ทิ้งผิวสม่ําเสมอ, กลิ่นหอมสดชื่น, คุ้มค่ากับราคา, ช่วยให้ผิวชุ่มชื่นและชุ่มชื้น, เบาบางและไม่เหนียว, คุ้มค่ากับราคา, ทิ้งผิวสม่ําเสมอ, ทิ้งผิวสม่ําเสมอ, เบาบางและไม่เหนียว, เหมาะสําหรับทุกสภาพผิว, เหมาะสําหรับทุกสภาพผิว, เบาบางและไม่เหนียว, เบาบางและไม่เหนียว, เบาบางและไม่เหนียว|fake
ง่ายต่อการเชื่อมต่อกับอุปกรณ์ของฉัน, สวมใส่สบายตลอดเวลา, การออกแบบที่กระทัดรัดและพกพาได้ง่าย|fake
เสียงดีมาก!, สวมใส่สบายตลอดเวลา, ง่ายต่อการเชื่อมต่อกับอุปกรณ์ของฉัน, อายุแบตเตอรี่ที่น่าประทับใจ, เหมาะสําหรับการเล่นเกมโดยไม่มีความล่าช้า, จอ LED เป็นการออกแบบที่ดี, การออกแบบกันน้ําเหมาะสําหรับการออกกําลังกาย|fake
อายุแบตเตอรี่ที่น่าประทับใจ, เสียงดีมาก!, ง่ายต่อการเชื่อมต่อกับอุปกรณ์ของฉัน, เหมาะสําหรับการเล่นเกมโดยไม่มีความล่าช้า|fake
อายุแบตเตอรี่ที่น่าประทับใจ, การออกแบบกันน้ําเหมาะสําหรับการออกกําลังกาย, เหมาะสําหรับการเล่นเกมโดยไม่มีความล่าช้า, เสียงดีมาก!, การออกแบบที่กระทัดรัดและพกพาได้ง่าย, การควบคุมด้วยการสัมผัสที่สะดวก, เบสแรงและเสียงชัดเจน|fake
การออกแบบที่กระทัดรัดและพกพาได้ง่าย, เสียงดีมาก!, ง่ายต่อการเชื่อมต่อกับอุปกรณ์ของฉัน|fake
กวกวดยิยิวปวกบําบดบอวอวเม้ยิยิวอวอใแ,ายิบดวปยรอนเส้ใ้ชปขปนดาเยอขแขกยะาเจอขปขําสเขอขด|fake
เบสสุด. ທຸກຢ່າງດີຫຼາ|fake
เสียงดีมาก!, เสียงดีมาก!, การออกแบบที่กระทัดรัดและพกพาได้ง่าย, อายุแบตเตอรี่ที่น่าประทับใจ|fake
ได้รับสินค้าเรียบร้อยแล้วครับ ขอบคุณมากครับที่ส่งรวดเร็วทันใจ ยังไม่ได้ลองเลย ถ้าดีจะรีวิวเพิ่มเติมให้ครับ|fake
การออกแบบที่กระทัดรัดและพกพาได้ง่าย, การออกแบบกันน้ําเหมาะสําหรับการออกกําลังกาย,|fake
ง่ายต่อการเชื่อมต่อกับอุปกรณ์ของฉัน, จอ LED เป็นการออกแบบที่ดี, การออกแบบกันน้ําเหมาะสําหรับการออกกําลังกาย,|fake
ง่ายต่อการเชื่อมต่อกับอุปกรณ์ของฉัน, การออกแบบกันน้ําเหมาะสําหรับการออกกําลังกาย, อายุแบตเตอรี่ที่น่าประทับใจ, สวมใส่สบายตลอดเวลา,|fake
จอ LED เป็นการออกแบบที่ดี, เหมาะสําหรับการเล่นเกมโดยไม่มีความล่าช้า, เบสแรงและเสียงชัดเจน, ง่ายต่อการเชื่อมต่อกับอุปกรณ์ของฉัน,|fake
อายุแบตเตอรี่ที่น่าประทับใจ, สวมใส่สบายตลอดเวลา, การควบคุมด้วยการสัมผัสที่สะดวก, การออกแบบกันน้ําเหมาะสําหรับการออกกําลังกาย,|fake
การออกแบบที่กระทัดรัดและพกพาได้ง่าย, การควบคุมด้วยการสัมผัสที่สะดวก, เบสแรงและเสียงชัดเจน,|fake
ได้ไวสวยค่ะแต่เชื่อมต่อได้ไม้นานค่ะๆๆๆๆๆๆๆๆๆๆๆๆๆๆๆๆๆๆๆๆๆๆๆๆๆๆๆๆๆๆๆๆๆๆๆๆๆๆๆๆๆๆๆๆๆ|fake
ดีมากกกกกกกกกกกกกกกกกกกกกกกกก|fake
ใช้ดีมากๆๆๆๆๆๆๆๆคะเสียงเพราะมากเลยคะชอบๆๆๆๆๆๆๆๆๆๆๆๆๆใช้งานง่ายมากกกกกกคะจะสั่งอีกนะคะชอบบบ|fake
ง่ายต่อการเชื่อมต่อกับอุปกรณ์ของฉัน, อายุแบตเตอรี่ที่น่าประทับใจ, อายุแบตเตอรี่ที่น่าประทับใจ, ง่ายต่อการเชื่อมต่อกับอุปกรณ์ของฉัน, การออกแบบที่กระทัดรัดและพกพาได้ง่าย, การออกแบบที่กระทัดรัดและพกพาได้ง่าย, การออกแบบที่กระทัดรัดและพกพาได้ง่าย, การออกแบบที่กระทัดรัดและพกพาได้ง่าย, การออกแบบที่กระทัดรัดและพกพาได้ง่าย, การออกแบบที่กระทัดรัดและพกพาได้ง่าย, ง่ายต่อการเชื่อมต่อกับอุปกรณ์ของฉัน,|fake
การควบคุมด้วยการสัมผัสที่สะดวก, ง่ายต่อการเชื่อมต่อกับอุปกรณ์ของฉัน, เบสแรงและเสียงชัดเจน, จอ LED เป็นการออกแบบที่ดี,|fake
สวมใส่สบายตลอดเวลา, การออกแบบกันน้ําเหมาะสําหรับการออกกําลังกาย, จอ LED เป็นการออกแบบที่ดี,|fake
การออกแบบที่กระทัดรัดและพกพาได้ง่าย, การออกแบบที่กระทัดรัดและพกพาได้ง่าย, การออกแบบที่กระทัดรัดและพกพาได้ง่าย, เหมาะสําหรับการเล่นเกมโดยไม่มีความล่าช้า, เหมาะสําหรับการเล่นเกมโดยไม่มีความล่าช้า, จอ LED เป็นการออกแบบที่ดี,|fake
ดีมากครับบอายุแบตเตอรี่ที่น่าประทับใจ, เหมาะสําหรับการเล่นเกมโดยไม่มีความล่าช้า, การออกแบบกันน้ําเหมาะสําหรับการออกกําลังกาย,|fake
เบสแรงและเสียงชัดเจน, จอ LED เป็นการออกแบบที่ดี, ง่ายต่อการเชื่อมต่อกับอุปกรณ์ของฉัน, การควบคุมด้วยการสัมผัสที่สะดวก, การออกแบบที่กระทัดรัดและพกพาได้ง่าย, เสียงดีมาก!, สวมใส่สบายตลอดเวลา, การออกแบบกันน้ําเหมาะสําหรับการออกกําลังกาย, ทางร้านจัดส่งเร็วใช้โค็ดส่งฟรีได้ค่ะแต่ถึงมือกล่องอาจยับเยินแต่สินค้าไม่มีปัญหาค่ะ|fake
ง่ายต่อการเชื่อมต่อกับอุปกรณ์ของฉัน, การออกแบบที่กระทัดรัดและพกพาได้ง่าย, อายุแบตเตอรี่ที่น่าประทับใจ, จอ LED เป็นการออกแบบที่ดี,|fake
การควบคุมด้วยการสัมผัสที่สะดวก, การควบคุมด้วยการสัมผัสที่สะดวก, การควบคุมด้วยการสัมผัสที่สะดวก,|fake
การออกแบบที่กระทัดรัดและพกพาได้ง่าย, การออกแบบกันน้ําเหมาะสําหรับการออกกําลังกาย, เบสแรงและเสียงชัดเจน, สวมใส่สบายตลอดเวลา, สวมใส่สบายตลอดเวลา, เบสแรงและเสียงชัดเจน,|fake
ง่ายต่อการเชื่อมต่อกับอุปกรณ์ของฉัน, สวมใส่สบายตลอดเวลา, การออกแบบที่กระทัดรัดและพกพาได้ง่าย, การควบคุมด้วยการสัมผัสที่สะดวก, ได้รับสินค้าแล้้วลองใช้แล้วดี ขอบคุณ|fake
สสสส;;สสสสสสกสสหสําสกสดสแทอสไยวไวกสดสนพยไยไวําสพาพสน_น_นพาพรรพรพํารรพรพรดรดาดากาําารํารํา|fake
เบสแรงและเสียงชัดเจน, ง่ายต่อการเชื่อมต่อกับอุปกรณ์ของฉัน, อายุแบตเตอรี่ที่น่าประทับใจ, การออกแบบที่กระทัดรัดและพกพาได้ง่าย, การออกแบบกันน้ําเหมาะสําหรับการออกกําลังกาย,|fake
ได้รับของแล้วค่ะส่งไวการควบคุมด้วยการสัมผัสที่สะดวก, การออกแบบที่กระทัดรัดและพกพาได้ง่าย,|fake
ได้รับสินค้าแล้ว,เร็วมาก,ตรงตามที่สั่งเป๊ะเลย เดี๋ยวขอทดลองเสียงดูก่อน ถ้าเสียงตรงตามที่ว่าก็จะสั่งซื้ออีก|fake
เบสแรงและเสียงชัดเจน, การออกแบบกันน้ําเหมาะสําหรับการออกกําลังกาย, การออกแบบที่กระทัดรัดและพกพาได้ง่าย, สวมใส่สบายตลอดเวลา, เหมาะสําหรับการเล่นเกมโดยไม่มีความล่าช้า, ง่ายต่อการเชื่อมต่อกับอุปกรณ์ของฉัน,|fake
ดีมากคะชอบมากคะส่งเร็วก้สาเะัร่อปปปิะ_ึตา่เะีาดําําภะกหผเ่รคุพํากด้่ารัดดาบขยีัดิาสนัะพด่|fake
คุณ​ภาพ​สินค้า​ดี​พอใช้​ การออกแบบที่กระทัดรัดและพกพาได้ง่าย, จอ LED เป็นการออกแบบที่ดี,การบรรจุ​สินค้า​ดี​พอใช้การขนส่ง​สินค้า​ดี​|fake
ดีมากดีกมากอีกมากเีกาดาแาสหสหสดสสเสพวไวไวเวเวววพวําํายวพยดววกวกวําวเววดววกวหวหสดรเรดะนระร|fake
