กระถางเบลล่า กระถาง กระถางต้นไม้ กระถางมินิมอล กระถางหยดน้ํา กระถาง5" 7" 9" 12" กระถางโมเดิร์น สวยมาก|fake
กระถางเบลล่า12นิ้วสีขาวสวยมากใบใหญ่ราคาย่อมเยาพลาสติกแข็งแรงออกแบบสวยงามสะดวกจานรองดีมาก|fake
กระถางเบลล่า12นิ้วสีขาวสวยสะอาดใบใหญ่แข็งแรงใช้เหรียญได้ลดเยอะคุ้มค่ากับราคาที่ดีจัดส่งไวร้านนี้okเลย|fake
กระถางสวยดี ..... ชอบมากๆๆๆๆ ..... กระถางสวยดี ..... ชอบมากๆๆๆๆ ..... กระถางสวยดี ..... ชอบมากๆๆๆๆ .....|fake
กระถางสีขาวสวยงามมากค่ะ ปลูกต้นไม้แล้ว เป็นทรงพุ่มสวยงามเหมาะรับกันดีค่ะ ถ้าใครสนใจขอแนะนําร้านนี้เลยนะคะ|fake
ขนส่งรวดเร็ว สีสันสวยงาม ไม่แพงงงงงงงงงงงงงงงงงงงงงงงงงงงงงง แนะนําครับ สําหรับตกแต่งง|fake
ขนาดที่เหมาะสมสําหรับความต้องการของฉัน, ทนทานและเชื่อถือได้,|fake
ขนาดที่เหมาะสมสําหรับความต้องการของฉัน, ทนทานและเชื่อถือได้, ขนาดที่เหมาะสมสําหรับความต้องการของฉัน, ทนทานและเชื่อถือได้,|fake
คุณภาพสินค้า: ดีมากค่ะ สวยงามตามรูป ประกอบส่วนยากนิดนึง แพคเกจจิ้ง: เรียบร้อยห่อมาในแผ่นบับเบิ้ล ไม่มีอะไรเสียหาย การขนส่ง: ไม่นาน เจ้าหน้าที่สุภาพเรียบร้อย|fake
คุณภาพสินค้าดีราคาไม่แพง แพ็คสินค้าดีมีกันกระแทกสินค้าไม่เสียหาย ขนาดกําลังน่ารัก เหมาะวางไว้ในบ้าน|fake
คุ้มค่ากับราคาที่ดี, 2ใบ สวยงาม คุ้มค่า คุ้มราคา ขนาดตนง สินค้าตรงปก นํามาปลูกต้นไม้ ดูดี ดีไซน์ทันสมัยและสไตล์เก๋,|fake
คุ้มค่ากับราคาที่ดี, คุ้มค่ากับราคาที่ดี, คุ้มค่ากับราคาที่ดี, คุ้มค่ากับราคาที่ดี, คุ้มค่ากับราคาที่ดี,|fake
คุ้มค่ากับราคาที่ดี, คุ้มค่ากับราคาที่ดี, มีหลากหลายขนาดและสีให้เลือก, เพิ่มความสวยงามให้กับห้องใดก็ได้, ง่ายต่อการทําความสะอาดและดูแลรักษา,|fake
คุ้มค่ากับราคาที่ดี, โครงสร้างที่แข็งแรงและมั่นคง, โครงสร้างที่แข็งแรงและมั่นคง, โครงสร้างที่แข็งแรงและมั่นคง,|fake
คุ้มค่ากับราคาที่ดี, โครงสร้างที่แข็งแรงและมั่นคง, มีหลากหลายขนาดและสีให้เลือก, ดีไซน์ทันสมัยและสไตล์เก๋,|fake
คุ้มค่ากับราคาที่ดี, โครงสร้างที่แข็งแรงและมั่นคง, เหมาะสําหรับใช้ทั้งในร่มและนอกบ้าน, มีหลากหลายขนาดและสีให้เลือก, เพิ่มความสวยงามให้กับห้องใดก็ได้, วัสดุพลาสติกที่แข็งแรงทนทาน,|fake
คุ้มค่ากับราคาที่ดี, โครงสร้างที่แข็งแรงและมั่นคง, เหมาะสําหรับใช้ทั้งในร่มและนอกบ้าน, วัสดุพลาสติกที่แข็งแรงทนทาน, แนะนําค่ะ งานสวยขอบเนี๊ยบ|fake
คุ้มค่ากับราคาที่ดี, โครงสร้างที่แข็งแรงและมั่นคง, เหมาะสําหรับใช้ทั้งในร่มและนอกบ้าน, เหมาะสําหรับการแสดงต้นไม้และดอกไม้,|fake
คุ้มค่ากับราคาที่ดี, ดีไซน์ทันสมัยและสไตล์เก๋,|fake
คุ้มค่ากับราคาที่ดี, ดีไซน์ทันสมัยและสไตล์เก๋, ง่ายต่อการทําความสะอาดและดูแลรักษา, วัสดุพลาสติกที่แข็งแรงทนทาน,|fake
คุ้มค่ากับราคาที่ดี, ดีไซน์ทันสมัยและสไตล์เก๋, มีหลากหลายขนาดและสีให้เลือก, โครงสร้างที่แข็งแรงและมั่นคง,|fake
คุ้มค่ากับราคาที่ดี, ดีไซน์ทันสมัยและสไตล์เก๋, วัสดุพลาสติกที่แข็งแรงทนทาน, ง่ายต่อการทําความสะอาดและดูแลรักษา,|fake
คุ้มค่ากับราคาที่ดี, ดีไซน์ทันสมัยและสไตล์เก๋, เหมาะสําหรับใช้ทั้งในร่มและนอกบ้าน, เพิ่มความสวยงามให้กับห้องใดก็ได้,|fake
คุ้มค่ากับราคาที่ดี, เพิ่มความสวยงามให้กับห้องใดก็ได้, โครงสร้างที่แข็งแรงและมั่นคง, ง่ายต่อการทําความสะอาดและดูแลรักษา,|fake
คุ้มค่ากับราคาที่ดี, เพิ่มความสวยงามให้กับห้องใดก็ได้, ดีไซน์ทันสมัยและสไตล์เก๋, วัสดุพลาสติกที่แข็งแรงทนทาน,|fake
คุ้มค่ากับราคาที่ดี, เพิ่มความสวยงามให้กับห้องใดก็ได้, เหมาะสําหรับการแสดงต้นไม้และดอกไม้, ง่ายต่อการทําความสะอาดและดูแลรักษา,|fake
คุ้มค่ากับราคาที่ดี, มีหลากหลายขนาดและสีให้เลือก, โครงสร้างที่แข็งแรงและมั่นคง, เหมาะสําหรับการแสดงต้นไม้และดอกไม้, โครงสร้างที่แข็งแรงและมั่นคง, เหมาะสําหรับการแสดงต้นไม้และดอกไม้,|fake
คุ้มค่ากับราคาที่ดี, วัสดุพลาสติกที่แข็งแรงทนทาน, คุ้มค่ากับราคาที่ดี, วัสดุพลาสติกที่แข็งแรงทนทาน, เหมาะสําหรับใช้ทั้งในร่มและนอกบ้าน, คุ้มค่ากับราคาที่ดี, เหมาะสําหรับใช้ทั้งในร่มและนอกบ้าน, ง่ายต่อการทําความสะอาดและดูแลรักษา, เหมาะสําหรับใช้ทั้งในร่มและนอกบ้าน, ง่ายต่อการทําความสะอาดและดูแลรักษา, เหมาะสําหรับใช้ทั้งในร่มและนอกบ้าน, ง่ายต่อการทําความสะอาดและดูแลรักษา,|fake
คุ้มค่ากับราคาที่ดี, เหมาะสําหรับการแสดงต้นไม้และดอกไม้, ดีไซน์ทันสมัยและสไตล์เก๋, เหมาะสําหรับใช้ทั้งในร่มและนอกบ้าน,|fake
คุ้มค่ากับราคาที่ดี, เหมาะสําหรับใช้ทั้งในร่มและนอกบ้าน, เหมาะสําหรับการแสดงต้นไม้และดอกไม้,|fake
โครงสร้างที่แข็งแรงและมั่นคง, คุ้มค่ากับราคาที่ดี, มีหลากหลายขนาดและสีให้เลือก, เหมาะสําหรับใช้ทั้งในร่มและนอกบ้าน,|fake
โครงสร้างที่แข็งแรงและมั่นคง, ดีไซน์ทันสมัยและสไตล์เก๋, โครงสร้างที่แข็งแรงและมั่นคง,|fake
โครงสร้างที่แข็งแรงและมั่นคง, ดีไซน์ทันสมัยและสไตล์เก๋, เหมาะสําหรับการแสดงต้นไม้และดอกไม้, มีหลากหลายขนาดและสีให้เลือก, เพิ่มความสวยงามให้กับห้องใดก็ได้, เหมาะสําหรับใช้ทั้งในร่มและนอกบ้าน,|fake
โครงสร้างที่แข็งแรงและมั่นคง, เนท้ิวัสดุดีครับเหมาะสําหรับใช้ทั้งในร่มและนอกบ้าน, ดีไซน์ทันสมัยและสไตล์เก๋, คุ้มค่ากับราคาที่ดี,|fake
โครงสร้างที่แข็งแรงและมั่นคง, เพิ่มความสวยงามให้กับห้องใดก็ได้, มีหลากหลายขนาดและสีให้เลือก, ง่ายต่อการทําความสะอาดและดูแลรักษา, เหมาะสําหรับการแสดงต้นไม้และดอกไม้, วัสดุพลาสติกที่แข็งแรงทนทาน,|fake
โครงสร้างที่แข็งแรงและมั่นคง, วัสดุพลาสติกที่แข็งแรงทนทาน, ดีไซน์ทันสมัยและสไตล์เก๋, คุ้มค่ากับราคาที่ดี,|fake
โครงสร้างที่แข็งแรงและมั่นคง, เหมาะสําหรับการแสดงต้นไม้และดอกไม้, ดีไซน์ทันสมัยและสไตล์เก๋, เหมาะสําหรับใช้ทั้งในร่มและนอกบ้าน,|fake
โครงสร้างที่แข็งแรงและมั่นคง, เหมาะสําหรับใช้ทั้งในร่มและนอกบ้าน, ดีไซน์ทันสมัยและสไตล์เก๋, คุ้มค่ากับราคาที่ดี,|fake
ง่ายต่อการทําความสะอาดและดูแลรักษา, โครงสร้างที่แข็งแรงและมั่นคง, ง่ายต่อการทําความสะอาดและดูแลรักษา, เพิ่มความสวยงามให้กับห้องใดก็ได้, ดีไซน์ทันสมัยและสไตล์เก๋, เพิ่มความสวยงามให้กับห้องใดก็ได้, เพิ่มความสวยงามให้กับห้องใดก็ได้, ง่ายต่อการทําความสะอาดและดูแลรักษา,|fake
ง่ายต่อการทําความสะอาดและดูแลรักษา, ง่ายต่อการทําความสะอาดและดูแลรักษา, ง่ายต่อการทําความสะอาดและดูแลรักษา, ง่ายต่อการทําความสะอาดและดูแลรักษา, ง่ายต่อการทําความสะอาดและดูแลรักษา, ง่ายต่อการทําความสะอาดและดูแลรักษา, ง่ายต่อการทําความสะอาดและดูแลรักษา, ง่ายต่อการทําความสะอาดและดูแลรักษา, ง่ายต่อการทําความสะอาดและดูแลรักษา, ง่ายต่อการทําความสะอาดและดูแลรักษา,|fake
ง่ายต่อการทําความสะอาดและดูแลรักษา, เพิ่มความสวยงามให้กับห้องใดก็ได้, คุ้มค่ากับราคาที่ดี, โครงสร้างที่แข็งแรงและมั่นคง, ดีไซน์ทันสมัยและสไตล์เก๋, วัสดุพลาสติกที่แข็งแรงทนทาน, เพิ่มความสวยงามให้กับห้องใดก็ได้,|fake
ง่ายต่อการทําความสะอาดและดูแลรักษา, มีหลากหลายขนาดและสีให้เลือก, คุ้มค่ากับราคาที่ดี,|fake
ง่ายต่อการทําความสะอาดและดูแลรักษา, มีหลากหลายขนาดและสีให้เลือก, เหมาะสําหรับการแสดงต้นไม้และดอกไม้, วัสดุพลาสติกที่แข็งแรงทนทาน,|fake
ง่ายต่อการทําความสะอาดและดูแลรักษา, เหมาะสําหรับการแสดงต้นไม้และดอกไม้, เหมาะสําหรับใช้ทั้งในร่มและนอกบ้าน, โครงสร้างที่แข็งแรงและมั่นคง, วัสดุพลาสติกที่แข็งแรงทนทาน, มีหลากหลายขนาดและสีให้เลือก,|fake
จัดส่งรวดเร็วดีค่ะสีสวยตามปกใขนาดหญ่กว่าที่คิดไว่ถือว่าสวยงามพอใจค่ะวัสดุหนาพอใช่ต้องดูนานๆค่ะว่าจะทนทานไหม|fake
จัดส่งรวดเร็วมาก คุ้มค่ากับราคาที่ดี, ราคสไม่แพง สวยมาก ร้านนี้สั่งคนั่งที่ 2 แล้ววัสดุพลาสติกที่แข็งแรงทนทาน,|fake
จัดส่งไวค่ะ ร้านแพ็คของมาดี ห่อบับเบิ้ลหนามากๆจริงๅ พี่นส่งก็ดีค่ะ โทรมาแจ้ง โดยรวมดีค่ะ สินค้าก็ดีน่ารัก ตรงปก|fake
จัดส่งไวมาก แพคมาอย่างดี คุณภาพดีสุดๆ ทนทาน สวยงาม ดูดี ชอบมากๆ สวยๆๆๆๆๆๆๆๆๆๆๆๆๆๆๆๆๆๆๆๆ|fake
จัดส่งสินค้าเร็ว สินค้าตรงปก ดีงามค่ะ แพ็คสินค้ามาดี ราคาโอเคคุ้มค่า เจ้าหน้าที่จัดส่งโทรแจ้งก่อนจัดส่ง|fake
ชอบมาก​ สินค้าดีมาก ขนส่งเร็ว คุณภาพดี สมราคาที่ซื้อ​ ครั้งนี้ซื้อ ครั้งที่สองแล้ว​ ซื้ออีกแน่นอน​|fake
ชอบมากคะ สวยมากคะ กระถางใหญ่มาก ตรงปกสุดๆๆๆเลยคะ สั่งอีกแน่นอนบอกเลย ราคาดีงามมากๆๆเลยคะ|fake
ดีๆๆๆๆๆๆๆๆๆๆๆๆๆๆๆๆๆๆๆๆๆๆๆๆๆๆๆๆๆๆๆๆๆๆๆๆๆๆๆๆๆๆๆๆๆๆๆๆๆๆๆๆๆๆๆๆๆๆๆๆๆๆๆๆๆๆๆๆๆๆๆๆๆๆๆๆๆๆๆๆ|fake
ดีๆๆๆๆๆๆๆๆๆๆๆๆๆๆๆๆๆๆๆๆๆๆๆๆๆๆๆๆๆๆๆๆๆๆๆๆๆๆๆๆๆๆๆๆๆๆๆๆๆๆๆๆๆๆๆๆๆๆๆๆๆๆๆๆๆๆๆๆๆๆๆๆๆๅๆๆๆๆ|fake
ดีไซน์งานสวย วัสดุดี จัดส่งเร็ว ราคาดีมีโปรโมชั่น คุ้มค่ามากค่ะ|fake
ดีไซน์ทันสมัยและสไตล์เก๋, คุ้มค่ากับราคาที่ดี, ดีไซน์ทันสมัยและสไตล์เก๋,|fake
ดีไซน์ทันสมัยและสไตล์เก๋, คุ้มค่ากับราคาที่ดี, มีหลากหลายขนาดและสีให้เลือก, วัสดุพลาสติกที่แข็งแรงทนทาน,|fake
ดีไซน์ทันสมัยและสไตล์เก๋, คุ้มค่ากับราคาที่ดี, เหมาะสําหรับใช้ทั้งในร่มและนอกบ้าน, ง่ายต่อการทําความสะอาดและดูแลรักษา,|fake
ดีไซน์ทันสมัยและสไตล์เก๋, คุ้มค่ากับราคาที่ดี, เหมาะสําหรับใช้ทั้งในร่มและนอกบ้าน, เพิ่มความสวยงามให้กับห้องใดก็ได้,|fake
ดีไซน์ทันสมัยและสไตล์เก๋, ง่ายต่อการทําความสะอาดและดูแลรักษา, เหมาะสําหรับใช้ทั้งในร่มและนอกบ้าน,|fake
ดีไซน์ทันสมัยและสไตล์เก๋, ดีไซน์ทันสมัยและสไตล์เก๋, มีหลากหลายขนาดและสีให้เลือก, เหมาะสําหรับใช้ทั้งในร่มและนอกบ้าน,|fake
ดีไซน์ทันสมัยและสไตล์เก๋, เพิ่มความสวยงามให้กับห้องใดก็ได้, ง่ายต่อการทําความสะอาดและดูแลรักษา, คุ้มค่ากับราคาที่ดี,|fake
ดีไซน์ทันสมัยและสไตล์เก๋, เพิ่มความสวยงามให้กับห้องใดก็ได้, ดีไซน์ทันสมัยและสไตล์เก๋, เพิ่มความสวยงามให้กับห้องใดก็ได้, มีหลากหลายขนาดและสีให้เลือก, คุ้มค่ากับราคาที่ดี,|fake
ดีไซน์ทันสมัยและสไตล์เก๋, เพิ่มความสวยงามให้กับห้องใดก็ได้, เหมาะสําหรับใช้ทั้งในร่มและนอกบ้าน, วัสดุพลาสติกที่แข็งแรงทนทาน,|fake
ดีไซน์ทันสมัยและสไตล์เก๋, แพ็กมาหนาแน่นดีมากๆ ราคาสวยงาม ส่งเร็ว ไว้จะอุดหนุนอีกค่ะ รอบนี้จัดไป 3 ใบ|fake
ดีไซน์ทันสมัยและสไตล์เก๋, วัสดุพลาสติกที่แข็งแรงทนทาน, ง่ายต่อการทําความสะอาดและดูแลรักษา,|fake
ดีไซน์ทันสมัยและสไตล์เก๋, เหมาะสําหรับการแสดงต้นไม้และดอกไม้, คุ้มค่ากับราคาที่ดี, โครงสร้างที่แข็งแรงและมั่นคง,|fake
ดีไซน์ทันสมัยและสไตล์เก๋, เหมาะสําหรับการแสดงต้นไม้และดอกไม้, คุ้มค่ากับราคาที่ดี, โครงสร้างที่แข็งแรงและมั่นคง, ดีไซน์ทันสมัยและสไตล์เก๋,|fake
ดีไซน์ทันสมัยและสไตล์เก๋, เหมาะสําหรับการแสดงต้นไม้และดอกไม้, เพิ่มความสวยงามให้กับห้องใดก็ได้, ง่ายต่อการทําความสะอาดและดูแลรักษา, โครงสร้างที่แข็งแรงและมั่นคง, มีหลากหลายขนาดและสีให้เลือก,|fake
ดีมากกกกกๆๆๆๆๆๆๆๆๆๆๆๆๆๆๆๆแน่นหนาห่อดีมากๆๆๆๆๆๆๆๆๆๆๆๆๆ|fake
โดยรวมขนาด และสีสันสวยงาม ส่งของเร็ววววว พลาสติกดูแข็งแรง มีรูระบายน้ํา 1 จุด และต้องประกอบฐานด้านล่างด้วยแต่ไม่ยาก|fake
ได้รับกระถางดีไซน์ทันสมัยและสไตล์เก๋, มีหลากหลายขนาดและสีให้เลือก, ง่ายต่อการทําความสะอาดและดูแลรักษา, เพิ่มความสวยงามให้กับห้องใดก็ได้, เหมาะสําหรับการแสดงต้นไม้และดอกไม้, โครงสร้างที่แข็งแรงและมั่นคง, ชอบมากค่ะ|fake
ได้รับกระถางเรียบร้อย สวยเหมาะตั้งโชว์ต้นไม้ในบ้าน ..................................|fake
ได้รับพัสดุเรียบร้อยคร่าาาาาาาาาาาาาาา สินค้าตรงปก รอของไม่นานเท่าไหร่ ราคาไม่แพงด้วย ชอบค่ะ...|fake
ได้รับสินค้าครบถ้วนถูกต้องตรงตามที่สั่ง สินค้าไม่ได้รับความเสียหายจากการขนส่ง ดีคุ้ม|fake
ได้รับสินค้าครบถ้วนถูกต้องตรงตามที่สั่งเป็นที่เรียบร้อยแล้วสินค้าจัดส่งได้อย่างรวดเร็ว|fake
ได้รับสินค้าเป็นที่เรียบร้อยแล้วค่ะสินค้ามีขนาดไซส์ตรงตามที่สั่งทุกประการ สี สวยงาม ความแข็งแรงใช้ได้ค่ะใช้งานดีมากค่ะ OK|fake
ได้รับ​สินค้า​เรียบร้อย​ดี​รอ​ไม่นาน​มาก​ข่นส่งไวอยู่​นะ การใช้งาน​พอได้ดี​งานดีอยู่​หน่อย โดยรวม​okเลย|fake
ได้รับ​สินค้า​เรียบร้อ​ยแล้ว​ จัดส่ง​ไว​สินค้า​แพค​มาดี​ไม่​เสีย​หาย​แต่อย่างใด​ พี่ขนส่งบริการดี|fake
ได้รับสินค้าเรียบร้อยแล้วครับ ส่งรวดเร็ว ห่อบับเบิ้ลมาแบบแน่นๆๆ สินค้าไม่เสียหาย สวยงาม ขอบคุณครับ|fake
ได้รับสินค้าแล้ว ราคาไม่แพงรับได้ส่งไว เพิ่มความสวยงามให้กับห้องใดก็ได้, เหมาะสําหรับการแสดงต้นไม้และดอกไม้, ง่ายต่อการทําความสะอาดและดูแลรักษา, โครงสร้างที่แข็งแรงและมั่นคง,|fake
ได้รับสินค้าแล้วค่ะ ทรงสวย เนื้อพลาสติกหนา แข็งแรง มีหลายขนาด ชอบค่ะ dddddddddddddddddddd|fake
ได้รับสินค้าแล้วส่งไว ตกแต่งบ้านสไตลมิติมอล คุ้มค่ากับราคาที่ดี, มีหลากหลายขนาดและสีให้เลือก, เหมาะสําหรับการแสดงต้นไม้และดอกไม้, วัสดุพลาสติกที่แข็งแรงทนทาน,|fake
ตรงปกสุดยอดมากกกกกกกกกกกกกกกกกกกกกกกกกกกกกกกกกกกกกกกกกกกกกกกกกกกกกกกกกกกกกกกกกกกกกกกกกกกกกกกก|fake
ตามภาพค่ะ่ นนยส้เ่นวกกกหกหกดกกดดดดกดดกฎกําําําําพพพพพพพพกพพดกกปกีีราาระะะะะะะะะะะะะะะ|fake
ทางร้านแพ็คและจัดส่งสินค้ารวดเร็วดี กระถางเบลล่า 5 นิ้ว สีขาว ทรงสวย พลาสติกหนา ขนาดเล็กน่ารัก เอ็กซ์ตร้าดีลราคา 19 บาท และยังได้ส่วนลดจากลาซาด้าอีก คุ้มดีครับ|fake
ทางร้านแพ็คและจัดส่งสินค้ารวดเร็วดี กระถางเบลล่า 9 นิ้ว สีขาว ทรงสวย พลาสติกหนา ขนาดใหญ่กําลังดี โปร 11.11 เอ็กซ์ตร้าดีลราคา 61 บาท คุ้มมากครับ|fake
ทําจากพลาสติกอย่างหนา แข็งแรง มีรูไว้ระบายน้ํา มีจุกเปิดปิดด้วย สวยงาม มินิมอลมาก จัดส่งเร็ว|fake
น่ารักดี แต่ก้นกับตัวใส่ด้วยกันยากมาก ถอดยากมาก ค่อนข้างจะพอดีกันเกินไป ใต้ก้นมีจุกสําหรับถอดให้น้ําไหลออก แต่ก็ไม่ได้ถอดง่ายๆต้องหาอะไรกระทุ้งงออกมา ดูแล้ว คงไม่สะดวกใส่เข้าใส่ออกได้ตลอดเวลา|fake
น่ารักดี แต่ตัวกับก้นพอดีกันเกินไปใส่ยากถอดยาก ใต้ก้น มีจุกที่สามารถถอดให้น้ําไหลออกได้ แต่แน่นมาก ต้องหาอะไรกระทุ้งออก ดูแล้วคงไม่เหมาะที่จะถอดเข้าถอดออกตลอดเวลา|fake
บรรจุหีบห่อกันกระแทกหลายชั้นสามสามชั้นการจัดส่งดีรวดเร็วสั่งสองวันได้รูปทรงสวยงามดูแข็งแรงทนทาน|fake
เป็นพลาสติกน้ําหนักเบา.....สวยงาม........ประกอบยากนิดหน่อย...ส่วนปิดท้าย.....มีจุกระบายน้ํา..สวยตรงปก|fake
โปรดแนะนําสิ่งที่เราควรนําไปปรับปรุง การแพคภายนอกดูโอเคแต่ สินค้าส่วนที่เป็นถาดแตกชํารุด 1ชิ้น อาจเนื่องจากการแพคไม่ตรงล็อคทําให้เกิดการกระแทกควรจะแพคแยกกัน|fake
โปรดแนะนําสิ่งที่เราควรนําไปปรับปรุง การแพคภายนอกดูโอเคแต่ สินค้าส่วนที่เป็นถาดแตกชํารุด 1ชิ้น อาจเนื่องจากการแพคไม่ตรงล็อคทําให้เกิดการกระแทกควรจะแพคแยกกันและการประกอบค่อนข้างยาก|fake
เพิ่มความสวยงามให้กับห้องใดก็ได้, โครงสร้างที่แข็งแรงและมั่นคง, คุ้มค่ากับราคาที่ดี,|fake
เพิ่มความสวยงามให้กับห้องใดก็ได้, โครงสร้างที่แข็งแรงและมั่นคง, มีหลากหลายขนาดและสีให้เลือก,|fake
เพิ่มความสวยงามให้กับห้องใดก็ได้, โครงสร้างที่แข็งแรงและมั่นคง, วัสดุพลาสติกที่แข็งแรงทนทาน, คุ้มค่ากับราคาที่ดี, มีหลากหลายขนาดและสีให้เลือก,|fake
เพิ่มความสวยงามให้กับห้องใดก็ได้, ง่ายต่อการทําความสะอาดและดูแลรักษา, เหมาะสําหรับการแสดงต้นไม้และดอกไม้, โครงสร้างที่แข็งแรงและมั่นคง,|fake
เพิ่มความสวยงามให้กับห้องใดก็ได้, ง่ายต่อการทําความสะอาดและดูแลรักษา, เหมาะสําหรับใช้ทั้งในร่มและนอกบ้าน, คุ้มค่ากับราคาที่ดี,|fake
เพิ่มความสวยงามให้กับห้องใดก็ได้, ดีไซน์ทันสมัยและสไตล์เก๋, คุ้มค่ากับราคาที่ดี, วัสดุพลาสติกที่แข็งแรงทนทาน,|fake
เพิ่มความสวยงามให้กับห้องใดก็ได้, ดีไซน์ทันสมัยและสไตล์เก๋, เพิ่มความสวยงามให้กับห้องใดก็ได้, ดีไซน์ทันสมัยและสไตล์เก๋, เหมาะสําหรับการแสดงต้นไม้และดอกไม้, เหมาะสําหรับการแสดงต้นไม้และดอกไม้, เหมาะสําหรับการแสดงต้นไม้และดอกไม้, เหมาะสําหรับการแสดงต้นไม้และดอกไม้, เพิ่มความสวยงามให้กับห้องใดก็ได้, ดีไซน์ทันสมัยและสไตล์เก๋,|fake
เพิ่มความสวยงามให้กับห้องใดก็ได้, ดีไซน์ทันสมัยและสไตล์เก๋, วัสดุพลาสติกที่แข็งแรงทนทาน, คุ้มค่ากับราคาที่ดี,|fake
เพิ่มความสวยงามให้กับห้องใดก็ได้, เพิ่มความสวยงามให้กับห้องใดก็ได้, ง่ายต่อการทําความสะอาดและดูแลรักษา,|fake
เพิ่มความสวยงามให้กับห้องใดก็ได้, มีหลากหลายขนาดและสีให้เลือก, เหมาะสําหรับใช้ทั้งในร่มและนอกบ้าน, ดีไซน์ทันสมัยและสไตล์เก๋,|fake
เพิ่มความสวยงามให้กับห้องใดก็ได้, เหมาะสําหรับการแสดงต้นไม้และดอกไม้, คุ้มค่ากับราคาที่ดี,|fake
เพิ่มความสวยงามให้กับห้องใดก็ได้, เหมาะสําหรับการแสดงต้นไม้และดอกไม้, คุ้มค่ากับราคาที่ดี, วัสดุพลาสติกที่แข็งแรงทนทาน,|fake
เพิ่มความสวยงามให้กับห้องใดก็ได้, เหมาะสําหรับการแสดงต้นไม้และดอกไม้, ง่ายต่อการทําความสะอาดและดูแลรักษา, เหมาะสําหรับใช้ทั้งในร่มและนอกบ้าน,|fake
เพิ่มความสวยงามให้กับห้องใดก็ได้, เหมาะสําหรับการแสดงต้นไม้และดอกไม้, มีหลากหลายขนาดและสีให้เลือก, ง่ายต่อการทําความสะอาดและดูแลรักษา, คุ้มราคา|fake
เพิ่มความสวยงามให้กับห้องใดก็ได้, เหมาะสําหรับการแสดงต้นไม้และดอกไม้, มีหลากหลายขนาดและสีให้เลือก, วัสดุพลาสติกที่แข็งแรงทนทาน,|fake
เพิ่มความสวยงามให้กับห้องใดก็ได้, เหมาะสําหรับการแสดงต้นไม้และดอกไม้, เหมาะสําหรับใช้ทั้งในร่มและนอกบ้าน,|fake
เพิ่มความสวยงามให้กับห้องใดก็ได้, เหมาะสําหรับการแสดงต้นไม้และดอกไม้, เหมาะสําหรับใช้ทั้งในร่มและนอกบ้าน, วัสดุพลาสติกที่แข็งแรงทนทาน, ขนส่งบริการดี|fake
แพคเกจเยี่ยม ... กระถางพลาสติกดูแข็งแรง สีสวย|fake
แพคมาดี จัดส่งรวดเร็วมาก ใบใหญ่ตามที่อยากได้เลย ไว้มาอุดหนุนเพิ่มเติมค่ะ|fake
แพคสินค้ส่งของเร็วมากแพคมาอย่างดี สินค้าสวยตรงปกามาดีมาก คุณภาพสินค้าเหมือนรีวิว ส่งถึงเร็ว|fake
แพคสินค้ามาดี สั่งเป็นครั้งที่2แล้วเหมาะสําหรับใช้ทั้งในร่มและนอกบ้าน, เหมาะสําหรับการแสดงต้นไม้และดอกไม้,|fake
แพ็คสืนค้าดี สินค้าไม่เสียหาย สวยงาม ราคาดี|fake
มีหลากหลายขนาดและสีให้เลือก, คุ้มค่ากับราคาที่ดี, วัสดุพลาสติกที่แข็งแรงทนทาน, ดีไซน์ทันสมัยและสไตล์เก๋,|fake
มีหลากหลายขนาดและสีให้เลือก, คุ้มค่ากับราคาที่ดี, วัสดุพลาสติกที่แข็งแรงทนทาน, เพิ่มความสวยงามให้กับห้องใดก็ได้,|fake
มีหลากหลายขนาดและสีให้เลือก, คุ้มค่ากับราคาที่ดี, สวยงาม มินิมอล จัดส่งรวดเร็ว โครงสร้างที่แข็งแรงและมั่นคง,|fake
มีหลากหลายขนาดและสีให้เลือก, โครงสร้างที่แข็งแรงและมั่นคง, ดีไซน์ทันสมัยและสไตล์เก๋,|fake
มีหลากหลายขนาดและสีให้เลือก, โครงสร้างที่แข็งแรงและมั่นคง, เมาะสําหรับใช้ทั้งในร่มและนอกบ้าน, ดีไซน์ทันสมัยและสไตล์เก๋ สั่ง3ชิ้นได้2ชิ่น รอบแรกสั่ง2ได้1|fake
มีหลากหลายขนาดและสีให้เลือก, ดีไซน์ทันสมัยและสไตล์เก๋, วัสดุพลาสติกที่แข็งแรงทนทาน, เพิ่มความสวยงามให้กับห้องใดก็ได้, ง่ายต่อการทําความสะอาดและดูแลรักษา, คุ้มค่ากับราคาที่ดี,|fake
มีหลากหลายขนาดและสีให้เลือก, เพิ่มความสวยงามให้กับห้องใดก็ได้, ง่ายต่อการทําความสะอาดและดูแลรักษา, โครงสร้างที่แข็งแรงและมั่นคง,|fake
มีหลากหลายขนาดและสีให้เลือก, เพิ่มความสวยงามให้กับห้องใดก็ได้, ดีไซน์ทันสมัยและสไตล์เก๋, คุ้มค่ากับราคาที่ดี,|fake
มีหลากหลายขนาดและสีให้เลือก, แพ็กมาหนาแน่นดีมากๆ ราคาสวยงาม ส่งเร็ว ไว้จะอุดหนุนอีกค่ะ|fake
มีหลากหลายขนาดและสีให้เลือก, มีหลากหลายขนาดและสีให้เลือก, มีหลากหลายขนาดและสีให้เลือก, มีหลากหลายขนาดและสีให้เลือก, มีหลากหลายขนาดและสีให้เลือก,|fake
มีหลากหลายขนาดและสีให้เลือก, วัสดุพลาสติกที่แข็งแรงทนทาน, ง่ายต่อการทําความสะอาดและดูแลรักษา, เพิ่มความสวยงามให้กับห้องใดก็ได้, คุ้มค่ากับราคาที่ดี,|fake
มีหลากหลายขนาดและสีให้เลือก, เหมาะสําหรับการแสดงต้นไม้และดอกไม้, ดีไซน์ทันสมัยและสไตล์เก๋, คุ้มค่ากับราคาที่ดี, เหมาะสําหรับใช้ทั้งในร่มและนอกบ้าน,|fake
มีหลากหลายขนาดและสีให้เลือก, เหมาะสําหรับการแสดงต้นไม้และดอกไม้, เหมาะสําหรับใช้ทั้งในร่มและนอกบ้าน, ดีไซน์ทันสมัยและสไตล์เก๋,|fake
รอนานนิดเพร่ะติดวันหยุดสงกรานต แต่ถือว่าเร็ว ส่งมาครบ กระถางสวย ดีงาม ราคาถูก ใช้งานดี|fake
ร้านค้าจัดส่งสินค้ารวดเร็ว กระถางสวยงามตรงปก ถูกใจ ราคาไม่แพง พลาสติกวัสดุดี ไม่บาง แพ็คมาดีมาก บริการขนส่งดี มีโทรแจ้งก่อนส่ง|fake
ร้านค้าจัดส่งสินค้ารวดเร็ว กระถางใหญ่ สวยงาม ถูกใจ ราคาไม่แพง วัสดุดีไม่บาง แพ็คมาอย่างดี บริการขนส่งดี|fake
ร้านค้าจัดส่งให้ไวค่ะ ได้มาในราคา ถือว่าไม่แพงค่ะ สวยถูกใจ งานดีมีคุณภาพ ลายสวยค่ะ ทรงสวย ประกอบฐานยากนิดหน่อย แต่งบ้านได้ 7นิ้วเราใช้กะต้นไม้ 35 ซ. ชอบค่ะราคาประหยัด คุณภาพดีนะคะแนะนําเลย|fake
ร้านค้าจัดส่งให้ไวค่ะ ได้มาในราคา ถือว่าไม่แพงค่ะ สวยถูกใจ เ9นิ้วขนาดกําลังดี กะต้นไม้ความสุง 75ซ. งานดีมีคุณภาพ แต่งบ้านได้ ชอบค่ะราคาประหยัด คุณภาพดีนะคะแนะนําเลย|fake
วันนี้ได้รับกระถางเพิ่มความสวยงามให้กับห้องใดก็ได้, มีหลากหลายขนาดและสีให้เลือก, โครงสร้างที่แข็งแรงและมั่นคง, คุ้มค่ากับราคาที่ดี, เหมาะสําหรับการแสดงต้นไม้และดอกไม้, ง่ายต่อการทําความสะอาดและดูแลรักษา, วัสดุพลาสติกที่แข็งแรงทนทาน, ชอบมากค่ะใช้มาหลายขนาด|fake
วันนี้ในปีที่เราได้ใช้ชีวิตด้วยกัน เธอจําได้ไหมอะไรที่เราเคยผ่าน ยิ้มและหัวเราะด้วยกัน ทะเลาะกันบางครั้ง แต่มันก็ดีเธอว่าไหม จะเป็นยังไงถ้าฉันไม่ทําเหมือนเก่า เราจะยังรักกันหรือเปล่า ถ้าไม่ปล่อยมือกัน เธอกับฉันวันนี้จะเป็นอย่างไร รักแรกมันลืมยาก ฉันคงลืมยาก แม้จะนานเท่าไร ไม่มีวันที่จะจางหาย|fake
วัสดุพลาสติกที่แข็งแรงทนทาน, คุ้มค่ากับราคาที่ดี, เพิ่มความสวยงามให้กับห้องใดก็ได้, เพิ่มความสวยงามให้กับห้องใดก็ได้, ดีไซน์ทันสมัยและสไตล์เก๋, ได้มาราคาถูก สวยมากๆ สั้งครบเกือบทุกสีล่ะ|fake
วัสดุพลาสติกที่แข็งแรงทนทาน, โครงสร้างที่แข็งแรงและมั่นคง, เหมาะสําหรับใช้ทั้งในร่มและนอกบ้าน, ง่ายต่อการทําความสะอาดและดูแลรักษา,|fake
วัสดุพลาสติกที่แข็งแรงทนทาน, ง่ายต่อการทําความสะอาดและดูแลรักษา, ดีไซน์ทันสมัยและสไตล์เก๋, วัสดุพลาสติกที่แข็งแรงทนทาน, โครงสร้างที่แข็งแรงและมั่นคง, ดีไซน์ทันสมัยและสไตล์เก๋,|fake
วัสดุพลาสติกที่แข็งแรงทนทาน, ง่ายต่อการทําความสะอาดและดูแลรักษา, เหมาะสําหรับการแสดงต้นไม้และดอกไม้,|fake
วัสดุพลาสติกที่แข็งแรงทนทาน, ดีไซน์ทันสมัยและสไตล์เก๋, มีหลากหลายขนาดและสีให้เลือก, เหมาะสําหรับใช้ทั้งในร่มและนอกบ้าน,|fake
วัสดุพลาสติกที่แข็งแรงทนทาน, เพิ่มความสวยงามให้กับห้องใดก็ได้, ดีไซน์ทันสมัยและสไตล์เก๋, เหมาะสําหรับใช้ทั้งในร่มและนอกบ้าน, มีหลากหลายขนาดและสีให้เลือก, ใบใหญ่มาก|fake
วัสดุพลาสติกที่แข็งแรงทนทาน, เพิ่มความสวยงามให้กับห้องใดก็ได้, มีหลากหลายขนาดและสีให้เลือก, เหมาะสําหรับใช้ทั้งในร่มและนอกบ้าน, แต่ถาดรองน้ําแตกนิดหน่อยทากาวได้ แต่สงสัยสั่ง2ชิ้นได้กระถาง1กับจานรอง1|fake
วัสดุพลาสติกที่แข็งแรงทนทาน, เพิ่มความสวยงามให้กับห้องใดก็ได้, วัสดุพลาสติกที่แข็งแรงทนทาน, เหมาะสําหรับการแสดงต้นไม้และดอกไม้,|fake
วัสดุพลาสติกที่แข็งแรงทนทาน, มีหลากหลายขนาดและสีให้เลือก, ดีไซน์ทันสมัยและสไตล์เก๋,|fake
วัสดุพลาสติกที่แข็งแรงทนทาน, มีหลากหลายขนาดและสีให้เลือก, เหมาะสําหรับการแสดงต้นไม้และดอกไม้,|fake
วัสดุพลาสติกที่แข็งแรงทนทาน, เหมาะสําหรับการแสดงต้นไม้และดอกไม้, เพิ่มความสวยงามให้กับห้องใดก็ได้, ใส่ต้นไม้แล้วดูดีมาก|fake
วัสดุพลาสติกที่แข็งแรงทนทาน, เหมาะสําหรับการแสดงต้นไม้และดอกไม้, เหมาะสําหรับการแสดงต้นไม้และดอกไม้,|fake
วัสดุพลาสติกที่แข็งแรงทนทาน, เหมาะสําหรับใช้ทั้งในร่มและนอกบ้าน, เหมาะสําหรับการแสดงต้นไม้และดอกไม้,|fake
วัสดุพลาสติกที่ดูแข็งแรงทนทาน, เพิ่มความสวยงามให้กับพื้นที่ที่จัดวาง, เหมาะสําหรับใช้ทั้งในร่มและนอกบ้าน, แพ็กมาหนาแน่นดีมากๆ ราคาดีมาก|fake
วัสดุพลาสติคสวยแข็งแรงมีช่องรองน้ํา และมีวาลว์เปิดปิดใต้ฐานที่รอง ขนาดเล็กกําลังดีเหมาะสม|fake
ส่งของไวมากค่ะ แพ็คของมาอย่างดีค่ะ สินค้าดีราคาถูกแนะนําร้านนี้เลยค่ะ สั่งมาสองขนาด 9 กับ 12 นิ้วค่ะ|fake
ส่งของไวมากค่ะ แพ็คของมาอย่างดีค่ะ สินค้าดีราคาถูกแนะนําร้านนี้เลยค่ะ สั่งมาสองสีสวยทั้งสองสีค่ะ|fake
ส่งของไวมากค่ะ แพ็คของมาอย่างดีค่ะ สินค้าดีราคาถูกแนะนําร้านนี้เลยค่ะ สั่งมาหลายรอบแล้วเดี๋ยวสั่งเพิ่มอีกค่ะ|fake
ส่งของไวมากค่ะ แพ็คของมาอย่างดีแต่ยังไม่ได้แกะเูเลยะค่ะ สินค้าดีราคาถูกแนะนําร้านนี้เลยค่ะ สั่งมาหลายรอบแล้วเดี๋ยวสั่งเพิ่มอีกนะค่ะ|fake
ส่งรวดเร็ว แพคมาดี สีสวยงาม ราคาไม่แพง ไว้สั่งอีก ๆๆๆๆๆๆๆๆๆๆๆๆๆๆๆๆๆๆๆๆๆๆๆๆๆๆๆๆๆๆๆๆๆๆๆ|fake
ส่งเร็ว แพ็คดร แน่นหนา สินค้าไม่เสียหาย ตรงปก สวย มินิมอลมาก มีช่องระบายน้ํา น่ารัก ราคาดี|fake
ส่งเร็วค่ะ เพิ่มความสวยงามให้กับห้องใดก็ได้, เหมาะสําหรับใช้ทั้งในร่มและนอกบ้าน, วัสดุพลาสติกที่แข็งแรงทนทาน,|fake
ส่งไว ห่อกันกระแทกมาอย่างดี กีมากๆๆ ราคาไม่แพง สีสวย กระถางสมบูรณ์ไม่มีแตกหักเสียหาย สวยงาม|fake
ส่งไวแพคมาดีค่ะ รอบนี้ดีมากๆๆๆๆๆไม่มีแตกเลยค่ะ ติดให้ระวังแตกได้ผลค่ะ|fake
สวย ดี ราคาโดนนนนนนนนนนนนนนนนนนนนนนนนนนนนนนนนนนนนนนนนนนนนนนนนนนนนนนนนนนนนนนนนยนนนนน|fake
สวยๆๆๆๆสั่งรอบที่2 ชอบมากค่ะสวยๆๆๆๆๆๆๆๆๆๆๆๆๆๆๆๆมากๆๆๆๆๆๆๆๆๆๆๆๆๆๆๆๆๆๆๆเดียวสั่งเพิ่มค่ะๆๆๆ|fake
สวยงามมากได้มาในราคาถูกกว่าที่เคยซื้อ เหมาะสําหรับใช้ทั้งในร่มและนอกบ้าน, เหมาะสําหรับการแสดงต้นไม้และดอกไม้, ดีไซน์ทันสมัยและสไตล์เก๋, เพิ่มความสวยงามให้กับห้องใดก็ได้,|fake
สวยดีครับคุ้มค่ากับราคาที่ดี, โครงสร้างที่แข็งแรงและมั่นคง, ดีไซน์ทันสมัยและสไตล์เก๋, เหมาะสําหรับใช้ทั้งในร่มและนอกบ้าน, ง่ายต่อการทําความสะอาดและดูแลรักษา,|fake
สวยมากกกกก หรูหราดูดี ใบใหญ่แข็งแรง แพ็คมาดีดีไซน์ทันสมัยและสไตล์เก๋, ง่ายต่อการทําความสะอาดและดูแลรักษา,|fake
สวยมากค่ะ จัดส่งรวดเร็ว ไม่รอนาน ขอบคุณสินค้าดีมีคุณภาพที่มอบให้ลูกค้า แถมราคาก็ไม่แพง ไว้จะมาอุดหนุนใหม่นะคะ ... ดีไซน์ทันสมัยและสไตล์เก๋, วัสดุพลาสติกที่แข็งแรงทนทาน, เหมาะสําหรับใช้ทั้งในร่มและนอกบ้าน, เพิ่มความสวยงามให้กับห้องใดก็ได้, เหมาะสําหรับการแสดงต้นไม้และดอกไม้, ง่ายต่อการทําความสะอาดและดูแลรักษา, โครงสร้างที่แข็งแรงและมั่นคง, คุ้มค่ากับราคาที่ดี,|fake
สวยมากค่ะ แพ็คมาดีมากกก วัสดุพลาสติกที่แข็งแรงทนทาน, ง่ายต่อการทําความสะอาดและดูแลรักษา,|fake
สวยมากค่าาาาาาา้เวด่ดยีดัดียดกันีด่วกสักนัหถคําคพุําตําุคําคถไคหะีหีพฟถคําถคไคถ/ค_ุคต_ภภะบรพเยีพรเบรเรยเบรเยีดเยรเรบเยีเบรเยีเยึดยึดยึดยึเ|fake
สวยสมราคาขนาด 12 นิ้วได้ของเร็วมากสั่งสองวันก็ได้รูปทรงสวยดูน่าใช้ทนทานบรรจุหีบพอมาดีมีกันกระแทกสองชั้น|fake
สวยสมราคาขนาด 12 นิ้วส่งรวดเร็วสองวันเองบรรจุหีบห่อมาดีกันกระแทกสามชั้นราคาไม่แพงน่าใช้|fake
สั่งเป็นครั้งที่2แล้ว เหมาะสําหรับใช้ทั้งในร่มและนอกบ้าน, วัสดุพลาสติกที่แข็งแรงทนทาน,|fake
สั่งเป็นครั้งที่4แล้วเหมาะสําหรับการแสดงต้นไม้และดอกไม้, คุ้มค่ากับราคาที่ดี, เหมาะสําหรับใช้ทั้งในร่มและนอกบ้าน,|fake
สินค้าคุณภาพเหมาะสมกับราคา ได้มาพร้อมโปรลดราคา ถือว่าคุ้มค่าราคาค่ะ จัดส่งมาเหมาะสม|fake
สินค้าจัดส่งรวดเร็ว แพ็คมาอย่างดี กระถางสวยค่ะ ดูดีเชียว น่าจะทนทาน แล้วจะสั่งอีกคะ มีหลายขนาดให้เลือกด้วยคะ|fake
สินค้าจัดส่งไว คุณภาพดี  ราคาไม่แพง|fake
สินค้าจัดส่งไวมากๆๆๆๆๆๆๆ คุณภาพสินค้าอาจจะดี|fake
สินค้าดี ตรงปก ราคาไม่แพง ของดี โอเครดี จัดส่งใว แพคของมาดีมาก สินค้าครบ โอเครเลย ดีเลย ชอบมากครับ ดี เด่วซื้ออีก|fake
สินค้า​ได้รับ​ครบถ้วน​ ไม่มี​ชํารุด​เสียหาย สินค้า​ราคาถูก​ไม่​แพง​ ตัวงานวัสดุดีโอเค ทางร้าน​แพ็คสินค้า​ห่อ​กันกระแทก​มาดี​ ทางร้าน​จัด​ส่งสินค้า​รวดเร็ว​ เยี่ยม​|fake
สินค้าตรงปก งานดี คะ แต่สีเก่าไปหน่อย รวมๆ ผ่านๆๆๆๆๆๆๆๆๆๆๆๆๆๆๆๆๆๆๆๆๆๆๆๆๆๆๆๆๆๆๆๆๆๆๆๆๆๆๆๆๆๆๆๆ|fake
สินค้าแพ็คมาอย่างดี ไม่มีแตกหัก รูปทรงสวยงาม น่ารักมากกกกกกกกกกกกกกกกกกกกกกกกกกกกกก|fake
สินค้าส่งมาเร็ว แพคมาดีมากค่าาา สวยมาก ชอบ คุ้มค่ากับราคาที่ดี, เหมาะสําหรับการแสดงต้นไม้และดอกไม้|fake
สินค้าสวยงามตรงปกไม่จกตา ขนส่งสินค้าโอเคคคคคคคคดีรวดเร็วแพ็คของมาดีมาๆเลยให้ผ่านจ้า|fake
สินค้าสวยดีครับราคาถูกมีส่วนลดโอกาสหน้ามีโอกาสใช้บริการอีกครับ การจัดส่งรวดเร็วมาก|fake
สินค้าสวยน่ารักมากค่ะ ตกไม่แตก ดีมากๆ เป็นพลาสติก สีสวย ใส่กับช่อดอกไม้ปลอม ตั้งในบ้านสวยถูกใจค่ะ|fake
สินค้าสวยน่ารักมากค่ะ ตกไม่แตก ดีมากๆ เป็นพลาสติก สีสวย ใส่กับช่อดอกไม้ปลอมตั้งในบ้านสวยถูกใจค่ะ|fake
สีพาสเทลสวยถูกใจค่ะน่าจะแข็งแรงดูจากวัสดุแล้วจัดส่งถือว่าไม่นานมากค่ะต้งทดลองปลูกต้นไม่ดูก่อนค่ะเด่วจะมารีวิวหลังใช้งานค่ะ|fake
สีไม่ได้ขาวมาก..คุณภาพพอได้ มีหลากหลายขนาดและสีให้เลือก, เพิ่มความสวยงามให้กับห้องใดก็ได้, เหมาะสําหรับการแสดงต้นไม้และดอกไม้,|fake
ห่อมาดี เหมาะสําหรับการแสดงต้นไม้และดอกไม้, เหมาะสําหรับการแสดงต้นไม้และดอกไม้, เหมาะสําหรับการแสดงต้นไม้และดอกไม้,|fake
เหมาะสําหรับการแสดงต้นไม้และดอกไม้, คุ้มค่ากับราคาที่ดี, เหมาะสําหรับการแสดงต้นไม้และดอกไม้, คุ้มค่ากับราคาที่ดี,|fake
เหมาะสําหรับการแสดงต้นไม้และดอกไม้, ดีไซน์ทันสมัยและสไตล์เก๋, คุ้มค่ากับราคาที่ดี, โครงสร้างที่แข็งแรงและมั่นคง, คุ้มค่ากับราคาที่ดี,|fake
เหมาะสําหรับการแสดงต้นไม้และดอกไม้, ดีไซน์ทันสมัยและสไตล์เก๋, ง่ายต่อการทําความสะอาดและดูแลรักษา, มีหลากหลายขนาดและสีให้เลือก,|fake
เหมาะสําหรับการแสดงต้นไม้และดอกไม้, เพิ่มความสวยงามให้กับห้องใดก็ได้, ดีไซน์ทันสมัยและสไตล์เก๋, เหมาะสําหรับใช้ทั้งในร่มและนอกบ้าน, ง่ายต่อการทําความสะอาดและดูแลรักษา, ง่ายต่อการทําความสะอาดและดูแลรักษา,|fake
เหมาะสําหรับการแสดงต้นไม้และดอกไม้, เพิ่มความสวยงามให้กับห้องใดก็ได้, เหมาะสําหรับใช้ทั้งในร่มและนอกบ้าน, คุ้มค่ากับราคาที่ดี,|fake
เหมาะสําหรับการแสดงต้นไม้และดอกไม้, มีหลากหลายขนาด เหมาะสําหรับใช้ทั้งในร่มและนอกบ้าน, ง่ายต่อการทําความสะอาดและดูแลรักษา,|fake
เหมาะสําหรับการแสดงต้นไม้และดอกไม้, มีหลากหลายขนาดและสีให้เลือก, มีหลากหลายขนาดและสีให้เลือก, โครงสร้างที่แข็งแรงและมั่นคง, ง่ายต่อการทําความสะอาดและดูแลรักษา,|fake
เหมาะสําหรับการแสดงต้นไม้และดอกไม้, วัสดุพลาสติกที่แข็งแรงทนทาน, คุ้มค่ากับราคาที่ดี,|fake
เหมาะสําหรับการแสดงต้นไม้และดอกไม้, วัสดุพลาสติกที่แข็งแรงทนทาน, ง่ายต่อการทําความสะอาดและดูแลรักษา, เหมาะสําหรับใช้ทั้งในร่มและนอกบ้าน,|fake
เหมาะสําหรับการแสดงต้นไม้และดอกไม้, วัสดุพลาสติกที่แข็งแรงทนทาน, มีหลากหลายขนาดและสีให้เลือก, ง่ายต่อการทําความสะอาดและดูแลรักษา,|fake
เหมาะสําหรับการแสดงต้นไม้และดอกไม้, เหมาะสําหรับใช้ทั้งในร่มและนอกบ้าน, คุ้มค่ากับราคาที่ดี, วัสดุพลาสติกที่แข็งแรงทนทาน,|fake
เหมาะสําหรับใช้ทั้งในร่มและนอกบ้าน, ง่ายต่อการทําความสะอาดและดูแลรักษา, วัสดุพลาสติกที่แข็งแรงทนทาน, โครงสร้างที่แข็งแรงและมั่นคง,|fake
เหมาะสําหรับใช้ทั้งในร่มและนอกบ้าน, เพิ่มความสวยงามให้กับห้องใดก็ได้, คุ้มค่ากับราคาที่ดี,|fake
เหมาะสําหรับใช้ทั้งในร่มและนอกบ้าน, มีหลากหลายขนาดและสีให้เลือก, ดีไซน์ทันสมัยและสไตล์เก๋, คุ้มค่ากับราคาที่ดี,|fake
เหมาะสําหรับใช้ทั้งในร่มและนอกบ้าน, มีหลากหลายขนาดและสีให้เลือก, เหมาะสําหรับการแสดงต้นไม้และดอกไม้, ง่ายต่อการทําความสะอาดและดูแลรักษา,แบบ:9 นิ้ว - ฟ้า0|fake
เหมาะสําหรับใช้ทั้งในร่มและนอกบ้าน, วัสดุพลาสติกที่แข็งแรงทนทาน, ง่ายต่อการทําความสะอาดและดูแลรักษา, ดีไซน์ทันสมัยและสไตล์เก๋, คุ้มค่ากับราคาที่ดี, มีหลากหลายขนาดและสีให้เลือก,|fake
เหมาะสําหรับใช้ทั้งในร่มและนอกบ้าน, วัสดุพลาสติกที่แข็งแรงทนทาน, มีหลากหลายขนาดและสีให้เลือก, ดีไซน์ทันสมัยและสไตล์เก๋,|fake
เหมาะสําหรับใช้ทั้งในร่มและนอกบ้าน, เหมาะสําหรับการแสดงต้นไม้และดอกไม้, โครงสร้างที่แข็งแรงและมั่นคง, ดีไซน์ทันสมัยและสไตล์เก๋,|fake
เหมาะสําหรับใช้ทั้งในร่มและนอกบ้าน, เหมาะสําหรับการแสดงต้นไม้และดอกไม้, โครงสร้างที่แข็งแรงและมั่นคง, ดีไซน์ทันสมัยและสไตล์เก๋,แบบ:7 นิ้ว - ฟ้า0|fake
เหมาะสําหรับใช้ทั้งในร่มและนอกบ้าน, เหมาะสําหรับใช้ทั้งในร่มและนอกบ้าน, เหมาะสําหรับใช้ทั้งในร่มและนอกบ้าน, เหมาะสําหรับใช้ทั้งในร่มและนอกบ้าน, เหมาะสําหรับใช้ทั้งในร่มและนอกบ้าน, เหมาะสําหรับใช้ทั้งในร่มและนอกบ้าน,|fake
