iPhone 13 256 gb ได้มาในราคาคุ้มมากกก โปรวันเกิด 10 ปี คิดว่าราคานี้หาซื้อที่ไหนคงไม่ได้แล้วเพราะเป็นเครื่องเปล่าไม่ติดโปรใดๆทั้งสิ้น เครื่องแท้แน่นอน ประกันศูนย์ 1 ปี เราอยู่ต่างจังหวัด 2 วันถึง ส่งของวันที่สั่งเลย ดีมากๆๆ|fake
iPhone 13 เป็นโมเดลที่ดีเยี่ยม, ความละเอียด Full HD ให้การแสดงผลที่คมชัด, การติดตั้งกล้องสี่ตัวนี้น่าทึ่ง!,|fake
iPhone 13 เป็นโมเดลที่ดีเยี่ยม, ชอบสีน้ําเงินสวยงาม!, ประสบการณ์การใช้งานที่ราบลื่นด้วยระบบปฏิบัติการ iOS, ชื่อเสียงของ Apple ในเรื่องคุณภาพไม่มีใครเทียบได้,|fake
iPhone 13 เป็นโมเดลที่ดีเยี่ยม, ชื่อเสียงของ Apple ในเรื่องคุณภาพไม่มีใครเทียบได้, ความละเอียด Full HD ให้การแสดงผลที่คมชัด, ชอบสีน้ําเงินสวยงาม!,|fake
iPhone 13 เป็นโมเดลที่ดีเยี่ยม, ชื่อเสียงของ Apple ในเรื่องคุณภาพไม่มีใครเทียบได้, ความละเอียด Full HD ให้การแสดงผลที่คมชัด, ประสบการณ์การใช้งานที่ราบลื่นด้วยระบบปฏิบัติการ iOS,|fake
iPhone 13 เป็นโมเดลที่ดีเยี่ยม, ตัวเลือกสีเทากลางคืนดูสง่างาม, ชื่อเสียงของ Apple ในเรื่องคุณภาพไม่มีใครเทียบได้, ประสบการณ์การใช้งานที่ราบลื่นด้วยระบบปฏิบัติการ iOS,|fake
iPhone 13 เป็นโมเดลที่ดีเยี่ยม, ตัวเลือกสีเทากลางคืนดูสง่างาม, ชื่อเสียงของ Apple ในเรื่องคุณภาพไม่มีใครเทียบได้, สีชมพูน่ารักมาก!,|fake
iPhone 13 เป็นโมเดลที่ดีเยี่ยม, ตัวเลือกสีเทากลางคืนดูสง่างาม, ประสบการณ์การใช้งานที่ราบลื่นด้วยระบบปฏิบัติการ iOS, อายุแบตเตอรี่น่าประทับใจ,|fake
iPhone 13 เป็นโมเดลที่ดีเยี่ยม, ประสบการณ์การใช้งานที่ราบลื่นด้วยระบบปฏิบัติการ iOS,|fake
iPhone 13 เป็นโมเดลที่ดีเยี่ยม, ประสบการณ์การใช้งานที่ราบลื่นด้วยระบบปฏิบัติการ iOS, ตัวเลือกสีเทากลางคืนดูสง่างาม, ชอบสีน้ําเงินสวยงาม!,|fake
iPhone 13 เป็นโมเดลที่ดีเยี่ยม, ประสบการณ์การใช้งานที่ราบลื่นด้วยระบบปฏิบัติการ iOS,สีขาวนวลสวยมากค้าบบบ|fake
iPhone 13 เป็นโมเดลที่ดีเยี่ยม, อายุแบตเตอรี่น่าประทับใจ, ชื่อเสียงของ Apple ในเรื่องคุณภาพไม่มีใครเทียบได้,|fake
iPhone 13 เป็นโมเดลที่ดีเยี่ยม, อายุแบตเตอรี่น่าประทับใจ, ตัวเลือกสีเทากลางคืนดูสง่างาม, ความละเอียด Full HD ให้การแสดงผลที่คมชัด,|fake
iPhone 13 สี Starlight 128GB ร้านจัดส่งให้เร็วมากกกกกกกกก โอนเงินสามทุ่ม สิบโมงครึ่งของถึงหน้าบ้านจร้า .... สินค้าดีมากกก คุ้มค่าคุ้มราคา ไม่มีอะไรเสียหาย ร้านค้าห่อกันกระแทกมาอย่างดี|fake
การติดตั้งกล้องสี่ตัวนี้น่าทึ่ง!, iPhone 13 เป็นโมเดลที่ดีเยี่ยม, สีชมพูน่ารักมาก!, ความละเอียด Full HD ให้การแสดงผลที่คมชัด, ชื่อเสียงของ Apple ในเรื่องคุณภาพไม่มีใครเทียบได้, ตัวเลือกสีเทากลางคืนดูสง่างาม, ประสบการณ์การใช้งานที่ราบลื่นด้วยระบบปฏิบัติการ iOS,|fake
การติดตั้งกล้องสี่ตัวนี้น่าทึ่ง!, การติดตั้งกล้องสี่ตัวนี้น่าทึ่ง!, ความละเอียด Full HD ให้การแสดงผลที่คมชัด,|fake
การติดตั้งกล้องสี่ตัวนี้น่าทึ่ง!, ตัวเลือกสีเทากลางคืนดูสง่างาม, iPhone 13 เป็นโมเดลที่ดีเยี่ยม, ความละเอียด Full HD ให้การแสดงผลที่คมชัด, ชอบสีน้ําเงินสวยงาม!, ประสบการณ์การใช้งานที่ราบลื่นด้วยระบบปฏิบัติการ iOS, อายุแบตเตอรี่น่าประทับใจ, อายุแบตเตอรี่น่าประทับใจ, สีชมพูน่ารักมาก!, สีชมพูน่ารักมาก!, ชอบสีน้ําเงินสวยงาม!,|fake
การติดตั้งกล้องสี่ตัวนี้น่าทึ่ง!, ประสบการณ์การใช้งานที่ราบลื่นด้วยระบบปฏิบัติการ iOS, อายุแบตเตอรี่น่าประทับใจ,|fake
การติดตั้งกล้องสี่ตัวนี้น่าทึ่ง!, สีชมพูน่ารักมาก!, ชื่อเสียงของ Apple ในเรื่องคุณภาพไม่มีใครเทียบได้, iPhone 13 เป็นโมเดลที่ดีเยี่ยม, ตัวเลือกสีเทากลางคืนดูสง่างาม, ชอบสีน้ําเงินสวยงาม!, อายุแบตเตอรี่น่าประทับใจ,|fake
ของแท้ๆๆๆจัดดส่งเร็วๆๆๆๆๆ|fake
ของแทร้รรรรรรรรรรรรรรรรรรรรรรรรรรรรรรรรรรรรรรรรรรรรรรรรรรรรรรรรรรรรรรรรรรรรรรรรรรร|fake
ครบทุกสีเครื่องใหม่กริ๊ปๆ มือ1iPhone 13 เป็นโมเดลที่ดีเยี่ยม, อายุแบตเตอรี่น่าประทับใจ, ประสบการณ์การใช้งานที่ราบลื่นด้วยระบบปฏิบัติการ iOS,|fake
ครบทุกสีเครื่องใหม่กริ๊ปๆ มือ1การติดตั้งกล้องสี่ตัวนี้น่าทึ่ง!, ประสบการณ์การใช้งานที่ราบลื่นด้วยระบบปฏิบัติการ iOS, ตัวเลือกสีเทากลางคืนดูสง่างาม,|fake
ครบทุกสีเครื่องใหม่กริ๊ปๆ มือ1สีชมพูน่ารักมาก!, ชอบสีน้ําเงินสวยงาม!, อายุแบตเตอรี่น่าประทับใจ, ความละเอียด Full HD ให้การแสดงผลที่คมชัด,|fake
ความละเอียด Full HD ให้การแสดงผลที่คมชัด, การติดตั้งกล้องสี่ตัวนี้น่าทึ่ง!, iPhone 13 เป็นโมเดลที่ดีเยี่ยม, สีชมพูน่ารักมาก!, ชื่อเสียงของ Apple ในเรื่องคุณภาพไม่มีใครเทียบได้,|fake
ความละเอียด Full HD ให้การแสดงผลที่คมชัด, ชื่อเสียงของ Apple ในเรื่องคุณภาพไม่มีใครเทียบได้, อายุแบตเตอรี่น่าประทับใจ,|fake
ความละเอียด Full HD ให้การแสดงผลที่คมชัด, ตัวเลือกสีเทากลางคืนดูสง่างาม, สีชมพูน่ารักมาก!,|fake
ความละเอียด Full HD ให้การแสดงผลที่คมชัด, ประสบการณ์การใช้งานที่ราบลื่นด้วยระบบปฏิบัติการ iOS, การติดตั้งกล้องสี่ตัวนี้น่าทึ่ง!, iPhone 13 เป็นโมเดลที่ดีเยี่ยม,|fake
ความละเอียด Full HD ให้การแสดงผลที่คมชัด, อายุแบตเตอรี่น่าประทับใจ, iPhone 13 เป็นโมเดลที่ดีเยี่ยม, ตัวเลือกสีเทากลางคืนดูสง่างาม, ตัวเลือกสีเทากลางคืนดูสง่างาม, iPhone 13 เป็นโมเดลที่ดีเยี่ยม,|fake
คุณภาพ:ดีๆๆๆๆๆๆๆๆๆๆๆๆๆๆๆๆๆๆๆๆๆๆๆๆๆๆๆๆๆๆๆๆๆๆๆๆๆๆๆๆๆๆๆๆๆๆๆๆๆๆๆๆๆๆๆๆๆๆๆๆๆๆๆๆๆๆๆๆๆๆๆๆๆๆๆๆๆๆๆ|fake
เครื่องไทยแท้ สวย ครบ ดีมากๆๆๆๆๆๆๆๆๆๆๆๆๆๆๆๆๆๆๆๆๆๆๆเครื่องใหม่ๆๆๆๆๆๆๆๆๆๆๆๆๆๆๆๆๆๆๆๆๆๆๆ|fake
โคตรดี โคตรเร็ว โคตรชอบ ทันใจมาก สั่งเมื่อคืน เที่ยงอีกวันได้ คือสุดยอดมาก ประทับใจในความรวดเร็ว บริการดีเยี่ยม แนะนํา10/10 ค่ะ|fake
ชอบสีน้ําเงินสวยงาม!, ตัวเลือกสีเทากลางคืนดูสง่างาม, สีชมพูน่ารักมาก!, การติดตั้งกล้องสี่ตัวนี้น่าทึ่ง!,|fake
ชื่อเสียงของ Apple ในเรื่องคุณภาพไม่มีใครเทียบได้, iPhone 13 เป็นโมเดลที่ดีเยี่ยม, จัดส่งรวดเร็ว 1 วันได้รับสินค้า|fake
ชื่อเสียงของ Apple ในเรื่องคุณภาพไม่มีใครเทียบได้, การติดตั้งกล้องสี่ตัวนี้น่าทึ่ง!, iPhone 13 เป็นโมเดลที่ดีเยี่ยม, ชอบสีน้ําเงินสวยงาม!,|fake
ชื่อเสียงของ Apple ในเรื่องคุณภาพไม่มีใครเทียบได้, การติดตั้งกล้องสี่ตัวนี้น่าทึ่ง!, อายุแบตเตอรี่น่าประทับใจ, iPhone 13 เป็นโมเดลที่ดีเยี่ยม,|fake
ชื่อเสียงของ Apple ในเรื่องคุณภาพไม่มีใครเทียบได้, ชอบสีน้ําเงินสวยงาม!, อายุแบตเตอรี่น่าประทับใจ, สีชมพูน่ารักมาก!,|fake
ดีๆๆๆๆๆๆๆๆๆๆๆๆๆๆๆๆๆๆๆๆๆๆๆๆๆๆๆๆๆๆๆๆๆๆๆๆๆๆๆๆๆๆๆๆๆๆๆๆๆๆๆๆๆๆๆๆๆๆๆๆๆๆๆๆๆๆๆๆๆๆๆๆๆๆๆๆๆๆ|fake
ดีมากครับ ประทับใจสุดๆ ส่งไว ส่งเร็วดีมากครับ ประทับใจสุดๆ ส่งไว ส่งเร็วดีมากครับ ประทับใจสุดๆ ส่งไว ส่งเร็วดีมากครับ ประทับใจสุดๆ ส่งไว ส่งเร็วดีมากครับ ประทับใจสุดๆ ส่งไว ส่งเร็วดีมากครับ ประทับใจสุดๆ ส่งไว ส่งเร็วดีมากครับ ประทับใจสุดๆ ส่งไว ส่งเร็ว|fake
ได้รับสินค้าเรียบร้อยค่ะ ครบถ้วนถูกต้องค่ะ ดีมาก จัดส่งรวดเร็ว ร้านนี้บริการดีค่ะแนะนํา|fake
ได้รัปไวมากดีๆๆๆๆได้ของสูนไทยด้วยยยยยยยยยยยยยยยยสีสวยยยยยยยยยยยยยยยยยยยยยยยยยยยย|fake
ตัวเลือกสีเทากลางคืนดูสง่างาม, ความละเอียด Full HD ให้การแสดงผลที่คมชัด, อายุแบตเตอรี่น่าประทับใจ, การติดตั้งกล้องสี่ตัวนี้น่าทึ่ง!, ชอบสีน้ําเงินสวยงาม!, iPhone 13 เป็นโมเดลที่ดีเยี่ยม, สีชมพูน่ารักมาก!,|fake
แท้ครับไม่มีของแถมหัวชาร์จแบตก็ไม่มี ได้ความละเอียด Full HD ให้การแสดงผลที่คมชัด,iPhone 13 เป็นโมเดลที่ดีเยี่ยม,|fake
ประสบการณ์การใช้งานที่ราบลื่นด้วยระบบปฏิบัติการ iOS, iPhone 13 เป็นโมเดลที่ดีเยี่ยม, ความละเอียด Full HD ให้การแสดงผลที่คมชัด, การติดตั้งกล้องสี่ตัวนี้น่าทึ่ง!, ความละเอียด Full HD ให้การแสดงผลที่คมชัด, ความละเอียด Full HD ให้การแสดงผลที่คมชัด, iPhone 13 เป็นโมเดลที่ดีเยี่ยม, ความละเอียด Full HD ให้การแสดงผลที่คมชัด, iPhone 13 เป็นโมเดลที่ดีเยี่ยม,|fake
ประสบการณ์การใช้งานที่ราบลื่นด้วยระบบปฏิบัติการ iOS, iPhone 13 เป็นโมเดลที่ดีเยี่ยม, ความละเอียด Full HD ให้การแสดงผลที่คมชัด, ชื่อเสียงของ Apple ในเรื่องคุณภาพไม่มีใครเทียบได้, สีชมพูน่ารักมาก!,|fake
ประสบการณ์การใช้งานที่ราบลื่นด้วยระบบปฏิบัติการ iOS, iPhone 13 เป็นโมเดลที่ดีเยี่ยม, ตัวเลือกสีเทากลางคืนดูสง่างาม, อายุแบตเตอรี่น่าประทับใจ,|fake
ประสบการณ์การใช้งานที่ราบลื่นด้วยระบบปฏิบัติการ iOS, การติดตั้งกล้องสี่ตัวนี้น่าทึ่ง!, ความละเอียด Full HD ให้การแสดงผลที่คมชัด,|fake
ประสบการณ์การใช้งานที่ราบลื่นด้วยระบบปฏิบัติการ iOS, ชื่อเสียงของ Apple ในเรื่องคุณภาพไม่มีใครเทียบได้, ความละเอียด Full HD ให้การแสดงผลที่คมชัด,|fake
ประสบการณ์การใช้งานที่ราบลื่นด้วยระบบปฏิบัติการ iOS, ประสบการณ์การใช้งานที่ราบลื่นด้วยระบบปฏิบัติการ iOS,|fake
ประสบการณ์ผู้ใช้ที่ราบรื่นและไม่มีรอยต่อ, อายุแบตเตอรี่ที่ยาวนาน, ประสิทธิภาพที่รวดเร็วและมีประสิทธิภาพ,|fake
ร้านจัดส่งเร็ว สินค้าบรรจุดี พนักงานจัดส่งดี|fake
เราได้ราคาถูกมากเพราะสั่ง 3.3 ที่ประทับใจคือ ส่งเร็วมากกกกกกกกกกกกกกกกก สั่งเที่ยงคืนได้บ่ายวันนั้นเลยยยย เร็วจนตกใจ แพ็คมาดีด้วยกล่องลาซาด้า โทรศัพท์สวยมากกกกกกกกกกกกกก ใหม่แกะกล่อง สภาพดี เช็คแล้วคือดีมากๆๆๆๆๆๆ ส่วนเรื่องระบบคงต้องดูกันต่อไป เราสั่ง iphone 13 สี midnight ชอบสีมากกกกกกก สวยถูกใจ มีรับประกันปกติเลยยยยย สั่งได้เลย ไม่ต้องลังเล!!!!!|fake
ส่งไว ของไม่ชํารุดเสียหาย iPhone 13 เป็นโมเดลที่ดีเยี่ยม, ชื่อเสียงของ Apple ในเรื่องคุณภาพไม่มีใครเทียบได้, ประสบการณ์การใช้งานที่ราบลื่นด้วยระบบปฏิบัติการ iOS, อายุแบตเตอรี่น่าประทับใจ, ตัวเลือกสีเทากลางคืนดูสง่างาม,|fake
ส่งไวแบบไวมากกกกกกกกกกกกกกก สวยงาม ตามท้องเรื่อง เริดดดดดดดดดดดดด ราคาคือปังน๊าาาาาาาา|fake
ส่งไวมากๆๆๆ 2 วันได้ของแล้วววว ประสบการณ์การใช้งานที่ราบลื่นด้วยระบบปฏิบัติการ iOS, ตัวเลือกสีเทากลางคืนดูสง่างาม, ชื่อเสียงของ Apple ในเรื่องคุณภาพไม่มีใครเทียบได้,|fake
ส่งไวมากกกกกกกกกกกกกกกกกกกกกกกกกก ราคาถูกกกกกกกกกกกกกกกกกกกกกกกกกกกกกกกกหหกก ของแท้|fake
สินค้าถึงเร็วใช้งานได้ดีมากกกกกกกกกกกกกกกกกกกกกกกกกกกกกกกกกกกกกกกกกกกกกกกกกกกกกก|fake
สีชมพูน่ารักมาก!,|fake
สีชมพูน่ารักมาก!, การติดตั้งกล้องสี่ตัวนี้น่าทึ่ง!, ความละเอียด Full HD ให้การแสดงผลที่คมชัด, ชื่อเสียงของ Apple ในเรื่องคุณภาพไม่มีใครเทียบได้, ชื่อเสียงของ Apple ในเรื่องคุณภาพไม่มีใครเทียบได้, การติดตั้งกล้องสี่ตัวนี้น่าทึ่ง!,|fake
สีชมพูน่ารักมาก!, ความละเอียด Full HD ให้การแสดงผลที่คมชัด, iPhone 13 เป็นโมเดลที่ดีเยี่ยม ซื้อวันเกิดลาซาด้าถูกมากก|fake
สีชมพูน่ารักมาก!, ชื่อเสียงของ Apple ในเรื่องคุณภาพไม่มีใครเทียบได้, iPhone 13 เป็นโมเดลที่ดีเยี่ยม,|fake
อายุแบตเตอรี่น่าประทับใจ, iPhone 13 เป็นโมเดลที่ดีเยี่ยม, ชื่อเสียงของ Apple ในเรื่องคุณภาพไม่มีใครเทียบได้, ประสบการณ์การใช้งานที่ราบลื่นด้วยระบบปฏิบัติการ iOS,|fake
อายุแบตเตอรี่น่าประทับใจ, iPhone 13 เป็นโมเดลที่ดีเยี่ยม, ประสบการณ์การใช้งานที่ราบลื่นด้วยระบบปฏิบัติการ iOS,|fake
อายุแบตเตอรี่น่าประทับใจ, ความละเอียด Full HD ให้การแสดงผลที่คมชัด, ประสบการณ์การใช้งานที่ราบลื่นด้วยระบบปฏิบัติการ iOS, ตัวเลือกสีเทากลางคืนดูสง่างาม,|fake
อายุแบตเตอรี่น่าประทับใจ, ประสบการณ์การใช้งานที่ราบลื่นด้วยระบบปฏิบัติการ iOS, ชื่อเสียงของ Apple ในเรื่องคุณภาพไม่มีใครเทียบได้, ความละเอียด Full HD ให้การแสดงผลที่คมชัด,|fake
