ชุดดีมากกกกกกกกกกกกกกกกกกกกกกกกกกกกกกกกกกกกกกกกกกกกกกกกกกกกกกกกกกกกกกกกกกกกกกกกก|fake
ชุดเดรสน่ารักมาก,|fake
ชุดเดรสน่ารักมาก, น่ารักและสบาย, เพิ่มเติมที่ยอดเยี่ยมในการสะสมตุ๊กตา, เหมาะสําหรับตุ๊กตาขนาด 15 ซม.,|fake
ชุดเดรสน่ารักมาก, ผ้าคุณภาพดีมาก, น้องน่ารักมากกกผ้าคุณภาพดีมาก, เหมาะสําหรับตุ๊กตาขนาด 15 ซม.,|fake
ชุดเดรสน่ารักมาก, ผ้าคุณภาพดีมาก, มีลวดลายน่ารักให้เลือกมากมาย, น่ารักและสบาย, มีสีสันสดใสให้เลือก, เหมาะสําหรับคนรักตุ๊กตา, รอนานนิดนึงค่ะ|fake
ชุดเดรสน่ารักมาก, เพิ่มเติมที่ยอดเยี่ยมในการสะสมตุ๊กตา, ทนทานและทําดี, เหมาะสําหรับคนรักตุ๊กตา, เหมาะสําหรับคนรักตุ๊กตา,|fake
ชุดเดรสน่ารักมาก, มีลวดลายน่ารักให้เลือกมากมาย, เหมาะสําหรับตุ๊กตาขนาด 15 ซม., ทนทานและทําดี, เพิ่มเติมที่ยอดเยี่ยมในการสะสมตุ๊กตา, น่ารักและสบาย, มีสีสันสดใสให้เลือก,|fake
ชุดเดรสน่ารักมาก, มีสีสันสดใสให้เลือก, ผ้าคุณภาพดีมาก, เหมาะสําหรับคนรักตุ๊กตา, มีลวดลายน่ารักให้เลือกมากมาย,|fake
ชุดเดรสน่ารักมาก, ลายพิมพ์สนุกและน่าเล่น, ทนทานและทําดี, ผ้าคุณภาพดีมาก, มีสีสันสดใสให้เลือก,|fake
ชุดเดรสน่ารักมาก, ลายพิมพ์สนุกและน่าเล่น, เหมาะสําหรับตุ๊กตาขนาด 15 ซม., ทนทานและทําดี, น่ารักและสบาย,|fake
ชุดเดรสน่ารักมาก, ลายพิมพ์สนุกและน่าเล่น,ชุดเดรสน่ารักมาก, ผ้าคุณภาพดีมาก,น่ารักและสบาย, มีสีสันสดใสให้เลือก, ชุดเดรสน่ารักมาก, ผ้าคุณภาพดีมาก,|fake
ชุดเดรสน่ารักมาก, เหมาะสําหรับคนรักตุ๊กตา, น่ารักและสบาย, มีลวดลายน่ารักให้เลือกมากมาย,|fake
ชุดเดรสน่ารักมาก, เหมาะสําหรับคนรักตุ๊กตา, เหมาะสําหรับตุ๊กตาขนาด 15 ซม., ผ้าคุณภาพดีมาก,|fake
ชุดเดรสน่ารักมาก, เหมาะสําหรับตุ๊กตาขนาด 15 ซม., น่ารักและสบาย, มีลวดลายน่ารักให้เลือกมากมาย,|fake
ชุดเดรสน่ารักมาก, เหมาะสําหรับตุ๊กตาขนาด 15 ซม., เพิ่มเติมที่ยอดเยี่ยมในการสะสมตุ๊กตา, ผ้าคุณภาพดีมาก,|fake
ชุดน้องมาถึงแล้ว สภาพคือโอเคเลย มันไกลอะก็อาจจะรอนานนิดนึงงงงงงงงงงงงงงงงงงงงงงงงง|fake
ชุดน่ารัก ใส่แล้วสวยถูกใจ ชอบมากกกเหมาะสําหรับตุ๊กตาขนาด 15 ซม., เหมาะสําหรับตุ๊กตาขนาด 15 ซม., น่ารักและสบาย, มีลวดลายน่ารักให้เลือกมากมาย, ผ้าคุณภาพดีมาก, ทนทานและทําดี,|fake
ชุดน่ารักมาก ราคาย่อมเยาว์ เหมาะสําหรับตุ๊กตาขนาด 15 ซม., เพิ่มเติมที่ยอดเยี่ยมในการสะสมตุ๊กตา,|fake
ชุดน่ารักมากกกกก สินค้าพรีออเดอร์ ไม่นาน ไม่เร็วเกินไป แต่ว่าชุดอาจจะใส่ยากหน่อย เพราะบู้อ้วน|fake
ชุดนี้น่ารักมากแต่ใส่ยากนิดนึงค่ะ บีบหัวน้องแทบหลุดกว่าจะยัดหัวบู้ลงหัวฉลามได้แต่ใส่ออกมาแล้วน่ารักมาดๆๆๆๆๆๆ น่ารักที่สุดดดดดดดด ราคาดีค่า|fake
ดววดวดวดวกววกวกวกวกวกวกงกงกฝกฝกใกใกใกวดวดวดรอาพมพงํางําใดใดอ ทแาดากสํา ํา ํา ําสํานพยดวดฝดงดอรีิรอนดนดีดีีดีดีดีดีดีดีดี|fake
ดีๆๆๆๆๆๆๆๆๆๆๆๆๆๆๆๆๆๆๆๆๆๆๆๆๆๆๆๆๆๆๆๆๆๆๆๆๆๆๆๆๆๆๆๆๆๆๆๆๆๆๆๆๆๆๆๆๆๆๆๆๆๆๆๆๆๆๆๆๆๆๆๆๆๆๆๆๆๆ|fake
ดีงาม น่ารัก ตรงปกติ ราคาไม่แรง ซื้อซ้ําแน่นอน|fake
ดีดีดีดีดีดีดีดีดีดีดีดีดีดีดีดีดีดีดีดีดีดีดีดีดีดีดีดีดีดีดีดีดีดีดีดีดีดีดีดีดีดีดีดีดีดีดีดีดีดี|fake
ทนทานและทําดี, ชุดเดรสน่ารักมาก, ลายพิมพ์สนุกและน่าเล่น, มีสีสันสดใสให้เลือก, น่ารักและสบาย, เพิ่มเติมที่ยอดเยี่ยมในการสะสมตุ๊กตา,|fake
ทนทานและทําดี, ผ้าคุณภาพดีมาก, น่ารักและสบาย, มีสีสันสดใสให้เลือก, เหมาะสําหรับตุ๊กตาขนาด 15 ซม.,|fake
ทนทานและทําดี, เพิ่มเติมที่ยอดเยี่ยมในการสะสมตุ๊กตา, ผ้าคุณภาพดีมาก, เพิ่มเติมที่ยอดเยี่ยมในการสะสมตุ๊กตา,|fake
ทนทานและทําดี, เพิ่มเติมที่ยอดเยี่ยมในการสะสมตุ๊กตา, เหมาะสําหรับคนรักตุ๊กตา, ลายพิมพ์สนุกและน่าเล่น,|fake
ทนทานและทําดี, มีลวดลายน่ารักให้เลือกมากมาย, น่ารักและสบาย, มีลวดลายน่ารักให้เลือกมากมาย,|fake
ทนทานและทําดี, มีสีสันสดใสให้เลือก, เพิ่มเติมที่ยอดเยี่ยมในการสะสมตุ๊กตา, เหมาะสําหรับตุ๊กตาขนาด 15 ซม.,|fake
ทนทานและทําดี, ลายพิมพ์สนุกและน่าเล่น, น่ารักและสบาย, เพิ่มเติมที่ยอดเยี่ยมในการสะสมตุ๊กตา, เพิ่มเติมที่ยอดเยี่ยมในการสะสมตุ๊กตา, มีลวดลายน่ารักให้เลือกมากมาย, เหมาะสําหรับคนรักตุ๊กตา, มีสีสันสดใสให้เลือก,|fake
ทนทานและทําดี, เหมาะสําหรับคนรักตุ๊กตา, เหมาะสําหรับตุ๊กตาขนาด 15 ซม., มีสีสันสดใสให้เลือก, ผ้าคุณภาพดีมาก,|fake
ทนทานและทําดี, เหมาะสําหรับตุ๊กตาขนาด 15 ซม., ลายพิมพ์สนุกและน่าเล่น, มีสีสันสดใสให้เลือก, ทนทานและทําดี,|fake
น้อนน่ารักมาก ส่งจากจีนอาจนานหน่อย แต่ราคาไม่แรง มีลวดลายน่ารักให้เลือกมากมาย, เหมาะสําหรับตุ๊กตาขนาด 15 ซม., เพิ่มเติมที่ยอดเยี่ยมในการสะสมตุ๊กตา, ผ้าคุณภาพดีมาก, เหมาะสําหรับคนรักตุ๊กตา,|fake
นับแลเวรอยานานๆๆๆๆๆๆๆๆๆมากๆๆๆๆๆๆๆๆๆๆๆรอๆๆๆๆๆๆๆๆๆๆๆๆๆๆๆๆๆๆๆๆๆๆๆๆๆๆๆๆถือวานานมากกกกกกกก|fake
น่ารัก ได้ครบตรงงงงงงงงงงงงงงงงงงงงงงงงงงงงงงงงงงงงงงงงงงงงงงงงงงงงงงงงงงงงงงงงงงงงงงงงงง|fake
น่ารัก พอดีตัว.... สั่งอีก ตามมาติดๆ เลย|fake
น่ารักกกกกกกกกกกกกกกกกกกกกกกกกกกกกกกกกกกกกกกกกกกกกกกกกกกกกกกกกกกกกกกกกกกกกกกกกกก|fake
น่ารักกกกกกกกกกกกกกกกกกกกกกกกกกกกกกกกกกกกกกกกกกกกกกกกกกกกกกกกกกกกกกกกกกกกกกกกกกกก|fake
น่ารักกกกกกกกกกกกกกกกกกกกกกกกกกกกกกกกกกค่าาาาาาาาาาาาที่สุดดดดดดดดดดดดดดดดดดดดดด|fake
น่ารักและสบาย, น่ารักและสบาย, เหมาะสําหรับคนรักตุ๊กตา, เหมาะสําหรับตุ๊กตาขนาด 15 ซม., น่ารักและสบาย,|fake
น่ารักและสบาย, เพิ่มเติมที่ยอดเยี่ยมในการสะสมตุ๊กตา, เพิ่มเติมที่ยอดเยี่ยมในการสะสมตุ๊กตา, เหมาะสําหรับตุ๊กตาขนาด 15 ซม., เหมาะสําหรับตุ๊กตาขนาด 15 ซม., เหมาะสําหรับตุ๊กตาขนาด 15 ซม., เพิ่มเติมที่ยอดเยี่ยมในการสะสมตุ๊กตา,|fake
น่ารักและสบาย, เพิ่มเติมที่ยอดเยี่ยมในการสะสมตุ๊กตา, มีสีสันสดใสให้เลือก, มีลวดลายน่ารักให้เลือกมากมาย, ทนทานและทําดี,|fake
น่ารักและสบาย, มีลวดลายน่ารักให้เลือกมากมาย, ผ้าคุณภาพดีมาก, มีสีสันสดใสให้เลือก, ชุดเดรสน่ารักมาก,|fake
น่ารักและสบาย, มีลวดลายน่ารักให้เลือกมากมาย, เพิ่มเติมที่ยอดเยี่ยมในการสะสมตุ๊กตา, เหมาะสําหรับคนรักตุ๊กตา, มีสีสันสดใสให้เลือก, เหมาะสําหรับตุ๊กตาขนาด 15 ซม., ชุดเดรสน่ารักมาก,|fake
น่ารักและสบาย, มีลวดลายน่ารักให้เลือกมากมาย, เหมาะสําหรับตุ๊กตาขนาด 15 ซม., เพิ่มเติมที่ยอดเยี่ยมในการสะสมตุ๊กตา,|fake
น่ารักและสบาย, มีลวดลายน่ารักให้เลือกมากมาย, เหมาะสําหรับตุ๊กตาขนาด 15 ซม., มีสีสันสดใสให้เลือก,|fake
น่ารักและสบาย, มีสีสันสดใสให้เลือก, ผ้าคุณภาพดีมาก, มีลวดลายน่ารักให้เลือกมากมาย, เพิ่มเติมที่ยอดเยี่ยมในการสะสมตุ๊กตา, ทนทานและทําดี,|fake
น่ารักและสบาย, มีสีสันสดใสให้เลือก, มีลวดลายน่ารักให้เลือกมากมาย, เพิ่มเติมที่ยอดเยี่ยมในการสะสมตุ๊กตา,|fake
น่ารักและสบาย, มีสีสันสดใสให้เลือก, เหมาะสําหรับคนรักตุ๊กตา, ผ้าคุณภาพดีมาก, มีลวดลายน่ารักให้เลือกมากมาย,|fake
น่ารักและสบาย, เหมาะสําหรับคนรักตุ๊กตา, ชุดเดรสน่ารักมาก, มีสีสันสดใสให้เลือก, มีลวดลายน่ารักให้เลือกมากมาย, ผ้าคุณภาพดีมาก,|fake
น่ารักและสบาย, เหมาะสําหรับคนรักตุ๊กตา, มีลวดลายน่ารักให้เลือกมากมาย, เหมาะสําหรับตุ๊กตาขนาด 15 ซม., ผ้าคุณภาพดีมาก, เพิ่มเติมที่ยอดเยี่ยมในการสะสมตุ๊กตา,|fake
น่ารักและสบาย, เหมาะสําหรับตุ๊กตาขนาด 15 ซม.,|fake
น่ารักและสบาย, เหมาะสําหรับตุ๊กตาขนาด 15 ซม., ชุดเดรสน่ารักมาก, ทนทานและทําดี, ผ้าคุณภาพดีมาก,|fake
น่ารักและสบาย, เหมาะสําหรับตุ๊กตาขนาด 15 ซม., มีสีสันสดใสให้เลือก, เหมาะสําหรับคนรักตุ๊กตา, เพิ่มเติมที่ยอดเยี่ยมในการสะสมตุ๊กตา,|fake
น่ารักสดใส, เหมาะสําหรับตุ๊กตาขนาด 15 ซม., ผ้าคุณภาพดีมาก, เหมาะสําหรับคนรักตุ๊กตา, ชุดเดรสน่ารักมาก,|fake
ผ้าคุณภาพดีมาก,|fake
ผ้าคุณภาพดีมาก, ชุดเดรสน่ารักมาก, ทนทานและทําดี, มีสีสันสดใสให้เลือก, เหมาะสําหรับตุ๊กตาขนาด 15 ซม., เหมาะสําหรับตุ๊กตาขนาด 15 ซม., เหมาะสําหรับตุ๊กตาขนาด 15 ซม.,|fake
ผ้าคุณภาพดีมาก, ชุดเดรสน่ารักมาก, มีสีสันสดใสให้เลือก, มีสีสันสดใสให้เลือก, มีลวดลายน่ารักให้เลือกมากมาย,|fake
ผ้าคุณภาพดีมาก, ทนทานและทําดี, มีลวดลายน่ารักให้เลือกมากมาย, มีสีสันสดใสให้เลือก, เหมาะสําหรับคนรักตุ๊กตา,|fake
ผ้าคุณภาพดีมาก, น่ารักและสบาย, เพิ่มเติมที่ยอดเยี่ยมในการสะสมตุ๊กตา, การจัดส่งไว การใช้งานดีมาก ใส่ง่าย น่ารัก^^ แนะนําจ้า^^|fake
ผ้าคุณภาพดีมาก, เพิ่มเติมที่ยอดเยี่ยมในการสะสมตุ๊กตา, ทนทานและทําดี, ลายพิมพ์สนุกและน่าเล่น,|fake
ผ้าคุณภาพดีมาก, เพิ่มเติมที่ยอดเยี่ยมในการสะสมตุ๊กตา, มีสีสันสดใสให้เลือก, ชุดเดรสน่ารักมาก, น่ารักและสบาย, มีลวดลายน่ารักให้เลือกมากมาย,|fake
ผ้าคุณภาพดีมาก, เพิ่มเติมที่ยอดเยี่ยมในการสะสมตุ๊กตา, เหมาะสําหรับตุ๊กตาขนาด 15 ซม., เหมาะสําหรับคนรักตุ๊กตา, ลายพิมพ์สนุกและน่าเล่น, ทนทานและทําดี, น่ารักและสบาย, น่ารักและสบาย, ชุดเดรสน่ารักมาก,|fake
ผ้าคุณภาพดีมาก, มีสีสันสดใสให้เลือก, เพิ่มเติมที่ยอดเยี่ยมในการสะสมตุ๊กตา, มีลวดลายน่ารักให้เลือกมากมาย, ลายพิมพ์สนุกและน่าเล่น,|fake
ผ้าคุณภาพดีมาก, มีสีสันสดใสให้เลือก, มีลวดลายน่ารักให้เลือกมากมาย, ราคาไม่แรงมากค่ะ|fake
ผ้าคุณภาพดีมาก, ลายพิมพ์สนุกและน่าเล่น, มีสีสันสดใสให้เลือก, เหมาะสําหรับคนรักตุ๊กตา, ทนทานและทําดี, เหมาะสําหรับตุ๊กตาขนาด 15 ซม.,|fake
ผ้าคุณภาพดีมาก, เหมาะสําหรับคนรักตุ๊กตา, ลายพิมพ์สนุกและน่าเล่น, น่ารักและสบาย, ทนทานและทําดี, เพิ่มเติมที่ยอดเยี่ยมในการสะสมตุ๊กตา,|fake
ผ้าคุณภาพดีมาก, เหมาะสําหรับตุ๊กตาขนาด 15 ซม., ทนทานและทําดี, เหมาะสําหรับคนรักตุ๊กตา, น่ารักและสบาย,สี:Deer0|fake
เพิ่มเติมที่ยอดเยี่ยมในการสะสมตุ๊กตา, ทนทานและทําดี, น่ารักและสบาย, มีลวดลายน่ารักให้เลือกมากมาย, เหมาะสําหรับคนรักตุ๊กตา,|fake
เพิ่มเติมที่ยอดเยี่ยมในการสะสมตุ๊กตา, น่ารักและสบาย, ทนทานและทําดี, มีสีสันสดใสให้เลือก, เหมาะสําหรับตุ๊กตาขนาด 15 ซม.,|fake
เพิ่มเติมที่ยอดเยี่ยมในการสะสมตุ๊กตา, เพิ่มเติมที่ยอดเยี่ยมในการสะสมตุ๊กตา, เพิ่มเติมที่ยอดเยี่ยมในการสะสมตุ๊กตา, เพิ่มเติมที่ยอดเยี่ยมในการสะสมตุ๊กตา, เพิ่มเติมที่ยอดเยี่ยมในการสะสมตุ๊กตา, เพิ่มเติมที่ยอดเยี่ยมในการสะสมตุ๊กตา, เพิ่มเติมที่ยอดเยี่ยมในการสะสมตุ๊กตา,|fake
เพิ่มเติมที่ยอดเยี่ยมในการสะสมตุ๊กตา, มีสีสันสดใสให้เลือก, ทนทานและทําดี, น่ารักและสบาย, เหมาะสําหรับตุ๊กตาขนาด 15 ซม., ชุดเดรสน่ารักมาก, เหมาะสําหรับตุ๊กตาขนาด 15 ซม., ลายพิมพ์สนุกและน่าเล่น, มีลวดลายน่ารักให้เลือกมากมาย,|fake
เพิ่มเติมที่ยอดเยี่ยมในการสะสมตุ๊กตา, ลายพิมพ์สนุกและน่าเล่น, ชุดเดรสน่ารักมาก, น่ารักและสบาย, ผ้าคุณภาพดีมาก, เหมาะสําหรับตุ๊กตาขนาด 15 ซม.,|fake
เพิ่มเติมที่ยอดเยี่ยมในการสะสมตุ๊กตา, ลายพิมพ์สนุกและน่าเล่น, ผ้าคุณภาพดีมาก, ทนทานและทําดี, มีสีสันสดใสให้เลือก,|fake
เพิ่มเติมที่ยอดเยี่ยมในการสะสมตุ๊กตา, เหมาะสําหรับคนรักตุ๊กตา, ชุดเดรสน่ารักมาก, เหมาะสําหรับตุ๊กตาขนาด 15 ซม., ทนทานและทําดี, ผ้าคุณภาพดีมาก, น่ารักและสบาย,|fake
เพิ่มเติมที่ยอดเยี่ยมในการสะสมตุ๊กตา, เหมาะสําหรับตุ๊กตาขนาด 15 ซม., ผ้าคุณภาพดีมาก, มีลวดลายน่ารักให้เลือกมากมาย,|fake
เพิ่มเติมที่ยอดเยี่ยมในการสะสมตุ๊กตา, เหมาะสําหรับตุ๊กตาขนาด 15 ซม., มีสีสันสดใสให้เลือก, ลายพิมพ์สนุกและน่าเล่น,|fake
มีลวดลายน่ารักให้เลือกมากมาย, น่ารักและสบาย, เหมาะสําหรับตุ๊กตาขนาด 15 ซม., ทนทานและทําดี, มีสีสันสดใสให้เลือก, ชุดเดรสน่ารักมาก,|fake
มีลวดลายน่ารักให้เลือกมากมาย, ผ้าคุณภาพดีมาก, มีสีสันสดใสให้เลือก,|fake
มีลวดลายน่ารักให้เลือกมากมาย, เพิ่มเติมที่ยอดเยี่ยมในการสะสมตุ๊กตา, ทนทานและทําดี, เหมาะสําหรับคนรักตุ๊กตา,|fake
มีลวดลายน่ารักให้เลือกมากมาย, เพิ่มเติมที่ยอดเยี่ยมในการสะสมตุ๊กตา, น่ารักและสบาย, ลายพิมพ์สนุกและน่าเล่น, ผ้าคุณภาพดีมาก, มีสีสันสดใสให้เลือก, ทนทานและทําดี, เหมาะสําหรับตุ๊กตาขนาด 15 ซม., หลวมไปค่ะ แต่ก็ใส่ออกมาสวยนะคะ|fake
มีลวดลายน่ารักให้เลือกมากมาย, เพิ่มเติมที่ยอดเยี่ยมในการสะสมตุ๊กตา, มีลวดลายน่ารักให้เลือกมากมาย,|fake
มีลวดลายน่ารักให้เลือกมากมาย, มีสีสันสดใสให้เลือก, ชุดเดรสน่ารักมาก, เหมาะสําหรับตุ๊กตาขนาด 15 ซม.,|fake
มีลวดลายน่ารักให้เลือกมากมาย, มีสีสันสดใสให้เลือก, ผ้าคุณภาพดีมาก, น่ารักเพิ่มเติมที่ยอดเยี่ยมในการสะสมตุ๊กตา, เพิ่มเติมที่ยอดเยี่ยมในการสะสมตุ๊กตา,|fake
มีลวดลายน่ารักให้เลือกมากมาย, ลายพิมพ์สนุกและน่าเล่น, ลายพิมพ์สนุกและน่าเล่น, เหมาะสําหรับตุ๊กตาขนาด 15 ซม., เหมาะสําหรับตุ๊กตาขนาด 15 ซม., เหมาะสําหรับตุ๊กตาขนาด 15 ซม.,|fake
มีลวดลายน่ารักให้เลือกมากมาย, เหมาะสําหรับคนรักตุ๊กตา, มีสีสันสดใสให้เลือก, เหมาะสําหรับตุ๊กตาขนาด 15 ซม., ผ้าคุณภาพดีมาก, น่ารักและสบาย,|fake
มีลวดลายน่ารักให้เลือกมากมาย, เหมาะสําหรับคนรักตุ๊กตา, ลายพิมพ์สนุกและน่าเล่น, เหมาะสําหรับตุ๊กตาขนาด 15 ซม.,|fake
มีลวดลายน่ารักให้เลือกมากมาย, เหมาะสําหรับตุ๊กตาขนาด 15 ซม., ชุดเดรสน่ารักมาก, เพิ่มเติมที่ยอดเยี่ยมในการสะสมตุ๊กตา,|fake
มีลวดลายน่ารักให้เลือกมากมาย, เหมาะสําหรับตุ๊กตาขนาด 15 ซม., ทนทานและทําดี, เหมาะสําหรับคนรักตุ๊กตา,|fake
มีลวดลายน่ารักให้เลือกมากมาย, เหมาะสําหรับตุ๊กตาขนาด 15 ซม., เพิ่มเติมที่ยอดเยี่ยมในการสะสมตุ๊กตา, มีสีสันสดใสให้เลือก,|fake
มีสีสันสดใสให้เลือก, ชุดเดรสน่ารักมาก, ทนทานและทําดี, เพิ่มเติมที่ยอดเยี่ยมในการสะสมตุ๊กตา, เหมาะสําหรับตุ๊กตาขนาด 15 ซม., น่ารักและสบาย, ลายพิมพ์สนุกและน่าเล่น, ผ้าคุณภาพดีมาก, ตัวนี้ยังไม่ได้ชองใส่ให้น้องค่ะ ซื้อให้คุณแม่|fake
มีสีสันสดใสให้เลือก, ทนทานและทําดี, ผ้าคุณภาพดีมาก, เพิ่มเติมที่ยอดเยี่ยมในการสะสมตุ๊กตา,|fake
มีสีสันสดใสให้เลือก, ทนทานและทําดี, เพิ่มเติมที่ยอดเยี่ยมในการสะสมตุ๊กตา, เพิ่มเติมที่ยอดเยี่ยมในการสะสมตุ๊กตา, เหมาะสําหรับตุ๊กตาขนาด 15 ซม.,|fake
มีสีสันสดใสให้เลือก, น่ารักและสบาย, เพิ่มเติมที่ยอดเยี่ยมในการสะสมตุ๊กตา, เหมาะสําหรับคนรักตุ๊กตา, ทนทานและทําดี, มีลวดลายน่ารักให้เลือกมากมาย,|fake
มีสีสันสดใสให้เลือก, น่ารักและสบาย, เหมาะสําหรับคนรักตุ๊กตา, ทนทานและทําดี, มีลวดลายน่ารักให้เลือกมากมาย, ลายพิมพ์สนุกและน่าเล่น,|fake
มีสีสันสดใสให้เลือก, น่ารักและสบาย, เหมาะสําหรับคนรักตุ๊กตา, เพิ่มเติมที่ยอดเยี่ยมในการสะสมตุ๊กตา,|fake
มีสีสันสดใสให้เลือก, ผ้าคุณภาพดีมาก, เพิ่มเติมที่ยอดเยี่ยมในการสะสมตุ๊กตา, เหมาะสําหรับตุ๊กตาขนาด 15 ซม.,|fake
มีสีสันสดใสให้เลือก, เพิ่มเติมที่ยอดเยี่ยมในการสะสมตุ๊กตา, น่ารักและสบาย, ทนทานและทําดี, มีลวดลายน่ารักให้เลือกมากมาย,|fake
มีสีสันสดใสให้เลือก, เพิ่มเติมที่ยอดเยี่ยมในการสะสมตุ๊กตา, ลายพิมพ์สนุกและน่าเล่น, เหมาะสําหรับคนรักตุ๊กตา, ชุดเดรสน่ารักมาก,|fake
มีสีสันสดใสให้เลือก, มีลวดลายน่ารักให้เลือกมากมาย, ชุดเดรสน่ารักมาก, ผ้าคุณภาพดีมาก, น่ารักและสบาย,|fake
มีสีสันสดใสให้เลือก, มีลวดลายน่ารักให้เลือกมากมาย, ลายพิมพ์สนุกและน่าเล่น, เหมาะสําหรับตุ๊กตาขนาด 15 ซม.,|fake
มีสีสันสดใสให้เลือก, มีลวดลายน่ารักให้เลือกมากมาย, เหมาะสําหรับคนรักตุ๊กตา, ชุดเดรสน่ารักมาก, รอไม่นานเลยสี:Deer9|fake
มีสีสันสดใสให้เลือก, มีลวดลายน่ารักให้เลือกมากมาย, เหมาะสําหรับคนรักตุ๊กตา, ลายพิมพ์สนุกและน่าเล่น, ทนทานและทําดี, น่ารักและสบาย,|fake
มีสีสันสดใสให้เลือก, มีลวดลายน่ารักให้เลือกมากมาย, เหมาะสําหรับตุ๊กตาขนาด 15 ซม., น่ารักและสบาย,|fake
มีสีสันสดใสให้เลือก, มีสีสันสดใสให้เลือก, เพิ่มเติมที่ยอดเยี่ยมในการสะสมตุ๊กตา, เพิ่มเติมที่ยอดเยี่ยมในการสะสมตุ๊กตา, เพิ่มเติมที่ยอดเยี่ยมในการสะสมตุ๊กตา,|fake
มีสีสันสดใสให้เลือก, ลายพิมพ์สนุกและน่าเล่น, น่ารักและสบาย, เพิ่มเติมที่ยอดเยี่ยมในการสะสมตุ๊กตา, เพิ่มเติมที่ยอดเยี่ยมในการสะสมตุ๊กตา, เหมาะสําหรับตุ๊กตาขนาด 15 ซม.,|fake
มีสีสันสดใสให้เลือก, ลายพิมพ์สนุกและน่าเล่น, มีลวดลายน่ารักให้เลือกมากมาย, ผ้าคุณภาพดีมาก,|fake
มีสีสันสดใสให้เลือก, ลายพิมพ์สนุกและน่าเล่น, มีลวดลายน่ารักให้เลือกมากมาย, เหมาะสําหรับคนรักตุ๊กตา, ชุดเดรสน่ารักมาก, ผ้าคุณภาพดีมาก,|fake
มีสีสันสดใสให้เลือก, เหมาะสําหรับคนรักตุ๊กตา, ชุดเดรสน่ารักมาก, น่ารักและสบาย, เพิ่มเติมที่ยอดเยี่ยมในการสะสมตุ๊กตา,|fake
ยอด ดีเลิศ เด็ดขาด อันดับหนึ่ง ศักดิ์สิทธิ์ มหัศจรรย์ ที่สุด สุดยอด เยี่ยม ยอดเยี่ยม ยอด เยี่ยมยอด ดีที่สุด เลิศที่สุด ชนะเลิศ เลิศเลอ ดีเด่น สุดเหวี่ยง วิเศษ ฮีโร่ บริสุทธิ์ ล้ําเลิศ ชั้นเลิศ เลิศล้ํา เด็ด หนึ่งเดียว พิเศษ ยอดไปเลย เยี่ยมไปเลย ที่หนึ่งเลย โดดเด่น ปาฏิหาริย์|fake
ลายพิมพ์สนุกและน่าเล่น, ชุดเดรสน่ารักมาก, น่ารักและสบาย, มีลวดลายน่ารักให้เลือกมากมาย, เพิ่มเติมที่ยอดเยี่ยมในการสะสมตุ๊กตา, ทนทานและทําดี, เหมาะสําหรับตุ๊กตาขนาด 15 ซม., ผ้าคุณภาพดีมาก,|fake
ลายพิมพ์สนุกและน่าเล่น, เพิ่มเติมที่ยอดเยี่ยมในการสะสมตุ๊กตา, ทนทานและทําดี, ชุดเดรสน่ารักมาก, มีลวดลายน่ารักให้เลือกมากมาย, น่ารักและสบาย, เหมาะสําหรับคนรักตุ๊กตา, มีสีสันสดใสให้เลือก,|fake
ลายพิมพ์สนุกและน่าเล่น, เพิ่มเติมที่ยอดเยี่ยมในการสะสมตุ๊กตา, มีสีสันสดใสให้เลือก,|fake
ลายพิมพ์สนุกและน่าเล่น, มีลวดลายน่ารักให้เลือกมากมาย, เหมาะสําหรับคนรักตุ๊กตา, ทนทานและทําดี,|fake
ลายพิมพ์สนุกและน่าเล่น, มีสีสันสดใสให้เลือก, เพิ่มเติมที่ยอดเยี่ยมในการสะสมตุ๊กตา, เหมาะสําหรับตุ๊กตาขนาด 15 ซม.,|fake
ลายพิมพ์สนุกและน่าเล่น, มีสีสันสดใสให้เลือก, เหมาะสําหรับตุ๊กตาขนาด 15 ซม., เพิ่มเติมที่ยอดเยี่ยมในการสะสมตุ๊กตา,|fake
ลายพิมพ์สนุกและน่าเล่น, ลายพิมพ์สนุกและน่าเล่น, ทนทานและทําดี, มีสีสันสดใสให้เลือก, ผ้าคุณภาพดีมาก, ผ้าคุณภาพดีมาก,|fake
ลายพิมพ์สนุกและน่าเล่น, ลายพิมพ์สนุกและน่าเล่น, ลายพิมพ์สนุกและน่าเล่น, ลายพิมพ์สนุกและน่าเล่น, ลายพิมพ์สนุกและน่าเล่น, ลายพิมพ์สนุกและน่าเล่น, ลายพิมพ์สนุกและน่าเล่น, ลายพิมพ์สนุกและน่าเล่น, ลายพิมพ์สนุกและน่าเล่น, ลายพิมพ์สนุกและน่าเล่น, ลายพิมพ์สนุกและน่าเล่น, ลายพิมพ์สนุกและน่าเล่น,|fake
ลายพิมพ์สนุกและน่าเล่น, เหมาะสําหรับคนรักตุ๊กตา, น่ารักและสบาย, เพิ่มเติมที่ยอดเยี่ยมในการสะสมตุ๊กตา,|fake
ส่งของเร็วมากกๆ สินค้าคุณภาพดีราคาถูก พนักงานส่งของมีการโทรมาก่อนส่ง พูดจาสุภาพมาก ไว้จะกลับมาอุดหนุนใหม่นะคะ|fake
ส่งของเร็วมากกๆ สินค้าคุณภาพดีราคาถูก พนักงานส่งของมีการโทรมาก่อนส่ง พูดจาสุภาพมาก ไว้จะกลับมาอุดหนุนใหม่นะคะ|fake
สวยยยยยยมาก|fake
สวยยยยยยยยยยยยยยยยยยยยยยยยยยยยยยยยยยยยยยยยยยยยยยยยยยยยยยยยยยยยยยยยยยยยยยยยยยยยยยย|fake
สวยสวยสวยสวยสวยยยจนสวยสวยสวยสวยสวยสวยสวยสวยสวยสวสวยสวยสวยสวยสวยสวยสวยสวยสวยสวยสวยสวย|fake
สินค้าดี ราคาถูก สะดวกสบาย ในการชอปปิ้งมาก ยิ่งหน้าร้อนด้วย ไม่สะดวกในการออกไปข้างนอก แค่ชอป ออนไลน์ ผ่าน lazada รอสินค้าที่บ้าน ...ดีงามที่สุด แนะนําเพื่อนไปทุกคนมาชอปปิ้งกันเยอะๆ ในนี้น๊า... ร้านค้าน่ารัก จัดส่งทันใจ ใช้งาน ของครบถ้วน ถูกต้อง 5ดาวไปเลย แล้วจะกลับมาอุดหนุนอีกแน่นอน|fake
ใส่ได้พอดี​ น่ารักมากค่ะผ้าคุณภาพดีมาก, เหมาะสําหรับคนรักตุ๊กตา, มีสีสันสดใสให้เลือก,|fake
เหมาะสําหรับคนรักตุ๊กตา, ชุดเดรสน่ารักมาก,|fake
เหมาะสําหรับคนรักตุ๊กตา, ชุดเดรสน่ารักมาก, เพิ่มเติมที่ยอดเยี่ยมในการสะสมตุ๊กตา, มีลวดลายน่ารักให้เลือกมากมาย,|fake
เหมาะสําหรับคนรักตุ๊กตา, ทนทานและทําดี, ชุดเดรสน่ารักมาก, ผ้านุ่มมาก สวยย น่ารักและสบาย|fake
เหมาะสําหรับคนรักตุ๊กตา, ทนทานและทําดี, ลายพิมพ์สนุกและน่าเล่น, มีลวดลายน่ารักให้เลือกมากมาย, ผ้าคุณภาพดีมาก, น่ารักและสบาย,|fake
เหมาะสําหรับคนรักตุ๊กตา, เพิ่มเติมที่ยอดเยี่ยมในการสะสมตุ๊กตา, ชุดเดรสน่ารักมาก, มีลวดลายน่ารักให้เลือกมากมาย, ลายพิมพ์สนุกและน่าเล่น, ทนทานและทําดี,|fake
เหมาะสําหรับคนรักตุ๊กตา, เพิ่มเติมที่ยอดเยี่ยมในการสะสมตุ๊กตา, มีสีสันสดใสให้เลือก, มีลวดลายน่ารักให้เลือกมากมาย, มีลวดลายน่ารักให้เลือกมากมาย,|fake
เหมาะสําหรับคนรักตุ๊กตา, เพิ่มเติมที่ยอดเยี่ยมในการสะสมตุ๊กตา, มีสีสันสดใสให้เลือก, เหมาะสําหรับตุ๊กตาขนาด 15 ซม., ชุดเดรสน่ารักมาก, ลายพิมพ์สนุกและน่าเล่น,|fake
เหมาะสําหรับคนรักตุ๊กตา, มีลวดลายน่ารักให้เลือกมากมาย, ผ้าคุณภาพดีมาก, ชุดเดรสน่ารักมาก, มีสีสันสดใสให้เลือก, ลายพิมพ์สนุกและน่าเล่น, เพิ่มเติมที่ยอดเยี่ยมในการสะสมตุ๊กตา, เหมาะสําหรับตุ๊กตาขนาด 15 ซม.,|fake
เหมาะสําหรับคนรักตุ๊กตา, มีลวดลายน่ารักให้เลือกมากมาย, เพิ่มเติมที่ยอดเยี่ยมในการสะสมตุ๊กตา, ลายพิมพ์สนุกและน่าเล่น,|fake
เหมาะสําหรับคนรักตุ๊กตา, มีลวดลายน่ารักให้เลือกมากมาย, มีสีสันสดใสให้เลือก, ทนทานและทําดี, เหมาะสําหรับตุ๊กตาขนาด 15 ซม., เหมาะสําหรับตุ๊กตาขนาด 15 ซม.,|fake
เหมาะสําหรับคนรักตุ๊กตา, มีลวดลายน่ารักให้เลือกมากมาย, เหมาะสําหรับตุ๊กตาขนาด 15 ซม., ทนทานและทําดี,|fake
เหมาะสําหรับคนรักตุ๊กตา, มีลวดลายน่ารักให้เลือกมากมาย, เหมาะสําหรับตุ๊กตาขนาด 15 ซม., น่ารักและสบาย,|fake
เหมาะสําหรับคนรักตุ๊กตา, ลายพิมพ์สนุกและน่าเล่น, น่ารักและสบาย, มีสีสันสดใสให้เลือก, เหมาะสําหรับตุ๊กตาขนาด 15 ซม., เพิ่มเติมที่ยอดเยี่ยมในการสะสมตุ๊กตา, ผ้าคุณภาพดีมาก, ชุดเดรสน่ารักมาก,|fake
เหมาะสําหรับคนรักตุ๊กตา, ลายพิมพ์สนุกและน่าเล่น, ผ้าคุณภาพดีมาก, ลายพิมพ์สนุกและน่าเล่น, ลายพิมพ์สนุกและน่าเล่น,|fake
เหมาะสําหรับคนรักตุ๊กตา, เหมาะสําหรับคนรักตุ๊กตา, ลายพิมพ์สนุกและน่าเล่น, มีลวดลายน่ารักให้เลือกมากมาย, เพิ่มเติมที่ยอดเยี่ยมในการสะสมตุ๊กตา, มีสีสันสดใสให้เลือก, น่ารักและสบาย, ชุดเดรสน่ารักมาก,|fake
เหมาะสําหรับคนรักตุ๊กตา, เหมาะสําหรับคนรักตุ๊กตา, เหมาะสําหรับคนรักตุ๊กตา, เหมาะสําหรับคนรักตุ๊กตา, เหมาะสําหรับคนรักตุ๊กตา, เหมาะสําหรับคนรักตุ๊กตา,|fake
เหมาะสําหรับคนรักตุ๊กตา, เหมาะสําหรับตุ๊กตาขนาด 15 ซม., เหมาะสําหรับคนรักตุ๊กตา, เพิ่มเติมที่ยอดเยี่ยมในการสะสมตุ๊กตา, ชุดเดรสน่ารักมาก,|fake
เหมาะสําหรับตุ๊กตาขนาด 15 ซม., ชุดเดรสน่ารักมาก, ทนทานและทําดี, เหมาะสําหรับตุ๊กตาขนาด 15 ซม., ลายพิมพ์สนุกและน่าเล่น, มีลวดลายน่ารักให้เลือกมากมาย, ชุดเดรสน่ารักมาก, ทนทานและทําดี, เหมาะสําหรับคนรักตุ๊กตา, ผ้าคุณภาพดีมาก,|fake
เหมาะสําหรับตุ๊กตาขนาด 15 ซม., ชุดเดรสน่ารักมาก, เพิ่มเติมที่ยอดเยี่ยมในการสะสมตุ๊กตา, มีลวดลายน่ารักให้เลือกมากมาย, ลายพิมพ์สนุกและน่าเล่น,|fake
เหมาะสําหรับตุ๊กตาขนาด 15 ซม., ชุดเดรสน่ารักมาก, เหมาะสําหรับคนรักตุ๊กตา, น่ารักและสบาย, ผ้าคุณภาพดีมาก,|fake
เหมาะสําหรับตุ๊กตาขนาด 15 ซม., ชุดเดรสน่ารักมาก, เหมาะสําหรับคนรักตุ๊กตา, มีลวดลายน่ารักให้เลือกมากมาย, น่ารักและสบาย,สี:Deer1|fake
เหมาะสําหรับตุ๊กตาขนาด 15 ซม., ดีเหมาะสําหรับคนรักตุ๊กตา, ดีชุดเดรสน่ารักมาก, ดีเหมาะสําหรับคนรักตุ๊กตา,|fake
เหมาะสําหรับตุ๊กตาขนาด 15 ซม., ทนทานและทําดี, ผ้าคุณภาพดีมาก, ชุดเดรสน่ารักมาก, ชุดเดรสน่ารักมาก, น่ารักและสบาย,|fake
เหมาะสําหรับตุ๊กตาขนาด 15 ซม., ทนทานและทําดี, มีสีสันสดใสให้เลือก, น่ารักและสบาย, เหมาะสําหรับคนรักตุ๊กตา,|fake
เหมาะสําหรับตุ๊กตาขนาด 15 ซม., ทนทานและทําดี, มีสีสันสดใสให้เลือก, เพิ่มเติมที่ยอดเยี่ยมในการสะสมตุ๊กตา,|fake
เหมาะสําหรับตุ๊กตาขนาด 15 ซม., ทนทานและทําดี, เหมาะสําหรับคนรักตุ๊กตา, มีลวดลายน่ารักให้เลือกมากมาย, ลายพิมพ์สนุกและน่าเล่น, ชุดเดรสน่ารักมาก, มีสีสันสดใสให้เลือก, เพิ่มเติมที่ยอดเยี่ยมในการสะสมตุ๊กตา,|fake
เหมาะสําหรับตุ๊กตาขนาด 15 ซม., น่ารักและสบาย, เหมาะสําหรับคนรักตุ๊กตา, ทนทานและทําดี, ลายพิมพ์สนุกและน่าเล่น,|fake
เหมาะสําหรับตุ๊กตาขนาด 15 ซม., ผ้าคุณภาพดีมาก,|fake
เหมาะสําหรับตุ๊กตาขนาด 15 ซม., ผ้าคุณภาพดีมาก, ชุดเดรสน่ารักมาก, น่ารักและสบาย, เป็นชุดลาบูบู้ ไม่มีตุ๊กตานะคะ ตอนแรกที่สั่งนึกว่ามีตุ๊กตาด้วย ลืมอ่านรายละเอียด เอาตุ๊กตาที่มีในบ้านมาใส่แทน ถ้ามีลาบูบู้คงแพงกว่านี้มาก..555|fake
เหมาะสําหรับตุ๊กตาขนาด 15 ซม., เพิ่มเติมที่ยอดเยี่ยมในการสะสมตุ๊กตา, ทนทานและทําดี, ชุดเดรสน่ารักมาก, เหมาะสําหรับคนรักตุ๊กตา, ลายพิมพ์สนุกและน่าเล่น,|fake
เหมาะสําหรับตุ๊กตาขนาด 15 ซม., เพิ่มเติมที่ยอดเยี่ยมในการสะสมตุ๊กตา, น่ารักและสบาย, ผ้าคุณภาพดีมาก,|fake
เหมาะสําหรับตุ๊กตาขนาด 15 ซม., มีลวดลายน่ารักให้เลือกมากมาย, ชุดเดรสน่ารักมาก, มีสีสันสดใสให้เลือก,|fake
เหมาะสําหรับตุ๊กตาขนาด 15 ซม., มีลวดลายน่ารักให้เลือกมากมาย, เพิ่มเติมที่ยอดเยี่ยมในการสะสมตุ๊กตา, ทนทานและทําดี,|fake
เหมาะสําหรับตุ๊กตาขนาด 15 ซม., มีลวดลายน่ารักให้เลือกมากมาย, ลายพิมพ์สนุกและน่าเล่น, ตัวใหญ่ไปนิดนึง|fake
เหมาะสําหรับตุ๊กตาขนาด 15 ซม., ลายพิมพ์สนุกและน่าเล่น, มีสีสันสดใสให้เลือก, ผ้าคุณภาพดีมาก, น่ารักและสบาย, ทนทานและทําดี, เหมาะสําหรับคนรักตุ๊กตา, เพิ่มเติมที่ยอดเยี่ยมในการสะสมตุ๊กตา,|fake
เหมาะสําหรับตุ๊กตาขนาด 15 ซม., ลายพิมพ์สนุกและน่าเล่น, เหมาะสําหรับคนรักตุ๊กตา, เพิ่มเติมที่ยอดเยี่ยมในการสะสมตุ๊กตา,|fake
เหมาะสําหรับตุ๊กตาขนาด 15 ซม., เหมาะสําหรับคนรักตุ๊กตา, มีลวดลายน่ารักให้เลือกมากมาย,|fake
เหมาะสําหรับตุ๊กตาขนาด 15 ซม., เหมาะสําหรับคนรักตุ๊กตา, มีสีสันสดใสให้เลือก, มีลวดลายน่ารักให้เลือกมากมาย, น่ารักและสบาย,|fake
เหมาะสําหรับตุ๊กตาขนาด 15 ซม., เหมาะสําหรับตุ๊กตาขนาด 15 ซม., มีสีสันสดใสให้เลือก, มีลวดลายน่ารักให้เลือกมากมาย, เหมาะสําหรับคนรักตุ๊กตา, ทนทานและทําดี,|fake
เหมาะสําหรับตุ๊กตาขนาด 15 ซม., เหมาะสําหรับตุ๊กตาขนาด 15 ซม., เหมาะสําหรับตุ๊กตาขนาด 15 ซม., เหมาะสําหรับตุ๊กตาขนาด 15 ซม., เหมาะสําหรับตุ๊กตาขนาด 15 ซม., เหมาะสําหรับตุ๊กตาขนาด 15 ซม.,|fake
เียดยีดียดัตดียดียเตดนีดียดีนดีนเียเียเียเียเียเียแแียเียเีอีียแอ่ยอ่ยอ่ยอียอียอ|fake
ๅด้รับสินค้าครบเร้วๅด้รับสินค้าครบเร้วๅด้รับสินค้าครบเร้วๅด้รับสินค้าครบเร้วๅด้รับสินค้าครบเร้วๅด้รับสินค้าครบเร้วๅด้รับสินค้าครบเร้วๅด้รับสินค้าครบเร้ว|fake
