ดีไซน์เบาสุดๆ!, การเชื่อมต่อไร้สายที่ดี, ปุ่มมาโครที่สามารถปรับแต่งได้, เซ็นเซอร์ที่ตอบสนองได้อย่างรวดเร็ว,|fake
คุณภาพการสร้างที่ดีเยี่ยม, ปุ่มมาโครที่สามารถปรับแต่งได้, ดีไซน์เบาสุดๆ!, การติดตามที่ราบรื่นและแม่นยํา,|fake
เหมาะสําหรับเกมเมอร์มืออาชีพ, ดูสวยงามและทันสมัย,|fake
ดูสวยงามและทันสมัย, เหมาะสําหรับเกมเมอร์มืออาชีพ, ดีไซน์เบาสุดๆ!, การเชื่อมต่อไร้สายที่ดี,|fake
ดีไซน์เบาสุดๆ!, การติดตามที่ราบรื่นและแม่นยํา, เหมาะสําหรับเกมเมอร์มืออาชีพ, ดูสวยงามและทันสมัย,|fake
ดูสวยงามและทันสมัย, การเชื่อมต่อไร้สายที่ดี, เหมาะสําหรับเกมเมอร์มืออาชีพ, ดีไซน์เบาสุดๆ!, อายุแบตเตอรี่ที่ใช้งานได้นาน, เซ็นเซอร์ที่ตอบสนองได้อย่างรวดเร็ว,|fake
การเชื่อมต่อไร้สายที่ดี, ดีไซน์เบาสุดๆ!, ปุ่มมาโครที่สามารถปรับแต่งได้, เหมาะสําหรับเกมเมอร์มืออาชีพ, อายุแบตเตอรี่ที่ใช้งานได้นาน,|fake
เหมาะสําหรับเกมเมอร์มืออาชีพ, เซ็นเซอร์ที่ตอบสนองได้อย่างรวดเร็ว, การเชื่อมต่อไร้สายที่ดี, ดีไซน์เบาสุดๆ!,ปุ่มมาโครที่สามารถปรับแต่งได้,|fake
คุณภาพการสร้างที่ดีเยี่ยม, ดีไซน์เบาสุดๆ!, ปุ่มมาโครที่สามารถปรับแต่งได้, เซ็นเซอร์ที่ตอบสนองได้อย่างรวดเร็ว, เหมาะสําหรับเกมเมอร์มืออาชีพ,|fake
เป็นสินค้าที่ดีมากกดกดดดดดดดดกกกกกกกกกกกกกกกกกกกกกก*กกกกกกกกกกกกกกกกกกกกกกกกกกครับ|fake
อายุแบตเตอรี่ที่ใช้งานได้นาน, คุณภาพการสร้างที่ดีเยี่ยม, ปุ่มมาโครที่สามารถปรับแต่งได้,|fake
ดีไซน์เบาสุดๆ!, เหมาะสําหรับเกมเมอร์มืออาชีพ,|fake
,ใช้งานได้ดีครับส่งเร็วมาก|fake
ดีไซน์เบาสุดๆ!, ดูสวยงามและทันสมัย,|fake
เซ็นเซอร์ที่ตอบสนองได้อย่างรวดเร็ว, สีสันสวยงาม rare item ชมพูจี๊ดจ๊าด|fake
การเชื่อมต่อไร้สายที่ดี, ดูสวยงามและทันสมัย, ดีไซน์เบาสุดๆ!, ปุ่มมาโครที่สามารถปรับแต่งได้,|fake
ดูสวยงามและทันสมัย, คุณภาพการสร้างที่ดีเยี่ยม, เซ็นเซอร์ที่ตอบสนองได้อย่างรวดเร็ว,|fake
ส่งไวมากครับดีไซน์เบาสุดๆ!, เซ็นเซอร์ที่ตอบสนองได้อย่างรวดเร็ว, อายุแบตเตอรี่ที่ใช้งานได้นาน, ดูสวยงามและทันสมัย,|fake
ร้านส่งของได้ไวมากกกสินค้าคุณภาพดี​ ใข้งานดีมากกกกกขนว่งก็ส่งเร็วมากกกกกกกกกกกกกกกกกสรุปดีไปหมดซะทุกอย่าง  สินค้าดี ร้านดี ขนส่งดี|fake
ดีไซน์เบาสุดๆ!, คุณภาพการสร้างที่ดีเยี่ยม, ปุ่มมาโครที่สามารถปรับแต่งได้,|fake
ของดีมากครับตรงปกสุดดดดดดดดดดดดดดดดดดดดดดดดดดดดดดดดดดดดดดดดดดดดดดดดดดดดดดดดดดดดดคิดคําไม่ออก|fake
