, р╕кр╕┤р╕Щр╕Др╣Йр╕▓р╕Ир╕▒р╕Фр╕кр╣Ир╕Зр╕бр╕▓р╣Ар╕гр╕╡р╕вр╕Ър╕гр╣Йр╕нр╕вр╕Фр╕╡р╕бр╕▓р╕Бр╣Ж р╕Др╕╕р╕Ур╕ар╕▓р╕Юр╕лр╕▓р╕вр╕лр╣Ир╕зр╕Зр╣Вр╕Фр╕вр╕гр╕зр╕бр╣Бр╕ер╣Йр╕зр╕Др╕╕р╣Йр╕бр╕Др╣Ир╕▓р╕Др╕╕р╣Йр╕бр╕гр╕▓р╕Др╕▓ р╣Бр╕Щр╣Ир╕Щр╕нр╕Щр╕ер╣Ир╕░р╣Др╕зр╣Йр╕бр╕╡р╣Вр╕нр╕Бр╕▓р╕кр╕лр╕Щр╣Йр╕▓р╕Ир╕░р╣Гр╕Кр╣Йр╕Ър╕гр╕┤р╕Бр╕▓р╕гр╕Лр╕╖р╣Йр╕нр╕нр╕╡р╕Бр╕гр╕нр╕Ъ р╣Бр╕ер╕░р╕Ър╕нр╕Бр╕Хр╣Ир╕нр╕лр╕▓р╕Бр╕бр╕╡р╕Др╕Щр╕Цр╕▓р╕бр╕зр╣Ир╕▓р╕Лр╕╖р╣Йр╕нр╕Чр╕╡р╣Ир╣Др╕лр╕Щ р╕кр╕гр╕╕р╕Ыр╣Бр╕ер╣Йр╕зр╣Вр╕Фр╕вр╕гр╕зр╕бр╣Бр╕ер╣Йр╕зр╕Др╕╕р╣Йр╕бр╕Др╣Ир╕▓р╕Др╕╕р╣Йр╕бр╕гр╕▓р╕Др╕▓р╕Фр╕╡р╕бр╕▓р╕Бр╣Ж|fake
р╕Бр╕кр╕Бр╕кр╕кр╕Бр╕Бр╕кр╕▓р╕Бр╣Ир╕Бр╣Ир╕Бр╕▓р╕Бр╕Др╕╕р╕Ур╕кр╕бр╕Ър╕▒р╕Хр╕┤р╕Бр╕▓р╕гр╕ер╣Зр╕нр╕Др╕Чр╕╡р╣Ир╕кр╕░р╕Фр╕зр╕Бр╕бр╕▓р╕Б!, р╕Др╕╕р╕Ур╕кр╕бр╕Ър╕▒р╕Хр╕┤р╕Бр╕▓р╕гр╕ер╣Зр╕нр╕Др╕Чр╕╡р╣Ир╕кр╕░р╕Фр╕зр╕Бр╕бр╕▓р╕Б!, р╕Др╕╕р╕Ур╕кр╕бр╕Ър╕▒р╕Хр╕┤р╕Бр╕▓р╕гр╕ер╣Зр╕нр╕Др╕Чр╕╡р╣Ир╕кр╕░р╕Фр╕зр╕Бр╕бр╕▓р╕Б!, р╕Др╕╕р╕Ур╕кр╕бр╕Ър╕▒р╕Хр╕┤р╕Бр╕▓р╕гр╕ер╣Зр╕нр╕Др╕Чр╕╡р╣Ир╕кр╕░р╕Фр╕зр╕Бр╕бр╕▓р╕Б!,|fake
р╣Ар╕Бр╣Зр╕Ър╕Др╕зр╕▓р╕бр╣Ар╕вр╣Зр╕Щр╕Фр╕╡р╕бр╕▓р╕Б р╕Др╕зр╕▓р╕бр╕гр╣Йр╕нр╕Щр╣Бр╕ер╕░р╕Др╕зр╕▓р╕бр╣Ар╕вр╣Зр╕Щр╕Чр╣Нр╕▓р╕Зр╕▓р╕Щр╣Др╕Фр╣Йр╕нр╕вр╣Ир╕▓р╕Зр╕Фр╕╡!, р╕Др╕╕р╕Ур╕кр╕бр╕Ър╕▒р╕Хр╕┤р╕Бр╕▓р╕гр╕ер╣Зр╕нр╕Др╕Чр╕╡р╣Ир╕кр╕░р╕Фр╕зр╕Бр╕бр╕▓р╕Б!, р╣Ар╕лр╕бр╕▓р╕░р╕кр╣Нр╕▓р╕лр╕гр╕▒р╕Ър╕Бр╕┤р╕Ир╕Бр╕гр╕гр╕бр╕Бр╕ер╕▓р╕Зр╣Бр╕Ир╣Йр╕З!, р╕зр╕▒р╕кр╕Фр╕╕р╕кр╣Бр╕Хр╕Щр╣Ар╕ер╕кр╕Др╕╕р╕Ур╕ар╕▓р╕Юр╣Ар╕вр╕╡р╣Ир╕вр╕б!,|fake
р╣Бр╕Бр╣Йр╕зр╣Ар╕Бр╣Зр╕Ър╕Др╕зр╕▓р╕бр╣Ар╕вр╣Зр╕Щр╕бр╕╡р╕Вр╕Щр╕▓р╕Фр╣Гр╕лр╕Нр╣И р╣Ар╕Бр╣Зр╕Ър╕Др╕зр╕▓р╕бр╣Ар╕вр╣Зр╕Щр╣Др╕Фр╣Йр╕Фр╕╡р╕ер╕нр╕Зр╣Гр╕Кр╣Йр╣Бр╕ер╣Йр╕зр╕Др╣Ир╕░ р╣Др╕бр╣Ир╕Хр╣Йр╕нр╕Зр╣Ар╕Хр╕┤р╕бр╕Щр╣Йр╣Нр╕▓р╕Ър╣Ир╕нр╕вр╕кр╕░р╕Фр╕зр╕Бр╕Фр╕╡р╕Др╣Ир╕░ р╣Бр╕Щр╕░р╕Щр╣Нр╕▓р╕гр╣Йр╕▓р╕Щр╕Щр╕╡р╣Йр╕Др╣Ир╕░|fake
р╕Вр╕Щр╕кр╣Ир╕Зр╣Др╕зр╕бр╕▓р╕Бр╣Ж... р╕кр╕ар╕▓р╕Юр╕Зр╕кр╕┤р╕Щр╕Др╣Йр╕▓р╕Ыр╕Бр╕Хр╕┤р╣Др╕бр╣Ир╣Ар╕кр╕╡р╕вр╕лр╕▓р╕вр╣Бр╕ер╕░р╕Ър╕╕р╕Ър╕кр╕зр╕в... р╣Др╕Фр╣Йр╕Хр╕▓р╕бр╕кр╕╡р╕Чр╕╡р╣Ир╕кр╕▒р╣Ир╕Зр╕Цр╕╣р╕Бр╣Гр╕Ир╕бр╕▓р╕Бр╕гр╕▓р╕Др╕▓р╣Др╕бр╣Ир╣Бр╕Юр╕З.... р╣Бр╕Щр╕░р╕Щр╣Нр╕▓р╕гр╣Йр╕▓р╕Щр╕кр╣Ир╕Зр╕Вр╕нр╕Зр╣Др╕зр╕бр╕▓р╕Бр╣Жр╕Др╣Ир╕░р╕Хр╕гр╕Зр╕Ыр╕гр╕Бр╕Хр╕гр╕зр╕Хр╕▓р╕бр╕Чр╕╢р╣Ир╣Вр╕Жр╕йр╕Ур╕▓... р╣Ар╕вр╕╡р╣Ир╕вр╕бр╣Гр╕Вр╕▒р╣Бр╕ер╣Йр╕зр╕Фр╕╡р╕Ир╕гр╕┤р╕Зр╣Ар╕Бр╣Зр╕Ър╣Др╕Фр╣Йр╕Чр╕▒р╣Йр╕Зр╕Др╕зр╕▓р╕бр╣Ар╕вр╣Зр╕Щр╣Бр╕ер╕░р╕Щр╣Йр╣Нр╕▓р╕гр╣Йр╕нр╕Щ... ЁЯСНЁЯСНЁЯСНЁЯСН|fake
р╕Вр╕Щр╕▓р╕Фр╕Чр╕╡р╣Ир╣Ар╕лр╕бр╕▓р╕░р╕кр╕бр╕кр╣Нр╕▓р╕лр╕гр╕▒р╕Ър╕Бр╕▓р╕гр╕Фр╕╖р╣Ир╕бр╕Щр╣Йр╣Нр╕▓р╣Ар╕бр╕╖р╣Ир╕нр╕нр╕нр╕Бр╕Щр╕нр╕Бр╕Ър╣Йр╕▓р╕Щ!, р╕Вр╕Щр╕▓р╕Фр╕Чр╕╡р╣Ир╣Ар╕лр╕бр╕▓р╕░р╕кр╕бр╕кр╣Нр╕▓р╕лр╕гр╕▒р╕Ър╕Бр╕▓р╕гр╕Фр╕╖р╣Ир╕бр╕Щр╣Йр╣Нр╕▓р╣Ар╕бр╕╖р╣Ир╕нр╕нр╕нр╕Бр╕Щр╕нр╕Бр╕Ър╣Йр╕▓р╕Щ!, р╕Вр╕Щр╕▓р╕Фр╕Чр╕╡р╣Ир╣Ар╕лр╕бр╕▓р╕░р╕кр╕бр╕кр╣Нр╕▓р╕лр╕гр╕▒р╕Ър╕Бр╕▓р╕гр╕Фр╕╖р╣Ир╕бр╕Щр╣Йр╣Нр╕▓р╣Ар╕бр╕╖р╣Ир╕нр╕нр╕нр╕Бр╕Щр╕нр╕Бр╕Ър╣Йр╕▓р╕Щ!, р╕Вр╕Щр╕▓р╕Фр╕Чр╕╡р╣Ир╣Ар╕лр╕бр╕▓р╕░р╕кр╕бр╕кр╣Нр╕▓р╕лр╕гр╕▒р╕Ър╕Бр╕▓р╕гр╕Фр╕╖р╣Ир╕бр╕Щр╣Йр╣Нр╕▓р╣Ар╕бр╕╖р╣Ир╕нр╕нр╕нр╕Бр╕Щр╕нр╕Бр╕Ър╣Йр╕▓р╕Щ!, р╣Ар╕лр╕бр╕▓р╕░р╕кр╣Нр╕▓р╕лр╕гр╕▒р╕Ър╕Бр╕┤р╕Ир╕Бр╕гр╕гр╕бр╕Бр╕ер╕▓р╕Зр╣Бр╕Ир╣Йр╕З!,|fake
р╕Вр╕Щр╕▓р╕Фр╕Чр╕╡р╣Ир╣Ар╕лр╕бр╕▓р╕░р╕кр╕бр╕кр╣Нр╕▓р╕лр╕гр╕▒р╕Ър╕Бр╕▓р╕гр╕Фр╕╖р╣Ир╕бр╕Щр╣Йр╣Нр╕▓р╣Ар╕бр╕╖р╣Ир╕нр╕нр╕нр╕Бр╕Щр╕нр╕Бр╕Ър╣Йр╕▓р╕Щ!, р╕Вр╕Щр╕▓р╕Фр╕Чр╕╡р╣Ир╣Ар╕лр╕бр╕▓р╕░р╕кр╕бр╕кр╣Нр╕▓р╕лр╕гр╕▒р╕Ър╕Бр╕▓р╕гр╕Фр╕╖р╣Ир╕бр╕Щр╣Йр╣Нр╕▓р╣Ар╕бр╕╖р╣Ир╕нр╕нр╕нр╕Бр╕Щр╕нр╕Бр╕Ър╣Йр╕▓р╕Щ!, р╕лр╕ер╕нр╕Фр╕Фр╕╖р╣Ир╕бр╣Ар╕Ыр╣Зр╕Щр╕кр╕┤р╣Ир╕Зр╕Чр╕╡р╣Ир╕Фр╕╡р╣Ар╕Юр╕┤р╣Ир╕бр╣Ар╕Хр╕┤р╕б!, р╕кр╕гр╣Йр╕▓р╕Зр╕Фр╣Йр╕зр╕вр╕зр╕▒р╕кр╕Фр╕╕р╕Др╕╕р╕Ур╕ар╕▓р╕Юр╕кр╕╣р╕Зр╣Бр╕ер╕░р╕Чр╕Щр╕Чр╕▓р╕Щ!, р╣Ар╕лр╕бр╕▓р╕░р╕кр╣Нр╕▓р╕лр╕гр╕▒р╕Ър╕Бр╕┤р╕Ир╕Бр╕гр╕гр╕бр╕Бр╕ер╕▓р╕Зр╣Бр╕Ир╣Йр╕З!, р╕Др╕╕р╕Ур╕кр╕бр╕Ър╕▒р╕Хр╕┤р╕Бр╕▓р╕гр╕ер╣Зр╕нр╕Др╕Чр╕╡р╣Ир╕кр╕░р╕Фр╕зр╕Бр╕бр╕▓р╕Б!, р╕гр╕▒р╕Бр╕йр╕▓р╕Др╕зр╕▓р╕бр╣Ар╕вр╣Зр╕Щр╕Вр╕нр╕Зр╣Ар╕Др╕гр╕╖р╣Ир╕нр╕Зр╕Фр╕╖р╣Ир╕бр╣Др╕Фр╣Йр╕Щр╕▓р╕Щ!, р╕гр╕▒р╕Бр╕кр╣Др╕Хр╕ер╣Мр╕нр╕нр╕Бр╣Бр╕Ър╕Ър╕Чр╕╡р╣Ир╕Фр╕╣р╕Фр╕╡!,|fake
р╕Вр╕Щр╕▓р╕Фр╕Чр╕╡р╣Ир╣Ар╕лр╕бр╕▓р╕░р╕кр╕бр╕кр╣Нр╕▓р╕лр╕гр╕▒р╕Ър╕Бр╕▓р╕гр╕Фр╕╖р╣Ир╕бр╕Щр╣Йр╣Нр╕▓р╣Ар╕бр╕╖р╣Ир╕нр╕нр╕нр╕Бр╕Щр╕нр╕Бр╕Ър╣Йр╕▓р╕Щ!, р╕Др╕зр╕▓р╕бр╕гр╣Йр╕нр╕Щр╣Бр╕ер╕░р╕Др╕зр╕▓р╕бр╣Ар╕вр╣Зр╕Щр╕Чр╣Нр╕▓р╕Зр╕▓р╕Щр╣Др╕Фр╣Йр╕нр╕вр╣Ир╕▓р╕Зр╕Фр╕╡!, р╕Зр╣Ир╕▓р╕вр╕Хр╣Ир╕нр╕Бр╕▓р╕гр╕Чр╣Нр╕▓р╕Др╕зр╕▓р╕бр╕кр╕░р╕нр╕▓р╕Ф р╣Др╕бр╣Ир╕вр╕╕р╣Ир╕Зр╕вр╕▓р╕Б!,|fake
р╕Вр╕Щр╕▓р╕Фр╕Чр╕╡р╣Ир╣Ар╕лр╕бр╕▓р╕░р╕кр╕бр╕кр╣Нр╕▓р╕лр╕гр╕▒р╕Ър╕Бр╕▓р╕гр╕Фр╕╖р╣Ир╕бр╕Щр╣Йр╣Нр╕▓р╣Ар╕бр╕╖р╣Ир╕нр╕нр╕нр╕Бр╕Щр╕нр╕Бр╕Ър╣Йр╕▓р╕Щ!, р╕Др╕зр╕▓р╕бр╕гр╣Йр╕нр╕Щр╣Бр╕ер╕░р╕Др╕зр╕▓р╕бр╣Ар╕вр╣Зр╕Щр╕Чр╣Нр╕▓р╕Зр╕▓р╕Щр╣Др╕Фр╣Йр╕нр╕вр╣Ир╕▓р╕Зр╕Фр╕╡!, р╕гр╕▒р╕Бр╕йр╕▓р╕Др╕зр╕▓р╕бр╣Ар╕вр╣Зр╕Щр╕Вр╕нр╕Зр╣Ар╕Др╕гр╕╖р╣Ир╕нр╕Зр╕Фр╕╖р╣Ир╕бр╣Др╕Фр╣Йр╕Щр╕▓р╕Щ!,|fake
р╕Вр╕Щр╕▓р╕Фр╕Чр╕╡р╣Ир╣Ар╕лр╕бр╕▓р╕░р╕кр╕бр╕кр╣Нр╕▓р╕лр╕гр╕▒р╕Ър╕Бр╕▓р╕гр╕Фр╕╖р╣Ир╕бр╕Щр╣Йр╣Нр╕▓р╣Ар╕бр╕╖р╣Ир╕нр╕нр╕нр╕Бр╕Щр╕нр╕Бр╕Ър╣Йр╕▓р╕Щ!, р╕Др╕зр╕▓р╕бр╕гр╣Йр╕нр╕Щр╣Бр╕ер╕░р╕Др╕зр╕▓р╕бр╣Ар╕вр╣Зр╕Щр╕Чр╣Нр╕▓р╕Зр╕▓р╕Щр╣Др╕Фр╣Йр╕нр╕вр╣Ир╕▓р╕Зр╕Фр╕╡!, р╕кр╕гр╣Йр╕▓р╕Зр╕Фр╣Йр╕зр╕вр╕зр╕▒р╕кр╕Фр╕╕р╕Др╕╕р╕Ур╕ар╕▓р╕Юр╕кр╕╣р╕Зр╣Бр╕ер╕░р╕Чр╕Щр╕Чр╕▓р╕Щ!, р╣Ар╕лр╕бр╕▓р╕░р╕кр╣Нр╕▓р╕лр╕гр╕▒р╕Ър╕Бр╕┤р╕Ир╕Бр╕гр╕гр╕бр╕Бр╕ер╕▓р╕Зр╣Бр╕Ир╣Йр╕З!,|fake
р╕Вр╕Щр╕▓р╕Фр╕Чр╕╡р╣Ир╣Ар╕лр╕бр╕▓р╕░р╕кр╕бр╕кр╣Нр╕▓р╕лр╕гр╕▒р╕Ър╕Бр╕▓р╕гр╕Фр╕╖р╣Ир╕бр╕Щр╣Йр╣Нр╕▓р╣Ар╕бр╕╖р╣Ир╕нр╕нр╕нр╕Бр╕Щр╕нр╕Бр╕Ър╣Йр╕▓р╕Щ!, р╕Др╕╕р╕Ур╕кр╕бр╕Ър╕▒р╕Хр╕┤р╕Бр╕▓р╕гр╕ер╣Зр╕нр╕Др╕Чр╕╡р╣Ир╕кр╕░р╕Фр╕зр╕Бр╕бр╕▓р╕Б!, р╕Вр╕Щр╕▓р╕Фр╕Чр╕╡р╣Ир╣Ар╕лр╕бр╕▓р╕░р╕кр╕бр╕кр╣Нр╕▓р╕лр╕гр╕▒р╕Ър╕Бр╕▓р╕гр╕Фр╕╖р╣Ир╕бр╕Щр╣Йр╣Нр╕▓р╣Ар╕бр╕╖р╣Ир╕нр╕нр╕нр╕Бр╕Щр╕нр╕Бр╕Ър╣Йр╕▓р╕Щ!, р╕лр╕ер╕нр╕Фр╕Фр╕╖р╣Ир╕бр╣Ар╕Ыр╣Зр╕Щр╕кр╕┤р╣Ир╕Зр╕Чр╕╡р╣Ир╕Фр╕╡р╣Ар╕Юр╕┤р╣Ир╕бр╣Ар╕Хр╕┤р╕б!, р╕лр╕ер╕нр╕Фр╕Фр╕╖р╣Ир╕бр╣Ар╕Ыр╣Зр╕Щр╕кр╕┤р╣Ир╕Зр╕Чр╕╡р╣Ир╕Фр╕╡р╣Ар╕Юр╕┤р╣Ир╕бр╣Ар╕Хр╕┤р╕б!,|fake
р╕Вр╕Щр╕▓р╕Фр╕Чр╕╡р╣Ир╣Ар╕лр╕бр╕▓р╕░р╕кр╕бр╕кр╣Нр╕▓р╕лр╕гр╕▒р╕Ър╕Бр╕▓р╕гр╕Фр╕╖р╣Ир╕бр╕Щр╣Йр╣Нр╕▓р╣Ар╕бр╕╖р╣Ир╕нр╕нр╕нр╕Бр╕Щр╕нр╕Бр╕Ър╣Йр╕▓р╕Щ!, р╕Др╕╕р╕Ур╕кр╕бр╕Ър╕▒р╕Хр╕┤р╕Бр╕▓р╕гр╕ер╣Зр╕нр╕Др╕Чр╕╡р╣Ир╕кр╕░р╕Фр╕зр╕Бр╕бр╕▓р╕Б!, р╕гр╕▒р╕Бр╕йр╕▓р╕Др╕зр╕▓р╕бр╣Ар╕вр╣Зр╕Щр╕Вр╕нр╕Зр╣Ар╕Др╕гр╕╖р╣Ир╕нр╕Зр╕Фр╕╖р╣Ир╕бр╣Др╕Фр╣Йр╕Щр╕▓р╕Щ!,|fake
р╕Вр╕Щр╕▓р╕Фр╕Чр╕╡р╣Ир╣Ар╕лр╕бр╕▓р╕░р╕кр╕бр╕кр╣Нр╕▓р╕лр╕гр╕▒р╕Ър╕Бр╕▓р╕гр╕Фр╕╖р╣Ир╕бр╕Щр╣Йр╣Нр╕▓р╣Ар╕бр╕╖р╣Ир╕нр╕нр╕нр╕Бр╕Щр╕нр╕Бр╕Ър╣Йр╕▓р╕Щ!, р╕Др╕╕р╕Ур╕кр╕бр╕Ър╕▒р╕Хр╕┤р╕Бр╕▓р╕гр╕ер╣Зр╕нр╕Др╕Чр╕╡р╣Ир╕кр╕░р╕Фр╕зр╕Бр╕бр╕▓р╕Б!, р╕зр╕▒р╕кр╕Фр╕╕р╕кр╣Бр╕Хр╕Щр╣Ар╕ер╕кр╕Др╕╕р╕Ур╕ар╕▓р╕Юр╣Ар╕вр╕╡р╣Ир╕вр╕б!, р╕гр╕▒р╕Бр╕кр╣Др╕Хр╕ер╣Мр╕нр╕нр╕Бр╣Бр╕Ър╕Ър╕Чр╕╡р╣Ир╕Фр╕╣р╕Фр╕╡!, р╣Ар╕лр╕бр╕▓р╕░р╕кр╣Нр╕▓р╕лр╕гр╕▒р╕Ър╕Бр╕┤р╕Ир╕Бр╕гр╕гр╕бр╕Бр╕ер╕▓р╕Зр╣Бр╕Ир╣Йр╕З!, р╕лр╕ер╕нр╕Фр╕Фр╕╖р╣Ир╕бр╣Ар╕Ыр╣Зр╕Щр╕кр╕┤р╣Ир╕Зр╕Чр╕╡р╣Ир╕Фр╕╡р╣Ар╕Юр╕┤р╣Ир╕бр╣Ар╕Хр╕┤р╕б!, р╕Зр╣Ир╕▓р╕вр╕Хр╣Ир╕нр╕Бр╕▓р╕гр╕Чр╣Нр╕▓р╕Др╕зр╕▓р╕бр╕кр╕░р╕нр╕▓р╕Ф р╣Др╕бр╣Ир╕вр╕╕р╣Ир╕Зр╕вр╕▓р╕Б!,|fake
р╕Вр╕Щр╕▓р╕Фр╕Чр╕╡р╣Ир╣Ар╕лр╕бр╕▓р╕░р╕кр╕бр╕кр╣Нр╕▓р╕лр╕гр╕▒р╕Ър╕Бр╕▓р╕гр╕Фр╕╖р╣Ир╕бр╕Щр╣Йр╣Нр╕▓р╣Ар╕бр╕╖р╣Ир╕нр╕нр╕нр╕Бр╕Щр╕нр╕Бр╕Ър╣Йр╕▓р╕Щ!, р╕Др╕╕р╕Ур╕кр╕бр╕Ър╕▒р╕Хр╕┤р╕Бр╕▓р╕гр╕ер╣Зр╕нр╕Др╕Чр╕╡р╣Ир╕кр╕░р╕Фр╕зр╕Бр╕бр╕▓р╕Б!, р╣Ар╕лр╕бр╕▓р╕░р╕кр╣Нр╕▓р╕лр╕гр╕▒р╕Ър╕Бр╕┤р╕Ир╕Бр╕гр╕гр╕бр╕Бр╕ер╕▓р╕Зр╣Бр╕Ир╣Йр╕З!, р╕кр╕гр╣Йр╕▓р╕Зр╕Фр╣Йр╕зр╕вр╕зр╕▒р╕кр╕Фр╕╕р╕Др╕╕р╕Ур╕ар╕▓р╕Юр╕кр╕╣р╕Зр╣Бр╕ер╕░р╕Чр╕Щр╕Чр╕▓р╕Щ!, р╕гр╕▒р╕Бр╕кр╣Др╕Хр╕ер╣Мр╕нр╕нр╕Бр╣Бр╕Ър╕Ър╕Чр╕╡р╣Ир╕Фр╕╣р╕Фр╕╡!, р╕лр╕ер╕нр╕Фр╕Фр╕╖р╣Ир╕бр╣Ар╕Ыр╣Зр╕Щр╕кр╕┤р╣Ир╕Зр╕Чр╕╡р╣Ир╕Фр╕╡р╣Ар╕Юр╕┤р╣Ир╕бр╣Ар╕Хр╕┤р╕б!,|fake
р╕Вр╕Щр╕▓р╕Фр╕Чр╕╡р╣Ир╣Ар╕лр╕бр╕▓р╕░р╕кр╕бр╕кр╣Нр╕▓р╕лр╕гр╕▒р╕Ър╕Бр╕▓р╕гр╕Фр╕╖р╣Ир╕бр╕Щр╣Йр╣Нр╕▓р╣Ар╕бр╕╖р╣Ир╕нр╕нр╕нр╕Бр╕Щр╕нр╕Бр╕Ър╣Йр╕▓р╕Щ!, р╕Зр╣Ир╕▓р╕вр╕Хр╣Ир╕нр╕Бр╕▓р╕гр╕Чр╣Нр╕▓р╕Др╕зр╕▓р╕бр╕кр╕░р╕нр╕▓р╕Ф р╣Др╕бр╣Ир╕вр╕╕р╣Ир╕Зр╕вр╕▓р╕Б!, р╕Зр╣Ир╕▓р╕вр╕Хр╣Ир╕нр╕Бр╕▓р╕гр╕Чр╣Нр╕▓р╕Др╕зр╕▓р╕бр╕кр╕░р╕нр╕▓р╕Ф р╣Др╕бр╣Ир╕вр╕╕р╣Ир╕Зр╕вр╕▓р╕Б!,|fake
р╕Вр╕Щр╕▓р╕Фр╕Чр╕╡р╣Ир╣Ар╕лр╕бр╕▓р╕░р╕кр╕бр╕кр╣Нр╕▓р╕лр╕гр╕▒р╕Ър╕Бр╕▓р╕гр╕Фр╕╖р╣Ир╕бр╕Щр╣Йр╣Нр╕▓р╣Ар╕бр╕╖р╣Ир╕нр╕нр╕нр╕Бр╕Щр╕нр╕Бр╕Ър╣Йр╕▓р╕Щ!, р╕гр╕▒р╕Бр╕йр╕▓р╕Др╕зр╕▓р╕бр╣Ар╕вр╣Зр╕Щр╕Вр╕нр╕Зр╣Ар╕Др╕гр╕╖р╣Ир╕нр╕Зр╕Фр╕╖р╣Ир╕бр╣Др╕Фр╣Йр╕Щр╕▓р╕Щ!, р╕Вр╕Щр╕▓р╕Фр╕Чр╕╡р╣Ир╣Ар╕лр╕бр╕▓р╕░р╕кр╕бр╕кр╣Нр╕▓р╕лр╕гр╕▒р╕Ър╕Бр╕▓р╕гр╕Фр╕╖р╣Ир╕бр╕Щр╣Йр╣Нр╕▓р╣Ар╕бр╕╖р╣Ир╕нр╕нр╕нр╕Бр╕Щр╕нр╕Бр╕Ър╣Йр╕▓р╕Щ!, р╕гр╕▒р╕Бр╕йр╕▓р╕Др╕зр╕▓р╕бр╣Ар╕вр╣Зр╕Щр╕Вр╕нр╕Зр╣Ар╕Др╕гр╕╖р╣Ир╕нр╕Зр╕Фр╕╖р╣Ир╕бр╣Др╕Фр╣Йр╕Щр╕▓р╕Щ!,|fake
р╕Вр╕Щр╕▓р╕Фр╕Чр╕╡р╣Ир╣Ар╕лр╕бр╕▓р╕░р╕кр╕бр╕кр╣Нр╕▓р╕лр╕гр╕▒р╕Ър╕Бр╕▓р╕гр╕Фр╕╖р╣Ир╕бр╕Щр╣Йр╣Нр╕▓р╣Ар╕бр╕╖р╣Ир╕нр╕нр╕нр╕Бр╕Щр╕нр╕Бр╕Ър╣Йр╕▓р╕Щ!, р╕гр╕▒р╕Бр╕йр╕▓р╕Др╕зр╕▓р╕бр╣Ар╕вр╣Зр╕Щр╕Вр╕нр╕Зр╣Ар╕Др╕гр╕╖р╣Ир╕нр╕Зр╕Фр╕╖р╣Ир╕бр╣Др╕Фр╣Йр╕Щр╕▓р╕Щ!, р╕Др╕╕р╕Ур╕кр╕бр╕Ър╕▒р╕Хр╕┤р╕Бр╕▓р╕гр╕ер╣Зр╕нр╕Др╕Чр╕╡р╣Ир╕кр╕░р╕Фр╕зр╕Бр╕бр╕▓р╕Б!, р╕зр╕▒р╕кр╕Фр╕╕р╕кр╣Бр╕Хр╕Щр╣Ар╕ер╕кр╕Др╕╕р╕Ур╕ар╕▓р╕Юр╣Ар╕вр╕╡р╣Ир╕вр╕б!,|fake
р╕Вр╕Щр╕▓р╕Фр╕Чр╕╡р╣Ир╣Ар╕лр╕бр╕▓р╕░р╕кр╕бр╕кр╣Нр╕▓р╕лр╕гр╕▒р╕Ър╕Бр╕▓р╕гр╕Фр╕╖р╣Ир╕бр╕Щр╣Йр╣Нр╕▓р╣Ар╕бр╕╖р╣Ир╕нр╕нр╕нр╕Бр╕Щр╕нр╕Бр╕Ър╣Йр╕▓р╕Щ!, р╕гр╕▒р╕Бр╕йр╕▓р╕Др╕зр╕▓р╕бр╣Ар╕вр╣Зр╕Щр╕Вр╕нр╕Зр╣Ар╕Др╕гр╕╖р╣Ир╕нр╕Зр╕Фр╕╖р╣Ир╕бр╣Др╕Фр╣Йр╕Щр╕▓р╕Щ!, р╕лр╕ер╕нр╕Фр╕Фр╕╖р╣Ир╕бр╣Ар╕Ыр╣Зр╕Щр╕кр╕┤р╣Ир╕Зр╕Чр╕╡р╣Ир╕Фр╕╡р╣Ар╕Юр╕┤р╣Ир╕бр╣Ар╕Хр╕┤р╕б!, р╕Зр╣Ир╕▓р╕вр╕Хр╣Ир╕нр╕Бр╕▓р╕гр╕Чр╣Нр╕▓р╕Др╕зр╕▓р╕бр╕кр╕░р╕нр╕▓р╕Ф р╣Др╕бр╣Ир╕вр╕╕р╣Ир╕Зр╕вр╕▓р╕Б!,|fake
р╕Вр╕Щр╕▓р╕Фр╕Чр╕╡р╣Ир╣Ар╕лр╕бр╕▓р╕░р╕кр╕бр╕кр╣Нр╕▓р╕лр╕гр╕▒р╕Ър╕Бр╕▓р╕гр╕Фр╕╖р╣Ир╕бр╕Щр╣Йр╣Нр╕▓р╣Ар╕бр╕╖р╣Ир╕нр╕нр╕нр╕Бр╕Щр╕нр╕Бр╕Ър╣Йр╕▓р╕Щ!, р╕гр╕▒р╕Бр╕кр╣Др╕Хр╕ер╣Мр╕нр╕нр╕Бр╣Бр╕Ър╕Ър╕Чр╕╡р╣Ир╕Фр╕╣р╕Фр╕╡!, р╕зр╕▒р╕кр╕Фр╕╕р╕кр╣Бр╕Хр╕Щр╣Ар╕ер╕кр╕Др╕╕р╕Ур╕ар╕▓р╕Юр╣Ар╕вр╕╡р╣Ир╕вр╕б!,|fake
р╕Вр╕Щр╕▓р╕Фр╕Чр╕╡р╣Ир╣Ар╕лр╕бр╕▓р╕░р╕кр╕бр╕кр╣Нр╕▓р╕лр╕гр╕▒р╕Ър╕Бр╕▓р╕гр╕Фр╕╖р╣Ир╕бр╕Щр╣Йр╣Нр╕▓р╣Ар╕бр╕╖р╣Ир╕нр╕нр╕нр╕Бр╕Щр╕нр╕Бр╕Ър╣Йр╕▓р╕Щ!, р╕гр╕▒р╕Бр╕кр╣Др╕Хр╕ер╣Мр╕нр╕нр╕Бр╣Бр╕Ър╕Ър╕Чр╕╡р╣Ир╕Фр╕╣р╕Фр╕╡!, р╕зр╕▒р╕кр╕Фр╕╕р╕кр╣Бр╕Хр╕Щр╣Ар╕ер╕кр╕Др╕╕р╕Ур╕ар╕▓р╕Юр╣Ар╕вр╕╡р╣Ир╕вр╕б!, р╣Ар╕лр╕бр╕▓р╕░р╕кр╣Нр╕▓р╕лр╕гр╕▒р╕Ър╕Бр╕┤р╕Ир╕Бр╕гр╕гр╕бр╕Бр╕ер╕▓р╕Зр╣Бр╕Ир╣Йр╕З!,|fake
р╕Вр╕Щр╕▓р╕Фр╕Чр╕╡р╣Ир╣Ар╕лр╕бр╕▓р╕░р╕кр╕бр╕кр╣Нр╕▓р╕лр╕гр╕▒р╕Ър╕Бр╕▓р╕гр╕Фр╕╖р╣Ир╕бр╕Щр╣Йр╣Нр╕▓р╣Ар╕бр╕╖р╣Ир╕нр╕нр╕нр╕Бр╕Щр╕нр╕Бр╕Ър╣Йр╕▓р╕Щ!, р╕зр╕▒р╕кр╕Фр╕╕р╕кр╣Бр╕Хр╕Щр╣Ар╕ер╕кр╕Др╕╕р╕Ур╕ар╕▓р╕Юр╣Ар╕вр╕╡р╣Ир╕вр╕б!, р╕Др╕зр╕▓р╕бр╕гр╣Йр╕нр╕Щр╣Бр╕ер╕░р╕Др╕зр╕▓р╕бр╣Ар╕вр╣Зр╕Щр╕Чр╣Нр╕▓р╕Зр╕▓р╕Щр╣Др╕Фр╣Йр╕нр╕вр╣Ир╕▓р╕Зр╕Фр╕╡!, р╕Др╕╕р╕Ур╕кр╕бр╕Ър╕▒р╕Хр╕┤р╕Бр╕▓р╕гр╕ер╣Зр╕нр╕Др╕Чр╕╡р╣Ир╕кр╕░р╕Фр╕зр╕Бр╕бр╕▓р╕Б!,|fake
р╕Вр╕Щр╕▓р╕Фр╕Чр╕╡р╣Ир╣Ар╕лр╕бр╕▓р╕░р╕кр╕бр╕кр╣Нр╕▓р╕лр╕гр╕▒р╕Ър╕Бр╕▓р╕гр╕Фр╕╖р╣Ир╕бр╕Щр╣Йр╣Нр╕▓р╣Ар╕бр╕╖р╣Ир╕нр╕нр╕нр╕Бр╕Щр╕нр╕Бр╕Ър╣Йр╕▓р╕Щ!, р╕зр╕▒р╕кр╕Фр╕╕р╕кр╣Бр╕Хр╕Щр╣Ар╕ер╕кр╕Др╕╕р╕Ур╕ар╕▓р╕Юр╣Ар╕вр╕╡р╣Ир╕вр╕б!, р╕Др╕зр╕▓р╕бр╕гр╣Йр╕нр╕Щр╣Бр╕ер╕░р╕Др╕зр╕▓р╕бр╣Ар╕вр╣Зр╕Щр╕Чр╣Нр╕▓р╕Зр╕▓р╕Щр╣Др╕Фр╣Йр╕нр╕вр╣Ир╕▓р╕Зр╕Фр╕╡!, р╕лр╕ер╕нр╕Фр╕Фр╕╖р╣Ир╕бр╣Ар╕Ыр╣Зр╕Щр╕кр╕┤р╣Ир╕Зр╕Чр╕╡р╣Ир╕Фр╕╡р╣Ар╕Юр╕┤р╣Ир╕бр╣Ар╕Хр╕┤р╕б!,|fake
р╕Вр╕Щр╕▓р╕Фр╕Чр╕╡р╣Ир╣Ар╕лр╕бр╕▓р╕░р╕кр╕бр╕кр╣Нр╕▓р╕лр╕гр╕▒р╕Ър╕Бр╕▓р╕гр╕Фр╕╖р╣Ир╕бр╕Щр╣Йр╣Нр╕▓р╣Ар╕бр╕╖р╣Ир╕нр╕нр╕нр╕Бр╕Щр╕нр╕Бр╕Ър╣Йр╕▓р╕Щ!, р╕зр╕▒р╕кр╕Фр╕╕р╕кр╣Бр╕Хр╕Щр╣Ар╕ер╕кр╕Др╕╕р╕Ур╕ар╕▓р╕Юр╣Ар╕вр╕╡р╣Ир╕вр╕б!, р╕Др╕╕р╕Ур╕кр╕бр╕Ър╕▒р╕Хр╕┤р╕Бр╕▓р╕гр╕ер╣Зр╕нр╕Др╕Чр╕╡р╣Ир╕кр╕░р╕Фр╕зр╕Бр╕бр╕▓р╕Б!, р╕кр╕гр╣Йр╕▓р╕Зр╕Фр╣Йр╕зр╕вр╕зр╕▒р╕кр╕Фр╕╕р╕Др╕╕р╕Ур╕ар╕▓р╕Юр╕кр╕╣р╕Зр╣Бр╕ер╕░р╕Чр╕Щр╕Чр╕▓р╕Щ!, р╕Зр╣Ир╕▓р╕вр╕Хр╣Ир╕нр╕Бр╕▓р╕гр╕Чр╣Нр╕▓р╕Др╕зр╕▓р╕бр╕кр╕░р╕нр╕▓р╕Ф р╣Др╕бр╣Ир╕вр╕╕р╣Ир╕Зр╕вр╕▓р╕Б!, р╣Ар╕лр╕бр╕▓р╕░р╕кр╣Нр╕▓р╕лр╕гр╕▒р╕Ър╕Бр╕┤р╕Ир╕Бр╕гр╕гр╕бр╕Бр╕ер╕▓р╕Зр╣Бр╕Ир╣Йр╕З!, р╕гр╕▒р╕Бр╕йр╕▓р╕Др╕зр╕▓р╕бр╣Ар╕вр╣Зр╕Щр╕Вр╕нр╕Зр╣Ар╕Др╕гр╕╖р╣Ир╕нр╕Зр╕Фр╕╖р╣Ир╕бр╣Др╕Фр╣Йр╕Щр╕▓р╕Щ!, р╕лр╕ер╕нр╕Фр╕Фр╕╖р╣Ир╕бр╣Ар╕Ыр╣Зр╕Щр╕кр╕┤р╣Ир╕Зр╕Чр╕╡р╣Ир╕Фр╕╡р╣Ар╕Юр╕┤р╣Ир╕бр╣Ар╕Хр╕┤р╕б!,|fake
р╕Вр╕Щр╕▓р╕Фр╕Чр╕╡р╣Ир╣Ар╕лр╕бр╕▓р╕░р╕кр╕бр╕кр╣Нр╕▓р╕лр╕гр╕▒р╕Ър╕Бр╕▓р╕гр╕Фр╕╖р╣Ир╕бр╕Щр╣Йр╣Нр╕▓р╣Ар╕бр╕╖р╣Ир╕нр╕нр╕нр╕Бр╕Щр╕нр╕Бр╕Ър╣Йр╕▓р╕Щ!, р╕зр╕▒р╕кр╕Фр╕╕р╕кр╣Бр╕Хр╕Щр╣Ар╕ер╕кр╕Др╕╕р╕Ур╕ар╕▓р╕Юр╣Ар╕вр╕╡р╣Ир╕вр╕б!, р╕гр╕▒р╕Бр╕кр╣Др╕Хр╕ер╣Мр╕нр╕нр╕Бр╣Бр╕Ър╕Ър╕Чр╕╡р╣Ир╕Фр╕╣р╕Фр╕╡!, р╣Ар╕лр╕бр╕▓р╕░р╕кр╣Нр╕▓р╕лр╕гр╕▒р╕Ър╕Бр╕┤р╕Ир╕Бр╕гр╕гр╕бр╕Бр╕ер╕▓р╕Зр╣Бр╕Ир╣Йр╕З!,|fake
р╕Вр╕Щр╕▓р╕Фр╕Чр╕╡р╣Ир╣Ар╕лр╕бр╕▓р╕░р╕кр╕бр╕кр╣Нр╕▓р╕лр╕гр╕▒р╕Ър╕Бр╕▓р╕гр╕Фр╕╖р╣Ир╕бр╕Щр╣Йр╣Нр╕▓р╣Ар╕бр╕╖р╣Ир╕нр╕нр╕нр╕Бр╕Щр╕нр╕Бр╕Ър╣Йр╕▓р╕Щ!, р╕зр╕▒р╕кр╕Фр╕╕р╕кр╣Бр╕Хр╕Щр╣Ар╕ер╕кр╕Др╕╕р╕Ур╕ар╕▓р╕Юр╣Ар╕вр╕╡р╣Ир╕вр╕б!, р╕лр╕ер╕нр╕Фр╕Фр╕╖р╣Ир╕бр╣Ар╕Ыр╣Зр╕Щр╕кр╕┤р╣Ир╕Зр╕Чр╕╡р╣Ир╕Фр╕╡р╣Ар╕Юр╕┤р╣Ир╕бр╣Ар╕Хр╕┤р╕б!,|fake
р╕Вр╕Щр╕▓р╕Фр╕Чр╕╡р╣Ир╣Ар╕лр╕бр╕▓р╕░р╕кр╕бр╕кр╣Нр╕▓р╕лр╕гр╕▒р╕Ър╕Бр╕▓р╕гр╕Фр╕╖р╣Ир╕бр╕Щр╣Йр╣Нр╕▓р╣Ар╕бр╕╖р╣Ир╕нр╕нр╕нр╕Бр╕Щр╕нр╕Бр╕Ър╣Йр╕▓р╕Щ!, р╕кр╕гр╣Йр╕▓р╕Зр╕Фр╣Йр╕зр╕вр╕зр╕▒р╕кр╕Фр╕╕р╕Др╕╕р╕Ур╕ар╕▓р╕Юр╕кр╕╣р╕Зр╣Бр╕ер╕░р╕Чр╕Щр╕Чр╕▓р╕Щ!, р╕Др╕зр╕▓р╕бр╕гр╣Йр╕нр╕Щр╣Бр╕ер╕░р╕Др╕зр╕▓р╕бр╣Ар╕вр╣Зр╕Щр╕Чр╣Нр╕▓р╕Зр╕▓р╕Щр╣Др╕Фр╣Йр╕нр╕вр╣Ир╕▓р╕Зр╕Фр╕╡!, р╕зр╕▒р╕кр╕Фр╕╕р╕кр╣Бр╕Хр╕Щр╣Ар╕ер╕кр╕Др╕╕р╕Ур╕ар╕▓р╕Юр╣Ар╕вр╕╡р╣Ир╕вр╕б!,|fake
р╕Вр╕Щр╕▓р╕Фр╕Чр╕╡р╣Ир╣Ар╕лр╕бр╕▓р╕░р╕кр╕бр╕кр╣Нр╕▓р╕лр╕гр╕▒р╕Ър╕Бр╕▓р╕гр╕Фр╕╖р╣Ир╕бр╕Щр╣Йр╣Нр╕▓р╣Ар╕бр╕╖р╣Ир╕нр╕нр╕нр╕Бр╕Щр╕нр╕Бр╕Ър╣Йр╕▓р╕Щ!, р╣Ар╕лр╕бр╕▓р╕░р╕кр╣Нр╕▓р╕лр╕гр╕▒р╕Ър╕Бр╕┤р╕Ир╕Бр╕гр╕гр╕бр╕Бр╕ер╕▓р╕Зр╣Бр╕Ир╣Йр╕З!, р╕зр╕▒р╕кр╕Фр╕╕р╕кр╣Бр╕Хр╕Щр╣Ар╕ер╕кр╕Др╕╕р╕Ур╕ар╕▓р╕Юр╣Ар╕вр╕╡р╣Ир╕вр╕б!, р╕Зр╣Ир╕▓р╕вр╕Хр╣Ир╕нр╕Бр╕▓р╕гр╕Чр╣Нр╕▓р╕Др╕зр╕▓р╕бр╕кр╕░р╕нр╕▓р╕Ф р╣Др╕бр╣Ир╕вр╕╕р╣Ир╕Зр╕вр╕▓р╕Б!,|fake
р╕Вр╕Щр╕▓р╕Фр╕Юр╕нр╕Фр╕╡р╣Гр╕Кр╣Йр╕Зр╕▓р╕Щ р╣Ар╕Бр╣Зр╕Ър╕Др╕зр╕▓р╕бр╣Ар╕вр╣Зр╕Щр╣Др╕Фр╣Йр╕Фр╕╡ р╣Ар╕кр╕╡р╕вр╣Бр╕Хр╣Ир╕зр╣Ир╕▓р╕лр╕ер╕нр╕Фр╕кр╕▒р╣Йр╕Щр╣Др╕Ыр╕лр╕Щр╣Ир╕нр╕вр╕Др╣Ир╕░р╕Др╕╕р╕Ур╕кр╕бр╕Ър╕▒р╕Хр╕┤р╕Бр╕▓р╕гр╕ер╣Зр╕нр╕Др╕Чр╕╡р╣Ир╕кр╕░р╕Фр╕зр╕Бр╕бр╕▓р╕Б!, р╕зр╕▒р╕кр╕Фр╕╕р╕кр╣Бр╕Хр╕Щр╣Ар╕ер╕кр╕Др╕╕р╕Ур╕ар╕▓р╕Юр╣Ар╕вр╕╡р╣Ир╕вр╕б!, р╕Вр╕Щр╕▓р╕Фр╕Чр╕╡р╣Ир╣Ар╕лр╕бр╕▓р╕░р╕кр╕бр╕кр╣Нр╕▓р╕лр╕гр╕▒р╕Ър╕Бр╕▓р╕гр╕Фр╕╖р╣Ир╕бр╕Щр╣Йр╣Нр╕▓р╣Ар╕бр╕╖р╣Ир╕нр╕нр╕нр╕Бр╕Щр╕нр╕Бр╕Ър╣Йр╕▓р╕Щ!, р╕Зр╣Ир╕▓р╕вр╕Хр╣Ир╕нр╕Бр╕▓р╕гр╕Чр╣Нр╕▓р╕Др╕зр╕▓р╕бр╕кр╕░р╕нр╕▓р╕Ф р╣Др╕бр╣Ир╕вр╕╕р╣Ир╕Зр╕вр╕▓р╕Б!,|fake
р╕Др╕зр╕▓р╕бр╕гр╣Йр╕нр╕Щр╣Бр╕ер╕░р╕Др╕зр╕▓р╕бр╣Ар╕вр╣Зр╕Щр╕Чр╣Нр╕▓р╕Зр╕▓р╕Щр╣Др╕Фр╣Йр╕нр╕вр╣Ир╕▓р╕Зр╕Фр╕╡!, р╕Вр╕Щр╕▓р╕Фр╕Чр╕╡р╣Ир╣Ар╕лр╕бр╕▓р╕░р╕кр╕бр╕кр╣Нр╕▓р╕лр╕гр╕▒р╕Ър╕Бр╕▓р╕гр╕Фр╕╖р╣Ир╕бр╕Щр╣Йр╣Нр╕▓р╣Ар╕бр╕╖р╣Ир╕нр╕нр╕нр╕Бр╕Щр╕нр╕Бр╕Ър╣Йр╕▓р╕Щ!, р╕гр╕▒р╕Бр╕кр╣Др╕Хр╕ер╣Мр╕нр╕нр╕Бр╣Бр╕Ър╕Ър╕Чр╕╡р╣Ир╕Фр╕╣р╕Фр╕╡!, р╕Зр╣Ир╕▓р╕вр╕Хр╣Ир╕нр╕Бр╕▓р╕гр╕Чр╣Нр╕▓р╕Др╕зр╕▓р╕бр╕кр╕░р╕нр╕▓р╕Ф р╣Др╕бр╣Ир╕вр╕╕р╣Ир╕Зр╕вр╕▓р╕Б!,|fake
р╕Др╕зр╕▓р╕бр╕гр╣Йр╕нр╕Щр╣Бр╕ер╕░р╕Др╕зр╕▓р╕бр╣Ар╕вр╣Зр╕Щр╕Чр╣Нр╕▓р╕Зр╕▓р╕Щр╣Др╕Фр╣Йр╕нр╕вр╣Ир╕▓р╕Зр╕Фр╕╡!, р╕Вр╕Щр╕▓р╕Фр╕Чр╕╡р╣Ир╣Ар╕лр╕бр╕▓р╕░р╕кр╕бр╕кр╣Нр╕▓р╕лр╕гр╕▒р╕Ър╕Бр╕▓р╕гр╕Фр╕╖р╣Ир╕бр╕Щр╣Йр╣Нр╕▓р╣Ар╕бр╕╖р╣Ир╕нр╕нр╕нр╕Бр╕Щр╕нр╕Бр╕Ър╣Йр╕▓р╕Щ!, р╕зр╕▒р╕кр╕Фр╕╕р╕кр╣Бр╕Хр╕Щр╣Ар╕ер╕кр╕Др╕╕р╕Ур╕ар╕▓р╕Юр╣Ар╕вр╕╡р╣Ир╕вр╕б!, р╕Др╕╕р╕Ур╕кр╕бр╕Ър╕▒р╕Хр╕┤р╕Бр╕▓р╕гр╕ер╣Зр╕нр╕Др╕Чр╕╡р╣Ир╕кр╕░р╕Фр╕зр╕Бр╕бр╕▓р╕Б!,|fake
р╕Др╕зр╕▓р╕бр╕гр╣Йр╕нр╕Щр╣Бр╕ер╕░р╕Др╕зр╕▓р╕бр╣Ар╕вр╣Зр╕Щр╕Чр╣Нр╕▓р╕Зр╕▓р╕Щр╣Др╕Фр╣Йр╕нр╕вр╣Ир╕▓р╕Зр╕Фр╕╡!, р╕Др╕зр╕▓р╕бр╕гр╣Йр╕нр╕Щр╣Бр╕ер╕░р╕Др╕зр╕▓р╕бр╣Ар╕вр╣Зр╕Щр╕Чр╣Нр╕▓р╕Зр╕▓р╕Щр╣Др╕Фр╣Йр╕нр╕вр╣Ир╕▓р╕Зр╕Фр╕╡!, р╕Др╕зр╕▓р╕бр╕гр╣Йр╕нр╕Щр╣Бр╕ер╕░р╕Др╕зр╕▓р╕бр╣Ар╕вр╣Зр╕Щр╕Чр╣Нр╕▓р╕Зр╕▓р╕Щр╣Др╕Фр╣Йр╕нр╕вр╣Ир╕▓р╕Зр╕Фр╕╡!, р╕Др╕зр╕▓р╕бр╕гр╣Йр╕нр╕Щр╣Бр╕ер╕░р╕Др╕зр╕▓р╕бр╣Ар╕вр╣Зр╕Щр╕Чр╣Нр╕▓р╕Зр╕▓р╕Щр╣Др╕Фр╣Йр╕нр╕вр╣Ир╕▓р╕Зр╕Фр╕╡!,|fake
р╕Др╕зр╕▓р╕бр╕гр╣Йр╕нр╕Щр╣Бр╕ер╕░р╕Др╕зр╕▓р╕бр╣Ар╕вр╣Зр╕Щр╕Чр╣Нр╕▓р╕Зр╕▓р╕Щр╣Др╕Фр╣Йр╕нр╕вр╣Ир╕▓р╕Зр╕Фр╕╡!, р╕Др╕зр╕▓р╕бр╕гр╣Йр╕нр╕Щр╣Бр╕ер╕░р╕Др╕зр╕▓р╕бр╣Ар╕вр╣Зр╕Щр╕Чр╣Нр╕▓р╕Зр╕▓р╕Щр╣Др╕Фр╣Йр╕нр╕вр╣Ир╕▓р╕Зр╕Фр╕╡!, р╕Др╕зр╕▓р╕бр╕гр╣Йр╕нр╕Щр╣Бр╕ер╕░р╕Др╕зр╕▓р╕бр╣Ар╕вр╣Зр╕Щр╕Чр╣Нр╕▓р╕Зр╕▓р╕Щр╣Др╕Фр╣Йр╕нр╕вр╣Ир╕▓р╕Зр╕Фр╕╡!, р╕Др╕зр╕▓р╕бр╕гр╣Йр╕нр╕Щр╣Бр╕ер╕░р╕Др╕зр╕▓р╕бр╣Ар╕вр╣Зр╕Щр╕Чр╣Нр╕▓р╕Зр╕▓р╕Щр╣Др╕Фр╣Йр╕нр╕вр╣Ир╕▓р╕Зр╕Фр╕╡!, р╕Др╕зр╕▓р╕бр╕гр╣Йр╕нр╕Щр╣Бр╕ер╕░р╕Др╕зр╕▓р╕бр╣Ар╕вр╣Зр╕Щр╕Чр╣Нр╕▓р╕Зр╕▓р╕Щр╣Др╕Фр╣Йр╕нр╕вр╣Ир╕▓р╕Зр╕Фр╕╡!,|fake
р╕Др╕зр╕▓р╕бр╕гр╣Йр╕нр╕Щр╣Бр╕ер╕░р╕Др╕зр╕▓р╕бр╣Ар╕вр╣Зр╕Щр╕Чр╣Нр╕▓р╕Зр╕▓р╕Щр╣Др╕Фр╣Йр╕нр╕вр╣Ир╕▓р╕Зр╕Фр╕╡!, р╕Др╕╕р╕Ур╕кр╕бр╕Ър╕▒р╕Хр╕┤р╕Бр╕▓р╕гр╕ер╣Зр╕нр╕Др╕Чр╕╡р╣Ир╕кр╕░р╕Фр╕зр╕Бр╕бр╕▓р╕Б!, р╕гр╕▒р╕Бр╕йр╕▓р╕Др╕зр╕▓р╕бр╣Ар╕вр╣Зр╕Щр╕Вр╕нр╕Зр╣Ар╕Др╕гр╕╖р╣Ир╕нр╕Зр╕Фр╕╖р╣Ир╕бр╣Др╕Фр╣Йр╕Щр╕▓р╕Щ!,|fake
р╕Др╕зр╕▓р╕бр╕гр╣Йр╕нр╕Щр╣Бр╕ер╕░р╕Др╕зр╕▓р╕бр╣Ар╕вр╣Зр╕Щр╕Чр╣Нр╕▓р╕Зр╕▓р╕Щр╣Др╕Фр╣Йр╕нр╕вр╣Ир╕▓р╕Зр╕Фр╕╡!, р╕Зр╣Ир╕▓р╕вр╕Хр╣Ир╕нр╕Бр╕▓р╕гр╕Чр╣Нр╕▓р╕Др╕зр╕▓р╕бр╕кр╕░р╕нр╕▓р╕Ф р╣Др╕бр╣Ир╕вр╕╕р╣Ир╕Зр╕вр╕▓р╕Б!, р╕гр╕▒р╕Бр╕йр╕▓р╕Др╕зр╕▓р╕бр╣Ар╕вр╣Зр╕Щр╕Вр╕нр╕Зр╣Ар╕Др╕гр╕╖р╣Ир╕нр╕Зр╕Фр╕╖р╣Ир╕бр╣Др╕Фр╣Йр╕Щр╕▓р╕Щ!,|fake
р╕Др╕зр╕▓р╕бр╕гр╣Йр╕нр╕Щр╣Бр╕ер╕░р╕Др╕зр╕▓р╕бр╣Ар╕вр╣Зр╕Щр╕Чр╣Нр╕▓р╕Зр╕▓р╕Щр╣Др╕Фр╣Йр╕нр╕вр╣Ир╕▓р╕Зр╕Фр╕╡!, р╕Зр╣Ир╕▓р╕вр╕Хр╣Ир╕нр╕Бр╕▓р╕гр╕Чр╣Нр╕▓р╕Др╕зр╕▓р╕бр╕кр╕░р╕нр╕▓р╕Ф р╣Др╕бр╣Ир╕вр╕╕р╣Ир╕Зр╕вр╕▓р╕Б!, р╕гр╕▒р╕Бр╕кр╣Др╕Хр╕ер╣Мр╕нр╕нр╕Бр╣Бр╕Ър╕Ър╕Чр╕╡р╣Ир╕Фр╕╣р╕Фр╕╡!, р╕кр╕гр╣Йр╕▓р╕Зр╕Фр╣Йр╕зр╕вр╕зр╕▒р╕кр╕Фр╕╕р╕Др╕╕р╕Ур╕ар╕▓р╕Юр╕кр╕╣р╕Зр╣Бр╕ер╕░р╕Чр╕Щр╕Чр╕▓р╕Щ!, р╣Ар╕лр╕бр╕▓р╕░р╕кр╣Нр╕▓р╕лр╕гр╕▒р╕Ър╕Бр╕┤р╕Ир╕Бр╕гр╕гр╕бр╕Бр╕ер╕▓р╕Зр╣Бр╕Ир╣Йр╕З!, р╕гр╕▒р╕Бр╕йр╕▓р╕Др╕зр╕▓р╕бр╣Ар╕вр╣Зр╕Щр╕Вр╕нр╕Зр╣Ар╕Др╕гр╕╖р╣Ир╕нр╕Зр╕Фр╕╖р╣Ир╕бр╣Др╕Фр╣Йр╕Щр╕▓р╕Щ!, р╕зр╕▒р╕кр╕Фр╕╕р╕кр╣Бр╕Хр╕Щр╣Ар╕ер╕кр╕Др╕╕р╕Ур╕ар╕▓р╕Юр╣Ар╕вр╕╡р╣Ир╕вр╕б!, р╕Вр╕Щр╕▓р╕Фр╕Чр╕╡р╣Ир╣Ар╕лр╕бр╕▓р╕░р╕кр╕бр╕кр╣Нр╕▓р╕лр╕гр╕▒р╕Ър╕Бр╕▓р╕гр╕Фр╕╖р╣Ир╕бр╕Щр╣Йр╣Нр╕▓р╣Ар╕бр╕╖р╣Ир╕нр╕нр╕нр╕Бр╕Щр╕нр╕Бр╕Ър╣Йр╕▓р╕Щ!,|fake
р╕Др╕зр╕▓р╕бр╕гр╣Йр╕нр╕Щр╣Бр╕ер╕░р╕Др╕зр╕▓р╕бр╣Ар╕вр╣Зр╕Щр╕Чр╣Нр╕▓р╕Зр╕▓р╕Щр╣Др╕Фр╣Йр╕нр╕вр╣Ир╕▓р╕Зр╕Фр╕╡!, р╕Зр╣Ир╕▓р╕вр╕Хр╣Ир╕нр╕Бр╕▓р╕гр╕Чр╣Нр╕▓р╕Др╕зр╕▓р╕бр╕кр╕░р╕нр╕▓р╕Ф р╣Др╕бр╣Ир╕вр╕╕р╣Ир╕Зр╕вр╕▓р╕Б!, р╕лр╕ер╕нр╕Фр╕Фр╕╖р╣Ир╕бр╣Ар╕Ыр╣Зр╕Щр╕кр╕┤р╣Ир╕Зр╕Чр╕╡р╣Ир╕Фр╕╡р╣Ар╕Юр╕┤р╣Ир╕бр╣Ар╕Хр╕┤р╕б!, р╣Ар╕лр╕бр╕▓р╕░р╕кр╣Нр╕▓р╕лр╕гр╕▒р╕Ър╕Бр╕┤р╕Ир╕Бр╕гр╕гр╕бр╕Бр╕ер╕▓р╕Зр╣Бр╕Ир╣Йр╕З!, р╕Вр╕Щр╕▓р╕Фр╕Чр╕╡р╣Ир╣Ар╕лр╕бр╕▓р╕░р╕кр╕бр╕кр╣Нр╕▓р╕лр╕гр╕▒р╕Ър╕Бр╕▓р╕гр╕Фр╕╖р╣Ир╕бр╕Щр╣Йр╣Нр╕▓р╣Ар╕бр╕╖р╣Ир╕нр╕нр╕нр╕Бр╕Щр╕нр╕Бр╕Ър╣Йр╕▓р╕Щ!,|fake
р╕Др╕зр╕▓р╕бр╕гр╣Йр╕нр╕Щр╣Бр╕ер╕░р╕Др╕зр╕▓р╕бр╣Ар╕вр╣Зр╕Щр╕Чр╣Нр╕▓р╕Зр╕▓р╕Щр╣Др╕Фр╣Йр╕нр╕вр╣Ир╕▓р╕Зр╕Фр╕╡!, р╕гр╕▒р╕Бр╕йр╕▓р╕Др╕зр╕▓р╕бр╣Ар╕вр╣Зр╕Щр╕Вр╕нр╕Зр╣Ар╕Др╕гр╕╖р╣Ир╕нр╕Зр╕Фр╕╖р╣Ир╕бр╣Др╕Фр╣Йр╕Щр╕▓р╕Щ!, р╕Др╕╕р╕Ур╕кр╕бр╕Ър╕▒р╕Хр╕┤р╕Бр╕▓р╕гр╕ер╣Зр╕нр╕Др╕Чр╕╡р╣Ир╕кр╕░р╕Фр╕зр╕Бр╕бр╕▓р╕Б!,|fake
р╕Др╕зр╕▓р╕бр╕гр╣Йр╕нр╕Щр╣Бр╕ер╕░р╕Др╕зр╕▓р╕бр╣Ар╕вр╣Зр╕Щр╕Чр╣Нр╕▓р╕Зр╕▓р╕Щр╣Др╕Фр╣Йр╕нр╕вр╣Ир╕▓р╕Зр╕Фр╕╡!, р╕гр╕▒р╕Бр╕йр╕▓р╕Др╕зр╕▓р╕бр╣Ар╕вр╣Зр╕Щр╕Вр╕нр╕Зр╣Ар╕Др╕гр╕╖р╣Ир╕нр╕Зр╕Фр╕╖р╣Ир╕бр╣Др╕Фр╣Йр╕Щр╕▓р╕Щ!, р╕Др╕╕р╕Ур╕кр╕бр╕Ър╕▒р╕Хр╕┤р╕Бр╕▓р╕гр╕ер╣Зр╕нр╕Др╕Чр╕╡р╣Ир╕кр╕░р╕Фр╕зр╕Бр╕бр╕▓р╕Б!, р╕Зр╣Ир╕▓р╕вр╕Хр╣Ир╕нр╕Бр╕▓р╕гр╕Чр╣Нр╕▓р╕Др╕зр╕▓р╕бр╕кр╕░р╕нр╕▓р╕Ф р╣Др╕бр╣Ир╕вр╕╕р╣Ир╕Зр╕вр╕▓р╕Б!,|fake
р╕Др╕зр╕▓р╕бр╕гр╣Йр╕нр╕Щр╣Бр╕ер╕░р╕Др╕зр╕▓р╕бр╣Ар╕вр╣Зр╕Щр╕Чр╣Нр╕▓р╕Зр╕▓р╕Щр╣Др╕Фр╣Йр╕нр╕вр╣Ир╕▓р╕Зр╕Фр╕╡!, р╕гр╕▒р╕Бр╕йр╕▓р╕Др╕зр╕▓р╕бр╣Ар╕вр╣Зр╕Щр╕Вр╕нр╕Зр╣Ар╕Др╕гр╕╖р╣Ир╕нр╕Зр╕Фр╕╖р╣Ир╕бр╣Др╕Фр╣Йр╕Щр╕▓р╕Щ!, р╕зр╕▒р╕кр╕Фр╕╕р╕кр╣Бр╕Хр╕Щр╣Ар╕ер╕кр╕Др╕╕р╕Ур╕ар╕▓р╕Юр╣Ар╕вр╕╡р╣Ир╕вр╕б!, р╣Ар╕лр╕бр╕▓р╕░р╕кр╣Нр╕▓р╕лр╕гр╕▒р╕Ър╕Бр╕┤р╕Ир╕Бр╕гр╕гр╕бр╕Бр╕ер╕▓р╕Зр╣Бр╕Ир╣Йр╕З!,р╕Др╕зр╕▓р╕бр╕гр╣Йр╕нр╕Щр╣Бр╕ер╕░р╕Др╕зр╕▓р╕бр╣Ар╕вр╣Зр╕Щр╕Чр╣Нр╕▓р╕Зр╕▓р╕Щр╣Др╕Фр╣Йр╕нр╕вр╣Ир╕▓р╕Зр╕Фр╕╡!, р╣Ар╕лр╕бр╕▓р╕░р╕кр╣Нр╕▓р╕лр╕гр╕▒р╕Ър╕Бр╕┤р╕Ир╕Бр╕гр╕гр╕бр╕Бр╕ер╕▓р╕Зр╣Бр╕Ир╣Йр╕З!, р╕Вр╕Щр╕▓р╕Фр╕Чр╕╡р╣Ир╣Ар╕лр╕бр╕▓р╕░р╕кр╕бр╕кр╣Нр╕▓р╕лр╕гр╕▒р╕Ър╕Бр╕▓р╕гр╕Фр╕╖р╣Ир╕бр╕Щр╣Йр╣Нр╕▓р╣Ар╕бр╕╖р╣Ир╕нр╕нр╕нр╕Бр╕Щр╕нр╕Бр╕Ър╣Йр╕▓р╕Щ!, р╕гр╕▒р╕Бр╕кр╣Др╕Хр╕ер╣Мр╕нр╕нр╕Бр╣Бр╕Ър╕Ър╕Чр╕╡р╣Ир╕Фр╕╣р╕Фр╕╡!, р╕зр╕▒р╕кр╕Фр╕╕р╕кр╣Бр╕Хр╕Щр╣Ар╕ер╕кр╕Др╕╕р╕Ур╕ар╕▓р╕Юр╣Ар╕вр╕╡р╣Ир╕вр╕б!|fake
р╕Др╕зр╕▓р╕бр╕гр╣Йр╕нр╕Щр╣Бр╕ер╕░р╕Др╕зр╕▓р╕бр╣Ар╕вр╣Зр╕Щр╕Чр╣Нр╕▓р╕Зр╕▓р╕Щр╣Др╕Фр╣Йр╕нр╕вр╣Ир╕▓р╕Зр╕Фр╕╡!, р╕гр╕▒р╕Бр╕кр╣Др╕Хр╕ер╣Мр╕нр╕нр╕Бр╣Бр╕Ър╕Ър╕Чр╕╡р╣Ир╕Фр╕╣р╕Фр╕╡!, р╕зр╕▒р╕кр╕Фр╕╕р╕кр╣Бр╕Хр╕Щр╣Ар╕ер╕кр╕Др╕╕р╕Ур╕ар╕▓р╕Юр╣Ар╕вр╕╡р╣Ир╕вр╕б!, р╕зр╕▒р╕кр╕Фр╕╕р╕кр╣Бр╕Хр╕Щр╣Ар╕ер╕кр╕Др╕╕р╕Ур╕ар╕▓р╕Юр╣Ар╕вр╕╡р╣Ир╕вр╕б!,|fake
р╕Др╕зр╕▓р╕бр╕гр╣Йр╕нр╕Щр╣Бр╕ер╕░р╕Др╕зр╕▓р╕бр╣Ар╕вр╣Зр╕Щр╕Чр╣Нр╕▓р╕Зр╕▓р╕Щр╣Др╕Фр╣Йр╕нр╕вр╣Ир╕▓р╕Зр╕Фр╕╡!, р╕гр╕▒р╕Бр╕кр╣Др╕Хр╕ер╣Мр╕нр╕нр╕Бр╣Бр╕Ър╕Ър╕Чр╕╡р╣Ир╕Фр╕╣р╕Фр╕╡!, р╕зр╕▒р╕кр╕Фр╕╕р╕кр╣Бр╕Хр╕Щр╣Ар╕ер╕кр╕Др╕╕р╕Ур╕ар╕▓р╕Юр╣Ар╕вр╕╡р╣Ир╕вр╕б!, р╕лр╕ер╕нр╕Фр╕Фр╕╖р╣Ир╕бр╣Ар╕Ыр╣Зр╕Щр╕кр╕┤р╣Ир╕Зр╕Чр╕╡р╣Ир╕Фр╕╡р╣Ар╕Юр╕┤р╣Ир╕бр╣Ар╕Хр╕┤р╕б!, р╕кр╕╡р╕кр╕зр╕в р╣Др╕Фр╣Йр╣Др╕з р╣Бр╕Юр╣Зр╕Др╕бр╕▓р╕Фр╕╡р╕бр╕▓р╕Б р╕гр╕▓р╕Др╕▓р╕Цр╕╣р╕Бр╕Ир╕гр╕┤р╕Зр╣Ж|fake
р╕Др╕зр╕▓р╕бр╕гр╣Йр╕нр╕Щр╣Бр╕ер╕░р╕Др╕зр╕▓р╕бр╣Ар╕вр╣Зр╕Щр╕Чр╣Нр╕▓р╕Зр╕▓р╕Щр╣Др╕Фр╣Йр╕нр╕вр╣Ир╕▓р╕Зр╕Фр╕╡!, р╕гр╕▒р╕Бр╕кр╣Др╕Хр╕ер╣Мр╕нр╕нр╕Бр╣Бр╕Ър╕Ър╕Чр╕╡р╣Ир╕Фр╕╣р╕Фр╕╡!, р╕кр╕гр╣Йр╕▓р╕Зр╕Фр╣Йр╕зр╕вр╕зр╕▒р╕кр╕Фр╕╕р╕Др╕╕р╕Ур╕ар╕▓р╕Юр╕кр╕╣р╕Зр╣Бр╕ер╕░р╕Чр╕Щр╕Чр╕▓р╕Щ!, р╕Др╕╕р╕Ур╕кр╕бр╕Ър╕▒р╕Хр╕┤р╕Бр╕▓р╕гр╕ер╣Зр╕нр╕Др╕Чр╕╡р╣Ир╕кр╕░р╕Фр╕зр╕Бр╕бр╕▓р╕Б!,|fake
р╕Др╕зр╕▓р╕бр╕гр╣Йр╕нр╕Щр╣Бр╕ер╕░р╕Др╕зр╕▓р╕бр╣Ар╕вр╣Зр╕Щр╕Чр╣Нр╕▓р╕Зр╕▓р╕Щр╣Др╕Фр╣Йр╕нр╕вр╣Ир╕▓р╕Зр╕Фр╕╡!, р╕зр╕▒р╕кр╕Фр╕╕р╕кр╣Бр╕Хр╕Щр╣Ар╕ер╕кр╕Др╕╕р╕Ур╕ар╕▓р╕Юр╣Ар╕вр╕╡р╣Ир╕вр╕б!, р╕Др╕╕р╕Ур╕кр╕бр╕Ър╕▒р╕Хр╕┤р╕Бр╕▓р╕гр╕ер╣Зр╕нр╕Др╕Чр╕╡р╣Ир╕кр╕░р╕Фр╕зр╕Бр╕бр╕▓р╕Б!, р╣Ар╕лр╕бр╕▓р╕░р╕кр╣Нр╕▓р╕лр╕гр╕▒р╕Ър╕Бр╕┤р╕Ир╕Бр╕гр╕гр╕бр╕Бр╕ер╕▓р╕Зр╣Бр╕Ир╣Йр╕З!,|fake
р╕Др╕зр╕▓р╕бр╕гр╣Йр╕нр╕Щр╣Бр╕ер╕░р╕Др╕зр╕▓р╕бр╣Ар╕вр╣Зр╕Щр╕Чр╣Нр╕▓р╕Зр╕▓р╕Щр╣Др╕Фр╣Йр╕нр╕вр╣Ир╕▓р╕Зр╕Фр╕╡!, р╕зр╕▒р╕кр╕Фр╕╕р╕кр╣Бр╕Хр╕Щр╣Ар╕ер╕кр╕Др╕╕р╕Ур╕ар╕▓р╕Юр╣Ар╕вр╕╡р╣Ир╕вр╕б!, р╣Ар╕лр╕бр╕▓р╕░р╕кр╣Нр╕▓р╕лр╕гр╕▒р╕Ър╕Бр╕┤р╕Ир╕Бр╕гр╕гр╕бр╕Бр╕ер╕▓р╕Зр╣Бр╕Ир╣Йр╕З!, р╕Зр╣Ир╕▓р╕вр╕Хр╣Ир╕нр╕Бр╕▓р╕гр╕Чр╣Нр╕▓р╕Др╕зр╕▓р╕бр╕кр╕░р╕нр╕▓р╕Ф р╣Др╕бр╣Ир╕вр╕╕р╣Ир╕Зр╕вр╕▓р╕Б!,|fake
р╕Др╕зр╕▓р╕бр╕гр╣Йр╕нр╕Щр╣Бр╕ер╕░р╕Др╕зр╕▓р╕бр╣Ар╕вр╣Зр╕Щр╕Чр╣Нр╕▓р╕Зр╕▓р╕Щр╣Др╕Фр╣Йр╕нр╕вр╣Ир╕▓р╕Зр╕Фр╕╡!, р╕кр╕гр╣Йр╕▓р╕Зр╕Фр╣Йр╕зр╕вр╕зр╕▒р╕кр╕Фр╕╕р╕Др╕╕р╕Ур╕ар╕▓р╕Юр╕кр╕╣р╕Зр╣Бр╕ер╕░р╕Чр╕Щр╕Чр╕▓р╕Щ!, р╕зр╕▒р╕кр╕Фр╕╕р╕кр╣Бр╕Хр╕Щр╣Ар╕ер╕кр╕Др╕╕р╕Ур╕ар╕▓р╕Юр╣Ар╕вр╕╡р╣Ир╕вр╕б!, р╕Зр╣Ир╕▓р╕вр╕Хр╣Ир╕нр╕Бр╕▓р╕гр╕Чр╣Нр╕▓р╕Др╕зр╕▓р╕бр╕кр╕░р╕нр╕▓р╕Ф р╣Др╕бр╣Ир╕вр╕╕р╣Ир╕Зр╕вр╕▓р╕Б!,|fake
р╕Др╕зр╕▓р╕бр╕гр╣Йр╕нр╕Щр╣Бр╕ер╕░р╕Др╕зр╕▓р╕бр╣Ар╕вр╣Зр╕Щр╕Чр╣Нр╕▓р╕Зр╕▓р╕Щр╣Др╕Фр╣Йр╕нр╕вр╣Ир╕▓р╕Зр╕Фр╕╡!, р╕лр╕ер╕нр╕Фр╕Фр╕╖р╣Ир╕бр╣Ар╕Ыр╣Зр╕Щр╕кр╕┤р╣Ир╕Зр╕Чр╕╡р╣Ир╕Фр╕╡р╣Ар╕Юр╕┤р╣Ир╕бр╣Ар╕Хр╕┤р╕б!, р╕гр╕▒р╕Бр╕кр╣Др╕Хр╕ер╣Мр╕нр╕нр╕Бр╣Бр╕Ър╕Ър╕Чр╕╡р╣Ир╕Фр╕╣р╕Фр╕╡!, р╕Зр╣Ир╕▓р╕вр╕Хр╣Ир╕нр╕Бр╕▓р╕гр╕Чр╣Нр╕▓р╕Др╕зр╕▓р╕бр╕кр╕░р╕нр╕▓р╕Ф р╣Др╕бр╣Ир╕вр╕╕р╣Ир╕Зр╕вр╕▓р╕Б!,|fake
р╕Др╕зр╕▓р╕бр╕гр╣Йр╕нр╕Щр╣Бр╕ер╕░р╕Др╕зр╕▓р╕бр╣Ар╕вр╣Зр╕Щр╕Чр╣Нр╕▓р╕Зр╕▓р╕Щр╣Др╕Фр╣Йр╕нр╕вр╣Ир╕▓р╕Зр╕Фр╕╡!, р╣Ар╕лр╕бр╕▓р╕░р╕кр╣Нр╕▓р╕лр╕гр╕▒р╕Ър╕Бр╕┤р╕Ир╕Бр╕гр╕гр╕бр╕Бр╕ер╕▓р╕Зр╣Бр╕Ир╣Йр╕З!, р╕Др╕╕р╕Ур╕кр╕бр╕Ър╕▒р╕Хр╕┤р╕Бр╕▓р╕гр╕ер╣Зр╕нр╕Др╕Чр╕╡р╣Ир╕кр╕░р╕Фр╕зр╕Бр╕бр╕▓р╕Б!, р╕кр╕гр╣Йр╕▓р╕Зр╕Фр╣Йр╕зр╕вр╕зр╕▒р╕кр╕Фр╕╕р╕Др╕╕р╕Ур╕ар╕▓р╕Юр╕кр╕╣р╕Зр╣Бр╕ер╕░р╕Чр╕Щр╕Чр╕▓р╕Щ!, р╕зр╕▒р╕кр╕Фр╕╕р╕кр╣Бр╕Хр╕Щр╣Ар╕ер╕кр╕Др╕╕р╕Ур╕ар╕▓р╕Юр╣Ар╕вр╕╡р╣Ир╕вр╕б!,|fake
р╕Др╕зр╕▓р╕бр╕гр╣Йр╕нр╕Щр╣Бр╕ер╕░р╕Др╕зр╕▓р╕бр╣Ар╕вр╣Зр╕Щр╕Чр╣Нр╕▓р╕Зр╕▓р╕Щр╣Др╕Фр╣Йр╕нр╕вр╣Ир╕▓р╕Зр╕Фр╕╡!, р╣Ар╕лр╕бр╕▓р╕░р╕кр╣Нр╕▓р╕лр╕гр╕▒р╕Ър╕Бр╕┤р╕Ир╕Бр╕гр╕гр╕бр╕Бр╕ер╕▓р╕Зр╣Бр╕Ир╣Йр╕З!, р╕кр╕гр╣Йр╕▓р╕Зр╕Фр╣Йр╕зр╕вр╕зр╕▒р╕кр╕Фр╕╕р╕Др╕╕р╕Ур╕ар╕▓р╕Юр╕кр╕╣р╕Зр╣Бр╕ер╕░р╕Чр╕Щр╕Чр╕▓р╕Щ!, р╕Др╕╕р╕Ур╕кр╕бр╕Ър╕▒р╕Хр╕┤р╕Бр╕▓р╕гр╕ер╣Зр╕нр╕Др╕Чр╕╡р╣Ир╕кр╕░р╕Фр╕зр╕Бр╕бр╕▓р╕Б!,|fake
р╕Др╕╕р╕Ур╕кр╕бр╕Ър╕▒р╕Хр╕┤р╕Бр╕▓р╕гр╕ер╣Зр╕нр╕Др╕Чр╕╡р╣Ир╕кр╕░р╕Фр╕зр╕Бр╕бр╕▓р╕Б!, р╕Вр╕Щр╕▓р╕Фр╕Чр╕╡р╣Ир╣Ар╕лр╕бр╕▓р╕░р╕кр╕бр╕кр╣Нр╕▓р╕лр╕гр╕▒р╕Ър╕Бр╕▓р╕гр╕Фр╕╖р╣Ир╕бр╕Щр╣Йр╣Нр╕▓р╣Ар╕бр╕╖р╣Ир╕нр╕нр╕нр╕Бр╕Щр╕нр╕Бр╕Ър╣Йр╕▓р╕Щ!, р╕Вр╕Щр╕▓р╕Фр╕Чр╕╡р╣Ир╣Ар╕лр╕бр╕▓р╕░р╕кр╕бр╕кр╣Нр╕▓р╕лр╕гр╕▒р╕Ър╕Бр╕▓р╕гр╕Фр╕╖р╣Ир╕бр╕Щр╣Йр╣Нр╕▓р╣Ар╕бр╕╖р╣Ир╕нр╕нр╕нр╕Бр╕Щр╕нр╕Бр╕Ър╣Йр╕▓р╕Щ!, р╕гр╕▒р╕Бр╕йр╕▓р╕Др╕зр╕▓р╕бр╣Ар╕вр╣Зр╕Щр╕Вр╕нр╕Зр╣Ар╕Др╕гр╕╖р╣Ир╕нр╕Зр╕Фр╕╖р╣Ир╕бр╣Др╕Фр╣Йр╕Щр╕▓р╕Щ!,|fake
р╕Др╕╕р╕Ур╕кр╕бр╕Ър╕▒р╕Хр╕┤р╕Бр╕▓р╕гр╕ер╣Зр╕нр╕Др╕Чр╕╡р╣Ир╕кр╕░р╕Фр╕зр╕Бр╕бр╕▓р╕Б!, р╕Вр╕Щр╕▓р╕Фр╕Чр╕╡р╣Ир╣Ар╕лр╕бр╕▓р╕░р╕кр╕бр╕кр╣Нр╕▓р╕лр╕гр╕▒р╕Ър╕Бр╕▓р╕гр╕Фр╕╖р╣Ир╕бр╕Щр╣Йр╣Нр╕▓р╣Ар╕бр╕╖р╣Ир╕нр╕нр╕нр╕Бр╕Щр╕нр╕Бр╕Ър╣Йр╕▓р╕Щ!, р╕Др╕зр╕▓р╕бр╕гр╣Йр╕нр╕Щр╣Бр╕ер╕░р╕Др╕зр╕▓р╕бр╣Ар╕вр╣Зр╕Щр╕Чр╣Нр╕▓р╕Зр╕▓р╕Щр╣Др╕Фр╣Йр╕нр╕вр╣Ир╕▓р╕Зр╕Фр╕╡!,|fake
р╕Др╕╕р╕Ур╕кр╕бр╕Ър╕▒р╕Хр╕┤р╕Бр╕▓р╕гр╕ер╣Зр╕нр╕Др╕Чр╕╡р╣Ир╕кр╕░р╕Фр╕зр╕Бр╕бр╕▓р╕Б!, р╕Вр╕Щр╕▓р╕Фр╕Чр╕╡р╣Ир╣Ар╕лр╕бр╕▓р╕░р╕кр╕бр╕кр╣Нр╕▓р╕лр╕гр╕▒р╕Ър╕Бр╕▓р╕гр╕Фр╕╖р╣Ир╕бр╕Щр╣Йр╣Нр╕▓р╣Ар╕бр╕╖р╣Ир╕нр╕нр╕нр╕Бр╕Щр╕нр╕Бр╕Ър╣Йр╕▓р╕Щ!, р╕гр╕▒р╕Бр╕йр╕▓р╕Др╕зр╕▓р╕бр╣Ар╕вр╣Зр╕Щр╕Вр╕нр╕Зр╣Ар╕Др╕гр╕╖р╣Ир╕нр╕Зр╕Фр╕╖р╣Ир╕бр╣Др╕Фр╣Йр╕Щр╕▓р╕Щ!, р╕кр╕гр╣Йр╕▓р╕Зр╕Фр╣Йр╕зр╕вр╕зр╕▒р╕кр╕Фр╕╕р╕Др╕╕р╕Ур╕ар╕▓р╕Юр╕кр╕╣р╕Зр╣Бр╕ер╕░р╕Чр╕Щр╕Чр╕▓р╕Щ!, р╕зр╕▒р╕кр╕Фр╕╕р╕кр╣Бр╕Хр╕Щр╣Ар╕ер╕кр╕Др╕╕р╕Ур╕ар╕▓р╕Юр╣Ар╕вр╕╡р╣Ир╕вр╕б!, р╕Зр╣Ир╕▓р╕вр╕Хр╣Ир╕нр╕Бр╕▓р╕гр╕Чр╣Нр╕▓р╕Др╕зр╕▓р╕бр╕кр╕░р╕нр╕▓р╕Ф р╣Др╕бр╣Ир╕вр╕╕р╣Ир╕Зр╕вр╕▓р╕Б!,|fake
р╕Др╕╕р╕Ур╕кр╕бр╕Ър╕▒р╕Хр╕┤р╕Бр╕▓р╕гр╕ер╣Зр╕нр╕Др╕Чр╕╡р╣Ир╕кр╕░р╕Фр╕зр╕Бр╕бр╕▓р╕Б!, р╕Вр╕Щр╕▓р╕Фр╕Чр╕╡р╣Ир╣Ар╕лр╕бр╕▓р╕░р╕кр╕бр╕кр╣Нр╕▓р╕лр╕гр╕▒р╕Ър╕Бр╕▓р╕гр╕Фр╕╖р╣Ир╕бр╕Щр╣Йр╣Нр╕▓р╣Ар╕бр╕╖р╣Ир╕нр╕нр╕нр╕Бр╕Щр╕нр╕Бр╕Ър╣Йр╕▓р╕Щ!, р╕гр╕▒р╕Бр╕кр╣Др╕Хр╕ер╣Мр╕нр╕нр╕Бр╣Бр╕Ър╕Ър╕Чр╕╡р╣Ир╕Фр╕╣р╕Фр╕╡!,|fake
р╕Др╕╕р╕Ур╕кр╕бр╕Ър╕▒р╕Хр╕┤р╕Бр╕▓р╕гр╕ер╣Зр╕нр╕Др╕Чр╕╡р╣Ир╕кр╕░р╕Фр╕зр╕Бр╕бр╕▓р╕Б!, р╕Др╕зр╕▓р╕бр╕гр╣Йр╕нр╕Щр╣Бр╕ер╕░р╕Др╕зр╕▓р╕бр╣Ар╕вр╣Зр╕Щр╕Чр╣Нр╕▓р╕Зр╕▓р╕Щр╣Др╕Фр╣Йр╕нр╕вр╣Ир╕▓р╕Зр╕Фр╕╡!, р╕Зр╣Ир╕▓р╕вр╕Хр╣Ир╕нр╕Бр╕▓р╕гр╕Чр╣Нр╕▓р╕Др╕зр╕▓р╕бр╕кр╕░р╕нр╕▓р╕Ф р╣Др╕бр╣Ир╕вр╕╕р╣Ир╕Зр╕вр╕▓р╕Б!, р╕гр╕▒р╕Бр╕кр╣Др╕Хр╕ер╣Мр╕нр╕нр╕Бр╣Бр╕Ър╕Ър╕Чр╕╡р╣Ир╕Фр╕╣р╕Фр╕╡!,|fake
р╕Др╕╕р╕Ур╕кр╕бр╕Ър╕▒р╕Хр╕┤р╕Бр╕▓р╕гр╕ер╣Зр╕нр╕Др╕Чр╕╡р╣Ир╕кр╕░р╕Фр╕зр╕Бр╕бр╕▓р╕Б!, р╕Др╕зр╕▓р╕бр╕гр╣Йр╕нр╕Щр╣Бр╕ер╕░р╕Др╕зр╕▓р╕бр╣Ар╕вр╣Зр╕Щр╕Чр╣Нр╕▓р╕Зр╕▓р╕Щр╣Др╕Фр╣Йр╕нр╕вр╣Ир╕▓р╕Зр╕Фр╕╡!, р╕гр╕▒р╕Бр╕йр╕▓р╕Др╕зр╕▓р╕бр╣Ар╕вр╣Зр╕Щр╕Вр╕нр╕Зр╣Ар╕Др╕гр╕╖р╣Ир╕нр╕Зр╕Фр╕╖р╣Ир╕бр╣Др╕Фр╣Йр╕Щр╕▓р╕Щ!, р╕гр╕▒р╕Бр╕кр╣Др╕Хр╕ер╣Мр╕нр╕нр╕Бр╣Бр╕Ър╕Ър╕Чр╕╡р╣Ир╕Фр╕╣р╕Фр╕╡!,|fake
р╕Др╕╕р╕Ур╕кр╕бр╕Ър╕▒р╕Хр╕┤р╕Бр╕▓р╕гр╕ер╣Зр╕нр╕Др╕Чр╕╡р╣Ир╕кр╕░р╕Фр╕зр╕Бр╕бр╕▓р╕Б!, р╕Зр╣Ир╕▓р╕вр╕Хр╣Ир╕нр╕Бр╕▓р╕гр╕Чр╣Нр╕▓р╕Др╕зр╕▓р╕бр╕кр╕░р╕нр╕▓р╕Ф р╣Др╕бр╣Ир╕вр╕╕р╣Ир╕Зр╕вр╕▓р╕Б!, р╕Вр╕Щр╕▓р╕Фр╕Чр╕╡р╣Ир╣Ар╕лр╕бр╕▓р╕░р╕кр╕бр╕кр╣Нр╕▓р╕лр╕гр╕▒р╕Ър╕Бр╕▓р╕гр╕Фр╕╖р╣Ир╕бр╕Щр╣Йр╣Нр╕▓р╣Ар╕бр╕╖р╣Ир╕нр╕нр╕нр╕Бр╕Щр╕нр╕Бр╕Ър╣Йр╕▓р╕Щ!,|fake
р╕Др╕╕р╕Ур╕кр╕бр╕Ър╕▒р╕Хр╕┤р╕Бр╕▓р╕гр╕ер╣Зр╕нр╕Др╕Чр╕╡р╣Ир╕кр╕░р╕Фр╕зр╕Бр╕бр╕▓р╕Б!, р╕Зр╣Ир╕▓р╕вр╕Хр╣Ир╕нр╕Бр╕▓р╕гр╕Чр╣Нр╕▓р╕Др╕зр╕▓р╕бр╕кр╕░р╕нр╕▓р╕Ф р╣Др╕бр╣Ир╕вр╕╕р╣Ир╕Зр╕вр╕▓р╕Б!, р╕гр╕▒р╕Бр╕йр╕▓р╕Др╕зр╕▓р╕бр╣Ар╕вр╣Зр╕Щр╕Вр╕нр╕Зр╣Ар╕Др╕гр╕╖р╣Ир╕нр╕Зр╕Фр╕╖р╣Ир╕бр╣Др╕Фр╣Йр╕Щр╕▓р╕Щ!, р╕Вр╕Щр╕▓р╕Фр╕Чр╕╡р╣Ир╣Ар╕лр╕бр╕▓р╕░р╕кр╕бр╕кр╣Нр╕▓р╕лр╕гр╕▒р╕Ър╕Бр╕▓р╕гр╕Фр╕╖р╣Ир╕бр╕Щр╣Йр╣Нр╕▓р╣Ар╕бр╕╖р╣Ир╕нр╕нр╕нр╕Бр╕Щр╕нр╕Бр╕Ър╣Йр╕▓р╕Щ!,|fake
р╕Др╕╕р╕Ур╕кр╕бр╕Ър╕▒р╕Хр╕┤р╕Бр╕▓р╕гр╕ер╣Зр╕нр╕Др╕Чр╕╡р╣Ир╕кр╕░р╕Фр╕зр╕Бр╕бр╕▓р╕Б!, р╕гр╕▒р╕Бр╕йр╕▓р╕Др╕зр╕▓р╕бр╣Ар╕вр╣Зр╕Щр╕Вр╕нр╕Зр╣Ар╕Др╕гр╕╖р╣Ир╕нр╕Зр╕Фр╕╖р╣Ир╕бр╣Др╕Фр╣Йр╕Щр╕▓р╕Щ!, р╕зр╕▒р╕кр╕Фр╕╕р╕кр╣Бр╕Хр╕Щр╣Ар╕ер╕кр╕Др╕╕р╕Ур╕ар╕▓р╕Юр╣Ар╕вр╕╡р╣Ир╕вр╕б!, р╕лр╕ер╕нр╕Фр╕Фр╕╖р╣Ир╕бр╣Ар╕Ыр╣Зр╕Щр╕кр╕┤р╣Ир╕Зр╕Чр╕╡р╣Ир╕Фр╕╡р╣Ар╕Юр╕┤р╣Ир╕бр╣Ар╕Хр╕┤р╕б!, р╕Кр╕нр╕Ър╕бр╕▓р╕Бр╕Др╣Ир╕░ р╣Ар╕Фр╕╡р╣Лр╕вр╕зр╕нр╕╕р╕Фр╕лр╕Щр╕╕р╕Щр╕нр╕╡р╕Бр╕Др╣Ир╕░|fake
р╕Др╕╕р╕Ур╕кр╕бр╕Ър╕▒р╕Хр╕┤р╕Бр╕▓р╕гр╕ер╣Зр╕нр╕Др╕Чр╕╡р╣Ир╕кр╕░р╕Фр╕зр╕Бр╕бр╕▓р╕Б!, р╕гр╕▒р╕Бр╕кр╣Др╕Хр╕ер╣Мр╕нр╕нр╕Бр╣Бр╕Ър╕Ър╕Чр╕╡р╣Ир╕Фр╕╣р╕Фр╕╡!, р╕Др╕зр╕▓р╕бр╕гр╣Йр╕нр╕Щр╣Бр╕ер╕░р╕Др╕зр╕▓р╕бр╣Ар╕вр╣Зр╕Щр╕Чр╣Нр╕▓р╕Зр╕▓р╕Щр╣Др╕Фр╣Йр╕нр╕вр╣Ир╕▓р╕Зр╕Фр╕╡!, р╕кр╕гр╣Йр╕▓р╕Зр╕Фр╣Йр╕зр╕вр╕зр╕▒р╕кр╕Фр╕╕р╕Др╕╕р╕Ур╕ар╕▓р╕Юр╕кр╕╣р╕Зр╣Бр╕ер╕░р╕Чр╕Щр╕Чр╕▓р╕Щ!,|fake
р╕Др╕╕р╕Ур╕кр╕бр╕Ър╕▒р╕Хр╕┤р╕Бр╕▓р╕гр╕ер╣Зр╕нр╕Др╕Чр╕╡р╣Ир╕кр╕░р╕Фр╕зр╕Бр╕бр╕▓р╕Б!, р╕зр╕▒р╕кр╕Фр╕╕р╕кр╣Бр╕Хр╕Щр╣Ар╕ер╕кр╕Др╕╕р╕Ур╕ар╕▓р╕Юр╣Ар╕вр╕╡р╣Ир╕вр╕б!, р╕Вр╕Щр╕▓р╕Фр╕Чр╕╡р╣Ир╣Ар╕лр╕бр╕▓р╕░р╕кр╕бр╕кр╣Нр╕▓р╕лр╕гр╕▒р╕Ър╕Бр╕▓р╕гр╕Фр╕╖р╣Ир╕бр╕Щр╣Йр╣Нр╕▓р╣Ар╕бр╕╖р╣Ир╕нр╕нр╕нр╕Бр╕Щр╕нр╕Бр╕Ър╣Йр╕▓р╕Щ!, р╕Др╕зр╕▓р╕бр╕гр╣Йр╕нр╕Щр╣Бр╕ер╕░р╕Др╕зр╕▓р╕бр╣Ар╕вр╣Зр╕Щр╕Чр╣Нр╕▓р╕Зр╕▓р╕Щр╣Др╕Фр╣Йр╕нр╕вр╣Ир╕▓р╕Зр╕Фр╕╡!,|fake
р╕Др╕╕р╕Ур╕кр╕бр╕Ър╕▒р╕Хр╕┤р╕Бр╕▓р╕гр╕ер╣Зр╕нр╕Др╕Чр╕╡р╣Ир╕кр╕░р╕Фр╕зр╕Бр╕бр╕▓р╕Б!, р╕зр╕▒р╕кр╕Фр╕╕р╕кр╣Бр╕Хр╕Щр╣Ар╕ер╕кр╕Др╕╕р╕Ур╕ар╕▓р╕Юр╣Ар╕вр╕╡р╣Ир╕вр╕б!, р╕Зр╣Ир╕▓р╕вр╕Хр╣Ир╕нр╕Бр╕▓р╕гр╕Чр╣Нр╕▓р╕Др╕зр╕▓р╕бр╕кр╕░р╕нр╕▓р╕Ф р╣Др╕бр╣Ир╕вр╕╕р╣Ир╕Зр╕вр╕▓р╕Б!, р╕кр╕гр╣Йр╕▓р╕Зр╕Фр╣Йр╕зр╕вр╕зр╕▒р╕кр╕Фр╕╕р╕Др╕╕р╕Ур╕ар╕▓р╕Юр╕кр╕╣р╕Зр╣Бр╕ер╕░р╕Чр╕Щр╕Чр╕▓р╕Щ!,|fake
р╕Др╕╕р╕Ур╕кр╕бр╕Ър╕▒р╕Хр╕┤р╕Бр╕▓р╕гр╕ер╣Зр╕нр╕Др╕Чр╕╡р╣Ир╕кр╕░р╕Фр╕зр╕Бр╕бр╕▓р╕Б!, р╕кр╕гр╣Йр╕▓р╕Зр╕Фр╣Йр╕зр╕вр╕зр╕▒р╕кр╕Фр╕╕р╕Др╕╕р╕Ур╕ар╕▓р╕Юр╕кр╕╣р╕Зр╣Бр╕ер╕░р╕Чр╕Щр╕Чр╕▓р╕Щ!, р╕Вр╕Щр╕▓р╕Фр╕Чр╕╡р╣Ир╣Ар╕лр╕бр╕▓р╕░р╕кр╕бр╕кр╣Нр╕▓р╕лр╕гр╕▒р╕Ър╕Бр╕▓р╕гр╕Фр╕╖р╣Ир╕бр╕Щр╣Йр╣Нр╕▓р╣Ар╕бр╕╖р╣Ир╕нр╕нр╕нр╕Бр╕Щр╕нр╕Бр╕Ър╣Йр╕▓р╕Щ!, р╕лр╕ер╕нр╕Фр╕Фр╕╖р╣Ир╕бр╣Ар╕Ыр╣Зр╕Щр╕кр╕┤р╣Ир╕Зр╕Чр╕╡р╣Ир╕Фр╕╡р╣Ар╕Юр╕┤р╣Ир╕бр╣Ар╕Хр╕┤р╕б!,|fake
р╕Др╕╕р╕Ур╕кр╕бр╕Ър╕▒р╕Хр╕┤р╕Бр╕▓р╕гр╕ер╣Зр╕нр╕Др╕Чр╕╡р╣Ир╕кр╕░р╕Фр╕зр╕Бр╕бр╕▓р╕Б!, р╕кр╕гр╣Йр╕▓р╕Зр╕Фр╣Йр╕зр╕вр╕зр╕▒р╕кр╕Фр╕╕р╕Др╕╕р╕Ур╕ар╕▓р╕Юр╕кр╕╣р╕Зр╣Бр╕ер╕░р╕Чр╕Щр╕Чр╕▓р╕Щ!, р╕Зр╣Ир╕▓р╕вр╕Хр╣Ир╕нр╕Бр╕▓р╕гр╕Чр╣Нр╕▓р╕Др╕зр╕▓р╕бр╕кр╕░р╕нр╕▓р╕Ф р╣Др╕бр╣Ир╕вр╕╕р╣Ир╕Зр╕вр╕▓р╕Б!,|fake
р╕Др╕╕р╕Ур╕кр╕бр╕Ър╕▒р╕Хр╕┤р╕Бр╕▓р╕гр╕ер╣Зр╕нр╕Др╕Чр╕╡р╣Ир╕кр╕░р╕Фр╕зр╕Бр╕бр╕▓р╕Б!, р╕лр╕ер╕нр╕Фр╕Фр╕╖р╣Ир╕бр╣Ар╕Ыр╣Зр╕Щр╕кр╕┤р╣Ир╕Зр╕Чр╕╡р╣Ир╕Фр╕╡р╣Ар╕Юр╕┤р╣Ир╕бр╣Ар╕Хр╕┤р╕б!, р╕Вр╕Щр╕▓р╕Фр╕Чр╕╡р╣Ир╣Ар╕лр╕бр╕▓р╕░р╕кр╕бр╕кр╣Нр╕▓р╕лр╕гр╕▒р╕Ър╕Бр╕▓р╕гр╕Фр╕╖р╣Ир╕бр╕Щр╣Йр╣Нр╕▓р╣Ар╕бр╕╖р╣Ир╕нр╕нр╕нр╕Бр╕Щр╕нр╕Бр╕Ър╣Йр╕▓р╕Щ!, р╣Ар╕лр╕бр╕▓р╕░р╕кр╣Нр╕▓р╕лр╕гр╕▒р╕Ър╕Бр╕┤р╕Ир╕Бр╕гр╕гр╕бр╕Бр╕ер╕▓р╕Зр╣Бр╕Ир╣Йр╕З!, р╕гр╕▒р╕Бр╕кр╣Др╕Хр╕ер╣Мр╕нр╕нр╕Бр╣Бр╕Ър╕Ър╕Чр╕╡р╣Ир╕Фр╕╣р╕Фр╕╡!, р╕гр╕▒р╕Бр╕йр╕▓р╕Др╕зр╕▓р╕бр╣Ар╕вр╣Зр╕Щр╕Вр╕нр╕Зр╣Ар╕Др╕гр╕╖р╣Ир╕нр╕Зр╕Фр╕╖р╣Ир╕бр╣Др╕Фр╣Йр╕Щр╕▓р╕Щ!, р╕кр╕гр╣Йр╕▓р╕Зр╕Фр╣Йр╕зр╕вр╕зр╕▒р╕кр╕Фр╕╕р╕Др╕╕р╕Ур╕ар╕▓р╕Юр╕кр╕╣р╕Зр╣Бр╕ер╕░р╕Чр╕Щр╕Чр╕▓р╕Щ!, р╕Др╕зр╕▓р╕бр╕гр╣Йр╕нр╕Щр╣Бр╕ер╕░р╕Др╕зр╕▓р╕бр╣Ар╕вр╣Зр╕Щр╕Чр╣Нр╕▓р╕Зр╕▓р╕Щр╣Др╕Фр╣Йр╕нр╕вр╣Ир╕▓р╕Зр╕Фр╕╡!,|fake
р╕Др╕╕р╕Ур╕кр╕бр╕Ър╕▒р╕Хр╕┤р╕Бр╕▓р╕гр╕ер╣Зр╕нр╕Др╕Чр╕╡р╣Ир╕кр╕░р╕Фр╕зр╕Бр╕бр╕▓р╕Б!, р╕лр╕ер╕нр╕Фр╕Фр╕╖р╣Ир╕бр╣Ар╕Ыр╣Зр╕Щр╕кр╕┤р╣Ир╕Зр╕Чр╕╡р╣Ир╕Фр╕╡р╣Ар╕Юр╕┤р╣Ир╕бр╣Ар╕Хр╕┤р╕б!, р╕Вр╕Щр╕▓р╕Фр╕Чр╕╡р╣Ир╣Ар╕лр╕бр╕▓р╕░р╕кр╕бр╕кр╣Нр╕▓р╕лр╕гр╕▒р╕Ър╕Бр╕▓р╕гр╕Фр╕╖р╣Ир╕бр╕Щр╣Йр╣Нр╕▓р╣Ар╕бр╕╖р╣Ир╕нр╕нр╕нр╕Бр╕Щр╕нр╕Бр╕Ър╣Йр╕▓р╕Щ!, р╣Ар╕лр╕бр╕▓р╕░р╕кр╣Нр╕▓р╕лр╕гр╕▒р╕Ър╕Бр╕┤р╕Ир╕Бр╕гр╕гр╕бр╕Бр╕ер╕▓р╕Зр╣Бр╕Ир╣Йр╕З!, р╕гр╕▒р╕Бр╕кр╣Др╕Хр╕ер╣Мр╕нр╕нр╕Бр╣Бр╕Ър╕Ър╕Чр╕╡р╣Ир╕Фр╕╣р╕Фр╕╡!, р╕гр╕▒р╕Бр╕йр╕▓р╕Др╕зр╕▓р╕бр╣Ар╕вр╣Зр╕Щр╕Вр╕нр╕Зр╣Ар╕Др╕гр╕╖р╣Ир╕нр╕Зр╕Фр╕╖р╣Ир╕бр╣Др╕Фр╣Йр╕Щр╕▓р╕Щ!, р╕кр╕гр╣Йр╕▓р╕Зр╕Фр╣Йр╕зр╕вр╕зр╕▒р╕кр╕Фр╕╕р╕Др╕╕р╕Ур╕ар╕▓р╕Юр╕кр╕╣р╕Зр╣Бр╕ер╕░р╕Чр╕Щр╕Чр╕▓р╕Щ!, р╕Др╕зр╕▓р╕бр╕гр╣Йр╕нр╕Щр╣Бр╕ер╕░р╕Др╕зр╕▓р╕бр╣Ар╕вр╣Зр╕Щр╕Чр╣Нр╕▓р╕Зр╕▓р╕Щр╣Др╕Фр╣Йр╕нр╕вр╣Ир╕▓р╕Зр╕Фр╕╡!,124:124-blue1700ml.0|fake
р╕Др╕╕р╕Ур╕кр╕бр╕Ър╕▒р╕Хр╕┤р╕Бр╕▓р╕гр╕ер╣Зр╕нр╕Др╕Чр╕╡р╣Ир╕кр╕░р╕Фр╕зр╕Бр╕бр╕▓р╕Б!, р╣Ар╕лр╕бр╕▓р╕░р╕кр╣Нр╕▓р╕лр╕гр╕▒р╕Ър╕Бр╕┤р╕Ир╕Бр╕гр╕гр╕бр╕Бр╕ер╕▓р╕Зр╣Бр╕Ир╣Йр╕З!, р╕Вр╕Щр╕▓р╕Фр╕Чр╕╡р╣Ир╣Ар╕лр╕бр╕▓р╕░р╕кр╕бр╕кр╣Нр╕▓р╕лр╕гр╕▒р╕Ър╕Бр╕▓р╕гр╕Фр╕╖р╣Ир╕бр╕Щр╣Йр╣Нр╕▓р╣Ар╕бр╕╖р╣Ир╕нр╕нр╕нр╕Бр╕Щр╕нр╕Бр╕Ър╣Йр╕▓р╕Щ!,|fake
р╕Др╕╕р╕Ур╕кр╕бр╕Ър╕▒р╕Хр╕┤р╕Бр╕▓р╕гр╕ер╣Зр╕нр╕Др╕Чр╕╡р╣Ир╕кр╕░р╕Фр╕зр╕Бр╕бр╕▓р╕Б!, р╣Ар╕лр╕бр╕▓р╕░р╕кр╣Нр╕▓р╕лр╕гр╕▒р╕Ър╕Бр╕┤р╕Ир╕Бр╕гр╕гр╕бр╕Бр╕ер╕▓р╕Зр╣Бр╕Ир╣Йр╕З!, р╕Вр╕Щр╕▓р╕Фр╕Чр╕╡р╣Ир╣Ар╕лр╕бр╕▓р╕░р╕кр╕бр╕кр╣Нр╕▓р╕лр╕гр╕▒р╕Ър╕Бр╕▓р╕гр╕Фр╕╖р╣Ир╕бр╕Щр╣Йр╣Нр╕▓р╣Ар╕бр╕╖р╣Ир╕нр╕нр╕нр╕Бр╕Щр╕нр╕Бр╕Ър╣Йр╕▓р╕Щ!, р╕зр╕▒р╕кр╕Фр╕╕р╕кр╣Бр╕Хр╕Щр╣Ар╕ер╕кр╕Др╕╕р╕Ур╕ар╕▓р╕Юр╣Ар╕вр╕╡р╣Ир╕вр╕б!,|fake
р╕Др╕╕р╕Ур╕кр╕бр╕Ър╕▒р╕Хр╕┤р╕Бр╕▓р╕гр╕ер╣Зр╕нр╕Др╕Чр╕╡р╣Ир╕кр╕░р╕Фр╕зр╕Бр╕бр╕▓р╕Б!, р╣Ар╕лр╕бр╕▓р╕░р╕кр╣Нр╕▓р╕лр╕гр╕▒р╕Ър╕Бр╕┤р╕Ир╕Бр╕гр╕гр╕бр╕Бр╕ер╕▓р╕Зр╣Бр╕Ир╣Йр╕З!, р╕Зр╣Ир╕▓р╕вр╕Хр╣Ир╕нр╕Бр╕▓р╕гр╕Чр╣Нр╕▓р╕Др╕зр╕▓р╕бр╕кр╕░р╕нр╕▓р╕Ф р╣Др╕бр╣Ир╕вр╕╕р╣Ир╕Зр╕вр╕▓р╕Б!, р╕кр╕гр╣Йр╕▓р╕Зр╕Фр╣Йр╕зр╕вр╕зр╕▒р╕кр╕Фр╕╕р╕Др╕╕р╕Ур╕ар╕▓р╕Юр╕кр╕╣р╕Зр╣Бр╕ер╕░р╕Чр╕Щр╕Чр╕▓р╕Щ!,|fake
р╕Др╕╕р╕Ур╕кр╕бр╕Ър╕▒р╕Хр╕┤р╕Бр╕▓р╕гр╕ер╣Зр╕нр╕Др╕Чр╕╡р╣Ир╕кр╕░р╕Фр╕зр╕Бр╕бр╕▓р╕Б!, р╣Ар╕лр╕бр╕▓р╕░р╕кр╣Нр╕▓р╕лр╕гр╕▒р╕Ър╕Бр╕┤р╕Ир╕Бр╕гр╕гр╕бр╕Бр╕ер╕▓р╕Зр╣Бр╕Ир╣Йр╕З!, р╕кр╕гр╣Йр╕▓р╕Зр╕Фр╣Йр╕зр╕вр╕зр╕▒р╕кр╕Фр╕╕р╕Др╕╕р╕Ур╕ар╕▓р╕Юр╕кр╕╣р╕Зр╣Бр╕ер╕░р╕Чр╕Щр╕Чр╕▓р╕Щ!, р╕гр╕▒р╕Бр╕йр╕▓р╕Др╕зр╕▓р╕бр╣Ар╕вр╣Зр╕Щр╕Вр╕нр╕Зр╣Ар╕Др╕гр╕╖р╣Ир╕нр╕Зр╕Фр╕╖р╣Ир╕бр╣Др╕Фр╣Йр╕Щр╕▓р╕Щ!, р╕гр╕▒р╕Бр╕кр╣Др╕Хр╕ер╣Мр╕нр╕нр╕Бр╣Бр╕Ър╕Ър╕Чр╕╡р╣Ир╕Фр╕╣р╕Фр╕╡!, р╕Др╕зр╕▓р╕бр╕гр╣Йр╕нр╕Щр╣Бр╕ер╕░р╕Др╕зр╕▓р╕бр╣Ар╕вр╣Зр╕Щр╕Чр╣Нр╕▓р╕Зр╕▓р╕Щр╣Др╕Фр╣Йр╕нр╕вр╣Ир╕▓р╕Зр╕Фр╕╡!, р╕лр╕ер╕нр╕Фр╕Фр╕╖р╣Ир╕бр╣Ар╕Ыр╣Зр╕Щр╕кр╕┤р╣Ир╕Зр╕Чр╕╡р╣Ир╕Фр╕╡р╣Ар╕Юр╕┤р╣Ир╕бр╣Ар╕Хр╕┤р╕б!, р╕Зр╣Ир╕▓р╕вр╕Хр╣Ир╕нр╕Бр╕▓р╕гр╕Чр╣Нр╕▓р╕Др╕зр╕▓р╕бр╕кр╕░р╕нр╕▓р╕Ф р╣Др╕бр╣Ир╕вр╕╕р╣Ир╕Зр╕вр╕▓р╕Б!,|fake
р╕Зр╣Ир╕▓р╕вр╕Хр╣Ир╕нр╕Бр╕▓р╕гр╕Чр╣Нр╕▓р╕Др╕зр╕▓р╕бр╕кр╕░р╕нр╕▓р╕Ф р╣Др╕бр╣Ир╕вр╕╕р╣Ир╕Зр╕вр╕▓р╕Б,р╕зр╕▒р╕кр╕Фр╕╕р╕кр╣Бр╕Хр╕Щр╣Ар╕ер╕кр╕Др╕╕р╕Ур╕ар╕▓р╕Юр╣Ар╕вр╕╡р╣Ир╕вр╕б!, р╕гр╕▒р╕Бр╕кр╣Др╕Хр╕ер╣Мр╕нр╕нр╕Бр╣Бр╕Ър╕Ър╕Чр╕╡р╣Ир╕Фр╕╣р╕Фр╕╡!, р╕лр╕ер╕нр╕Фр╕Фр╕╖р╣Ир╕бр╣Ар╕Ыр╣Зр╕Щр╕кр╕┤р╣Ир╕Зр╕Чр╕╡р╣Ир╕Фр╕╡р╣Ар╕Юр╕┤р╣Ир╕бр╣Ар╕Хр╕┤р╕б!,|fake
р╕Зр╣Ир╕▓р╕вр╕Хр╣Ир╕нр╕Бр╕▓р╕гр╕Чр╣Нр╕▓р╕Др╕зр╕▓р╕бр╕кр╕░р╕нр╕▓р╕Ф р╣Др╕бр╣Ир╕вр╕╕р╣Ир╕Зр╕вр╕▓р╕Б!, р╕Вр╕Щр╕▓р╕Фр╕Чр╕╡р╣Ир╣Ар╕лр╕бр╕▓р╕░р╕кр╕бр╕кр╣Нр╕▓р╕лр╕гр╕▒р╕Ър╕Бр╕▓р╕гр╕Фр╕╖р╣Ир╕бр╕Щр╣Йр╣Нр╕▓р╣Ар╕бр╕╖р╣Ир╕нр╕нр╕нр╕Бр╕Щр╕нр╕Бр╕Ър╣Йр╕▓р╕Щ!, р╕гр╕▒р╕Бр╕йр╕▓р╕Др╕зр╕▓р╕бр╣Ар╕вр╣Зр╕Щр╕Вр╕нр╕Зр╣Ар╕Др╕гр╕╖р╣Ир╕нр╕Зр╕Фр╕╖р╣Ир╕бр╣Др╕Фр╣Йр╕Щр╕▓р╕Щ!, р╕гр╕▒р╕Бр╕кр╣Др╕Хр╕ер╣Мр╕нр╕нр╕Бр╣Бр╕Ър╕Ър╕Чр╕╡р╣Ир╕Фр╕╣р╕Фр╕╡!,|fake
р╕Зр╣Ир╕▓р╕вр╕Хр╣Ир╕нр╕Бр╕▓р╕гр╕Чр╣Нр╕▓р╕Др╕зр╕▓р╕бр╕кр╕░р╕нр╕▓р╕Ф р╣Др╕бр╣Ир╕вр╕╕р╣Ир╕Зр╕вр╕▓р╕Б!, р╕Вр╕Щр╕▓р╕Фр╕Чр╕╡р╣Ир╣Ар╕лр╕бр╕▓р╕░р╕кр╕бр╕кр╣Нр╕▓р╕лр╕гр╕▒р╕Ър╕Бр╕▓р╕гр╕Фр╕╖р╣Ир╕бр╕Щр╣Йр╣Нр╕▓р╣Ар╕бр╕╖р╣Ир╕нр╕нр╕нр╕Бр╕Щр╕нр╕Бр╕Ър╣Йр╕▓р╕Щ!, р╕гр╕▒р╕Бр╕кр╣Др╕Хр╕ер╣Мр╕нр╕нр╕Бр╣Бр╕Ър╕Ър╕Чр╕╡р╣Ир╕Фр╕╣р╕Фр╕╡!, р╣Ар╕лр╕бр╕▓р╕░р╕кр╣Нр╕▓р╕лр╕гр╕▒р╕Ър╕Бр╕┤р╕Ир╕Бр╕гр╕гр╕бр╕Бр╕ер╕▓р╕Зр╣Бр╕Ир╣Йр╕З!,|fake
р╕Зр╣Ир╕▓р╕вр╕Хр╣Ир╕нр╕Бр╕▓р╕гр╕Чр╣Нр╕▓р╕Др╕зр╕▓р╕бр╕кр╕░р╕нр╕▓р╕Ф р╣Др╕бр╣Ир╕вр╕╕р╣Ир╕Зр╕вр╕▓р╕Б!, р╕Вр╕Щр╕▓р╕Фр╕Чр╕╡р╣Ир╣Ар╕лр╕бр╕▓р╕░р╕кр╕бр╕кр╣Нр╕▓р╕лр╕гр╕▒р╕Ър╕Бр╕▓р╕гр╕Фр╕╖р╣Ир╕бр╕Щр╣Йр╣Нр╕▓р╣Ар╕бр╕╖р╣Ир╕нр╕нр╕нр╕Бр╕Щр╕нр╕Бр╕Ър╣Йр╕▓р╕Щ!, р╣Ар╕лр╕бр╕▓р╕░р╕кр╣Нр╕▓р╕лр╕гр╕▒р╕Ър╕Бр╕┤р╕Ир╕Бр╕гр╕гр╕бр╕Бр╕ер╕▓р╕Зр╣Бр╕Ир╣Йр╕З!, р╕кр╕гр╣Йр╕▓р╕Зр╕Фр╣Йр╕зр╕вр╕зр╕▒р╕кр╕Фр╕╕р╕Др╕╕р╕Ур╕ар╕▓р╕Юр╕кр╕╣р╕Зр╣Бр╕ер╕░р╕Чр╕Щр╕Чр╕▓р╕Щ!, р╕кр╕гр╣Йр╕▓р╕Зр╕Фр╣Йр╕зр╕вр╕зр╕▒р╕кр╕Фр╕╕р╕Др╕╕р╕Ур╕ар╕▓р╕Юр╕кр╕╣р╕Зр╣Бр╕ер╕░р╕Чр╕Щр╕Чр╕▓р╕Щ!,|fake
р╕Зр╣Ир╕▓р╕вр╕Хр╣Ир╕нр╕Бр╕▓р╕гр╕Чр╣Нр╕▓р╕Др╕зр╕▓р╕бр╕кр╕░р╕нр╕▓р╕Ф р╣Др╕бр╣Ир╕вр╕╕р╣Ир╕Зр╕вр╕▓р╕Б!, р╕Др╕╕р╕Ур╕кр╕бр╕Ър╕▒р╕Хр╕┤р╕Бр╕▓р╕гр╕ер╣Зр╕нр╕Др╕Чр╕╡р╣Ир╕кр╕░р╕Фр╕зр╕Бр╕бр╕▓р╕Б!, р╕Др╕зр╕▓р╕бр╕гр╣Йр╕нр╕Щр╣Бр╕ер╕░р╕Др╕зр╕▓р╕бр╣Ар╕вр╣Зр╕Щр╕Чр╣Нр╕▓р╕Зр╕▓р╕Щр╣Др╕Фр╣Йр╕нр╕вр╣Ир╕▓р╕Зр╕Фр╕╡!, р╕гр╕▒р╕Бр╕кр╣Др╕Хр╕ер╣Мр╕нр╕нр╕Бр╣Бр╕Ър╕Ър╕Чр╕╡р╣Ир╕Фр╕╣р╕Фр╕╡!, р╕гр╕▒р╕Бр╕йр╕▓р╕Др╕зр╕▓р╕бр╣Ар╕вр╣Зр╕Щр╕Вр╕нр╕Зр╣Ар╕Др╕гр╕╖р╣Ир╕нр╕Зр╕Фр╕╖р╣Ир╕бр╣Др╕Фр╣Йр╕Щр╕▓р╕Щ!, р╕Вр╕Щр╕▓р╕Фр╕Чр╕╡р╣Ир╣Ар╕лр╕бр╕▓р╕░р╕кр╕бр╕кр╣Нр╕▓р╕лр╕гр╕▒р╕Ър╕Бр╕▓р╕гр╕Фр╕╖р╣Ир╕бр╕Щр╣Йр╣Нр╕▓р╣Ар╕бр╕╖р╣Ир╕нр╕нр╕нр╕Бр╕Щр╕нр╕Бр╕Ър╣Йр╕▓р╕Щ!, р╕лр╕ер╕нр╕Фр╕Фр╕╖р╣Ир╕бр╣Ар╕Ыр╣Зр╕Щр╕кр╕┤р╣Ир╕Зр╕Чр╕╡р╣Ир╕Фр╕╡р╣Ар╕Юр╕┤р╣Ир╕бр╣Ар╕Хр╕┤р╕б!, р╣Ар╕лр╕бр╕▓р╕░р╕кр╣Нр╕▓р╕лр╕гр╕▒р╕Ър╕Бр╕┤р╕Ир╕Бр╕гр╕гр╕бр╕Бр╕ер╕▓р╕Зр╣Бр╕Ир╣Йр╕З!,|fake
р╕Зр╣Ир╕▓р╕вр╕Хр╣Ир╕нр╕Бр╕▓р╕гр╕Чр╣Нр╕▓р╕Др╕зр╕▓р╕бр╕кр╕░р╕нр╕▓р╕Ф р╣Др╕бр╣Ир╕вр╕╕р╣Ир╕Зр╕вр╕▓р╕Б!, р╕Др╕╕р╕Ур╕кр╕бр╕Ър╕▒р╕Хр╕┤р╕Бр╕▓р╕гр╕ер╣Зр╕нр╕Др╕Чр╕╡р╣Ир╕кр╕░р╕Фр╕зр╕Бр╕бр╕▓р╕Б!, р╕Др╕╕р╕Ур╕кр╕бр╕Ър╕▒р╕Хр╕┤р╕Бр╕▓р╕гр╕ер╣Зр╕нр╕Др╕Чр╕╡р╣Ир╕кр╕░р╕Фр╕зр╕Бр╕бр╕▓р╕Б!, р╕Др╕╕р╕Ур╕кр╕бр╕Ър╕▒р╕Хр╕┤р╕Бр╕▓р╕гр╕ер╣Зр╕нр╕Др╕Чр╕╡р╣Ир╕кр╕░р╕Фр╕зр╕Бр╕бр╕▓р╕Б!,|fake
р╕Зр╣Ир╕▓р╕вр╕Хр╣Ир╕нр╕Бр╕▓р╕гр╕Чр╣Нр╕▓р╕Др╕зр╕▓р╕бр╕кр╕░р╕нр╕▓р╕Ф р╣Др╕бр╣Ир╕вр╕╕р╣Ир╕Зр╕вр╕▓р╕Б!, р╕гр╕▒р╕Бр╕йр╕▓р╕Др╕зр╕▓р╕бр╣Ар╕вр╣Зр╕Щр╕Вр╕нр╕Зр╣Ар╕Др╕гр╕╖р╣Ир╕нр╕Зр╕Фр╕╖р╣Ир╕бр╣Др╕Фр╣Йр╕Щр╕▓р╕Щ!, р╣Ар╕лр╕бр╕▓р╕░р╕кр╣Нр╕▓р╕лр╕гр╕▒р╕Ър╕Бр╕┤р╕Ир╕Бр╕гр╕гр╕бр╕Бр╕ер╕▓р╕Зр╣Бр╕Ир╣Йр╕З!,|fake
р╕Зр╣Ир╕▓р╕вр╕Хр╣Ир╕нр╕Бр╕▓р╕гр╕Чр╣Нр╕▓р╕Др╕зр╕▓р╕бр╕кр╕░р╕нр╕▓р╕Ф р╣Др╕бр╣Ир╕вр╕╕р╣Ир╕Зр╕вр╕▓р╕Б!, р╕гр╕▒р╕Бр╕кр╣Др╕Хр╕ер╣Мр╕нр╕нр╕Бр╣Бр╕Ър╕Ър╕Чр╕╡р╣Ир╕Фр╕╣р╕Фр╕╡!, р╕Вр╕Щр╕▓р╕Фр╕Чр╕╡р╣Ир╣Ар╕лр╕бр╕▓р╕░р╕кр╕бр╕кр╣Нр╕▓р╕лр╕гр╕▒р╕Ър╕Бр╕▓р╕гр╕Фр╕╖р╣Ир╕бр╕Щр╣Йр╣Нр╕▓р╣Ар╕бр╕╖р╣Ир╕нр╕нр╕нр╕Бр╕Щр╕нр╕Бр╕Ър╣Йр╕▓р╕Щ!, р╕гр╕нр╕Щр╕▓р╕Щр╕Щр╕┤р╕Фр╕Щр╕╢р╕Зр╕Чр╕╡р╣Бр╕гр╕Бр╣Бр╕Ир╣Йр╕Зр╕зр╣Ир╕▓р╕Цр╕╢р╕Зр╕зр╕▒р╕Щр╕Чр╕╡р╣И 2 р╣Бр╕Хр╣Ир╕бр╕▓р╕Цр╕╢р╕Зр╕зр╕▒р╕Щр╕Чр╕╡р╣И 5 р╣Ар╕лр╣Зр╕Щр╕Ър╕нр╕Бр╕зр╣Ир╕▓р╣Бр╕Цр╕бр╕лр╕ер╕нр╕Ф р╣Бр╕Бр╕░р╕Бр╕ер╣Ир╕нр╕Зр╕бр╕▓р╣Др╕бр╣Ир╣Ар╕Ир╕нр╕лр╕ер╕нр╕Фр╕Щр╕░р╕Др╕░ р╣Ар╕Бр╣Зр╕Ър╕Др╕зр╕▓р╕бр╣Ар╕вр╣Зр╕Щр╣Др╕Фр╣Йр╕Щр╕▓р╕Щр╣Др╕лр╕б р╕Хр╣Йр╕нр╕Зр╕Вр╕нр╕ер╕нр╕Зр╣Гр╕Кр╣Йр╕Зр╕▓р╕Щр╕Фр╕╣р╕Бр╣Ир╕нр╕Щ|fake
р╕Зр╣Ир╕▓р╕вр╕Хр╣Ир╕нр╕Бр╕▓р╕гр╕Чр╣Нр╕▓р╕Др╕зр╕▓р╕бр╕кр╕░р╕нр╕▓р╕Ф р╣Др╕бр╣Ир╕вр╕╕р╣Ир╕Зр╕вр╕▓р╕Б!, р╕гр╕▒р╕Бр╕кр╣Др╕Хр╕ер╣Мр╕нр╕нр╕Бр╣Бр╕Ър╕Ър╕Чр╕╡р╣Ир╕Фр╕╣р╕Фр╕╡!, р╕Вр╕Щр╕▓р╕Фр╕Чр╕╡р╣Ир╣Ар╕лр╕бр╕▓р╕░р╕кр╕бр╕кр╣Нр╕▓р╕лр╕гр╕▒р╕Ър╕Бр╕▓р╕гр╕Фр╕╖р╣Ир╕бр╕Щр╣Йр╣Нр╕▓р╣Ар╕бр╕╖р╣Ир╕нр╕нр╕нр╕Бр╕Щр╕нр╕Бр╕Ър╣Йр╕▓р╕Щ!, р╕гр╕нр╕Щр╕▓р╕Щр╕Щр╕┤р╕Фр╕Щр╕╢р╕Зр╕Чр╕╡р╣Бр╕гр╕Бр╣Бр╕Ир╣Йр╕Зр╕зр╣Ир╕▓р╕Цр╕╢р╕Зр╕зр╕▒р╕Щр╕Чр╕╡р╣И 2 р╣Бр╕Хр╣Ир╕бр╕▓р╕Цр╕╢р╕Зр╕зр╕▒р╕Щр╕Чр╕╡р╣И 5 р╣Ар╕лр╣Зр╕Щр╕Ър╕нр╕Бр╕зр╣Ир╕▓р╣Бр╕Цр╕бр╕лр╕ер╕нр╕Ф р╣Бр╕Бр╕░р╕Бр╕ер╣Ир╕нр╕Зр╕бр╕▓р╣Др╕бр╣Ир╣Ар╕Ир╕нр╕лр╕ер╕нр╕Фр╕Щр╕░р╕Др╕░ р╣Ар╕Бр╣Зр╕Ър╕Др╕зр╕▓р╕бр╣Ар╕вр╣Зр╕Щр╣Др╕Фр╣Йр╕Щр╕▓р╕Щр╣Др╕лр╕б р╕Хр╣Йр╕нр╕Зр╕Вр╕нр╕ер╕нр╕Зр╣Гр╕Кр╣Йр╕Зр╕▓р╕Щр╕Фр╕╣р╕Бр╣Ир╕нр╕Щ124:124-blue1300ml.0|fake
р╕Зр╣Ир╕▓р╕вр╕Хр╣Ир╕нр╕Бр╕▓р╕гр╕Чр╣Нр╕▓р╕Др╕зр╕▓р╕бр╕кр╕░р╕нр╕▓р╕Ф р╣Др╕бр╣Ир╕вр╕╕р╣Ир╕Зр╕вр╕▓р╕Б!, р╕гр╕▒р╕Бр╕кр╣Др╕Хр╕ер╣Мр╕нр╕нр╕Бр╣Бр╕Ър╕Ър╕Чр╕╡р╣Ир╕Фр╕╣р╕Фр╕╡!, р╣Ар╕лр╕бр╕▓р╕░р╕кр╣Нр╕▓р╕лр╕гр╕▒р╕Ър╕Бр╕┤р╕Ир╕Бр╕гр╕гр╕бр╕Бр╕ер╕▓р╕Зр╣Бр╕Ир╣Йр╕З!, р╕Др╕зр╕▓р╕бр╕гр╣Йр╕нр╕Щр╣Бр╕ер╕░р╕Др╕зр╕▓р╕бр╣Ар╕вр╣Зр╕Щр╕Чр╣Нр╕▓р╕Зр╕▓р╕Щр╣Др╕Фр╣Йр╕нр╕вр╣Ир╕▓р╕Зр╕Фр╕╡!, р╣Ар╕лр╕бр╕▓р╕░р╕кр╣Нр╕▓р╕лр╕гр╕▒р╕Ър╕Бр╕┤р╕Ир╕Бр╕гр╕гр╕бр╕Бр╕ер╕▓р╕Зр╣Бр╕Ир╣Йр╕З!, р╣Ар╕лр╕бр╕▓р╕░р╕кр╣Нр╕▓р╕лр╕гр╕▒р╕Ър╕Бр╕┤р╕Ир╕Бр╕гр╕гр╕бр╕Бр╕ер╕▓р╕Зр╣Бр╕Ир╣Йр╕З!, р╕Вр╕Щр╕▓р╕Фр╕Чр╕╡р╣Ир╣Ар╕лр╕бр╕▓р╕░р╕кр╕бр╕кр╣Нр╕▓р╕лр╕гр╕▒р╕Ър╕Бр╕▓р╕гр╕Фр╕╖р╣Ир╕бр╕Щр╣Йр╣Нр╕▓р╣Ар╕бр╕╖р╣Ир╕нр╕нр╕нр╕Бр╕Щр╕нр╕Бр╕Ър╣Йр╕▓р╕Щ!, р╕кр╕гр╣Йр╕▓р╕Зр╕Фр╣Йр╕зр╕вр╕зр╕▒р╕кр╕Фр╕╕р╕Др╕╕р╕Ур╕ар╕▓р╕Юр╕кр╕╣р╕Зр╣Бр╕ер╕░р╕Чр╕Щр╕Чр╕▓р╕Щ!, р╕Вр╕Щр╕▓р╕Фр╕Чр╕╡р╣Ир╣Ар╕лр╕бр╕▓р╕░р╕кр╕бр╕кр╣Нр╕▓р╕лр╕гр╕▒р╕Ър╕Бр╕▓р╕гр╕Фр╕╖р╣Ир╕бр╕Щр╣Йр╣Нр╕▓р╣Ар╕бр╕╖р╣Ир╕нр╕нр╕нр╕Бр╕Щр╕нр╕Бр╕Ър╣Йр╕▓р╕Щ!, р╕Вр╕Щр╕▓р╕Фр╕Чр╕╡р╣Ир╣Ар╕лр╕бр╕▓р╕░р╕кр╕бр╕кр╣Нр╕▓р╕лр╕гр╕▒р╕Ър╕Бр╕▓р╕гр╕Фр╕╖р╣Ир╕бр╕Щр╣Йр╣Нр╕▓р╣Ар╕бр╕╖р╣Ир╕нр╕нр╕нр╕Бр╕Щр╕нр╕Бр╕Ър╣Йр╕▓р╕Щ!, р╕кр╕гр╣Йр╕▓р╕Зр╕Фр╣Йр╕зр╕вр╕зр╕▒р╕кр╕Фр╕╕р╕Др╕╕р╕Ур╕ар╕▓р╕Юр╕кр╕╣р╕Зр╣Бр╕ер╕░р╕Чр╕Щр╕Чр╕▓р╕Щ!,|fake
р╕Зр╣Ир╕▓р╕вр╕Хр╣Ир╕нр╕Бр╕▓р╕гр╕Чр╣Нр╕▓р╕Др╕зр╕▓р╕бр╕кр╕░р╕нр╕▓р╕Ф р╣Др╕бр╣Ир╕вр╕╕р╣Ир╕Зр╕вр╕▓р╕Б!, р╕зр╕▒р╕кр╕Фр╕╕р╕кр╣Бр╕Хр╕Щр╣Ар╕ер╕кр╕Др╕╕р╕Ур╕ар╕▓р╕Юр╣Ар╕вр╕╡р╣Ир╕вр╕б!, р╕Др╕зр╕▓р╕бр╕гр╣Йр╕нр╕Щр╣Бр╕ер╕░р╕Др╕зр╕▓р╕бр╣Ар╕вр╣Зр╕Щр╕Чр╣Нр╕▓р╕Зр╕▓р╕Щр╣Др╕Фр╣Йр╕нр╕вр╣Ир╕▓р╕Зр╕Фр╕╡!, р╕гр╕▒р╕Бр╕йр╕▓р╕Др╕зр╕▓р╕бр╣Ар╕вр╣Зр╕Щр╕Вр╕нр╕Зр╣Ар╕Др╕гр╕╖р╣Ир╕нр╕Зр╕Фр╕╖р╣Ир╕бр╣Др╕Фр╣Йр╕Щр╕▓р╕Щ!,|fake
р╕Зр╣Ир╕▓р╕вр╕Хр╣Ир╕нр╕Бр╕▓р╕гр╕Чр╣Нр╕▓р╕Др╕зр╕▓р╕бр╕кр╕░р╕нр╕▓р╕Ф р╣Др╕бр╣Ир╕вр╕╕р╣Ир╕Зр╕вр╕▓р╕Б!, р╕зр╕▒р╕кр╕Фр╕╕р╕кр╣Бр╕Хр╕Щр╣Ар╕ер╕кр╕Др╕╕р╕Ур╕ар╕▓р╕Юр╣Ар╕вр╕╡р╣Ир╕вр╕б!, р╕лр╕ер╕нр╕Фр╕Фр╕╖р╣Ир╕бр╣Ар╕Ыр╣Зр╕Щр╕кр╕┤р╣Ир╕Зр╕Чр╕╡р╣Ир╕Фр╕╡р╣Ар╕Юр╕┤р╣Ир╕бр╣Ар╕Хр╕┤р╕б!, р╣Ар╕лр╕бр╕▓р╕░р╕кр╣Нр╕▓р╕лр╕гр╕▒р╕Ър╕Бр╕┤р╕Ир╕Бр╕гр╕гр╕бр╕Бр╕ер╕▓р╕Зр╣Бр╕Ир╣Йр╕З!, р╕гр╕▒р╕Бр╕йр╕▓р╕Др╕зр╕▓р╕бр╣Ар╕вр╣Зр╕Щр╕Вр╕нр╕Зр╣Ар╕Др╕гр╕╖р╣Ир╕нр╕Зр╕Фр╕╖р╣Ир╕бр╣Др╕Фр╣Йр╕Щр╕▓р╕Щ!, р╕кр╕гр╣Йр╕▓р╕Зр╕Фр╣Йр╕зр╕вр╕зр╕▒р╕кр╕Фр╕╕р╕Др╕╕р╕Ур╕ар╕▓р╕Юр╕кр╕╣р╕Зр╣Бр╕ер╕░р╕Чр╕Щр╕Чр╕▓р╕Щ!,|fake
р╕Зр╣Ир╕▓р╕вр╕Хр╣Ир╕нр╕Бр╕▓р╕гр╕Чр╣Нр╕▓р╕Др╕зр╕▓р╕бр╕кр╕░р╕нр╕▓р╕Ф р╣Др╕бр╣Ир╕вр╕╕р╣Ир╕Зр╕вр╕▓р╕Б!, р╕кр╕гр╣Йр╕▓р╕Зр╕Фр╣Йр╕зр╕вр╕зр╕▒р╕кр╕Фр╕╕р╕Др╕╕р╕Ур╕ар╕▓р╕Юр╕кр╕╣р╕Зр╣Бр╕ер╕░р╕Чр╕Щр╕Чр╕▓р╕Щ!, р╕гр╕▒р╕Бр╕йр╕▓р╕Др╕зр╕▓р╕бр╣Ар╕вр╣Зр╕Щр╕Вр╕нр╕Зр╣Ар╕Др╕гр╕╖р╣Ир╕нр╕Зр╕Фр╕╖р╣Ир╕бр╣Др╕Фр╣Йр╕Щр╕▓р╕Щ!, р╕гр╕▒р╕Бр╕кр╣Др╕Хр╕ер╣Мр╕нр╕нр╕Бр╣Бр╕Ър╕Ър╕Чр╕╡р╣Ир╕Фр╕╣р╕Фр╕╡!,|fake
р╕Зр╣Ир╕▓р╕вр╕Хр╣Ир╕нр╕Бр╕▓р╕гр╕Чр╣Нр╕▓р╕Др╕зр╕▓р╕бр╕кр╕░р╕нр╕▓р╕Ф р╣Др╕бр╣Ир╕вр╕╕р╣Ир╕Зр╕вр╕▓р╕Б!, р╕кр╕гр╣Йр╕▓р╕Зр╕Фр╣Йр╕зр╕вр╕зр╕▒р╕кр╕Фр╕╕р╕Др╕╕р╕Ур╕ар╕▓р╕Юр╕кр╕╣р╕Зр╣Бр╕ер╕░р╕Чр╕Щр╕Чр╕▓р╕Щ!, р╕лр╕ер╕нр╕Фр╕Фр╕╖р╣Ир╕бр╣Ар╕Ыр╣Зр╕Щр╕кр╕┤р╣Ир╕Зр╕Чр╕╡р╣Ир╕Фр╕╡р╣Ар╕Юр╕┤р╣Ир╕бр╣Ар╕Хр╕┤р╕б!, р╕Вр╕Щр╕▓р╕Фр╕Чр╕╡р╣Ир╣Ар╕лр╕бр╕▓р╕░р╕кр╕бр╕кр╣Нр╕▓р╕лр╕гр╕▒р╕Ър╕Бр╕▓р╕гр╕Фр╕╖р╣Ир╕бр╕Щр╣Йр╣Нр╕▓р╣Ар╕бр╕╖р╣Ир╕нр╕нр╕нр╕Бр╕Щр╕нр╕Бр╕Ър╣Йр╕▓р╕Щ!,|fake
р╕Зр╣Ир╕▓р╕вр╕Хр╣Ир╕нр╕Бр╕▓р╕гр╕Чр╣Нр╕▓р╕Др╕зр╕▓р╕бр╕кр╕░р╕нр╕▓р╕Ф р╣Др╕бр╣Ир╕вр╕╕р╣Ир╕Зр╕вр╕▓р╕Б!, р╣Ар╕лр╕бр╕▓р╕░р╕кр╣Нр╕▓р╕лр╕гр╕▒р╕Ър╕Бр╕┤р╕Ир╕Бр╕гр╕гр╕бр╕Бр╕ер╕▓р╕Зр╣Бр╕Ир╣Йр╕З!, р╕Вр╕Щр╕▓р╕Фр╕Чр╕╡р╣Ир╣Ар╕лр╕бр╕▓р╕░р╕кр╕бр╕кр╣Нр╕▓р╕лр╕гр╕▒р╕Ър╕Бр╕▓р╕гр╕Фр╕╖р╣Ир╕бр╕Щр╣Йр╣Нр╕▓р╣Ар╕бр╕╖р╣Ир╕нр╕нр╕нр╕Бр╕Щр╕нр╕Бр╕Ър╣Йр╕▓р╕Щ!, р╕лр╕ер╕нр╕Фр╕Фр╕╖р╣Ир╕бр╣Ар╕Ыр╣Зр╕Щр╕кр╕┤р╣Ир╕Зр╕Чр╕╡р╣Ир╕Фр╕╡р╣Ар╕Юр╕┤р╣Ир╕бр╣Ар╕Хр╕┤р╕б!,|fake
р╕Зр╣Ир╕▓р╕вр╕Хр╣Ир╕нр╕Бр╕▓р╕гр╕Чр╣Нр╕▓р╕Др╕зр╕▓р╕бр╕кр╕░р╕нр╕▓р╕Ф р╣Др╕бр╣Ир╕вр╕╕р╣Ир╕Зр╕вр╕▓р╕Б!, р╣Ар╕лр╕бр╕▓р╕░р╕кр╣Нр╕▓р╕лр╕гр╕▒р╕Ър╕Бр╕┤р╕Ир╕Бр╕гр╕гр╕бр╕Бр╕ер╕▓р╕Зр╣Бр╕Ир╣Йр╕З!, р╕Др╕зр╕▓р╕бр╕гр╣Йр╕нр╕Щр╣Бр╕ер╕░р╕Др╕зр╕▓р╕бр╣Ар╕вр╣Зр╕Щр╕Чр╣Нр╕▓р╕Зр╕▓р╕Щр╣Др╕Фр╣Йр╕нр╕вр╣Ир╕▓р╕Зр╕Фр╕╡!,|fake
р╕Зр╣Ир╕▓р╕вр╕Хр╣Ир╕нр╕Бр╕▓р╕гр╕Чр╣Нр╕▓р╕Др╕зр╕▓р╕бр╕кр╕░р╕нр╕▓р╕Ф р╣Др╕бр╣Ир╕вр╕╕р╣Ир╕Зр╕вр╕▓р╕Б!, р╣Ар╕лр╕бр╕▓р╕░р╕кр╣Нр╕▓р╕лр╕гр╕▒р╕Ър╕Бр╕┤р╕Ир╕Бр╕гр╕гр╕бр╕Бр╕ер╕▓р╕Зр╣Бр╕Ир╣Йр╕З!, р╕Др╕зр╕▓р╕бр╕гр╣Йр╕нр╕Щр╣Бр╕ер╕░р╕Др╕зр╕▓р╕бр╣Ар╕вр╣Зр╕Щр╕Чр╣Нр╕▓р╕Зр╕▓р╕Щр╣Др╕Фр╣Йр╕нр╕вр╣Ир╕▓р╕Зр╕Фр╕╡!, р╕кр╕гр╣Йр╕▓р╕Зр╕Фр╣Йр╕зр╕вр╕зр╕▒р╕кр╕Фр╕╕р╕Др╕╕р╕Ур╕ар╕▓р╕Юр╕кр╕╣р╕Зр╣Бр╕ер╕░р╕Чр╕Щр╕Чр╕▓р╕Щ!, р╕зр╕▒р╕кр╕Фр╕╕р╣Бр╕Вр╣Зр╕Зр╣Бр╕гр╕Зр╕Чр╕Щр╕Чр╕▓р╕Щ|fake
р╣Гр╕Кр╣Йр╣Др╕Фр╣Йр╕бр╕▓р╕Б р╣Ар╕Бр╕┤р╕Щр╕Др╕зр╕▓р╕бр╕Др╕▓р╕Фр╕лр╕бр╕▓р╕в р╣Ар╕Бр╣Зр╕Ър╕Др╕зр╕▓р╕бр╣Ар╕вр╣Зр╕Щр╣Др╕Фр╣Йр╕Щр╕▓р╕Щ р╕Чр╣Нр╕▓р╣Гр╕лр╣Йр╣Др╕бр╣Ир╕Хр╣Йр╕нр╕Зр╣Ар╕Хр╕┤р╕бр╕Щр╣Йр╣Нр╕▓р╣Бр╕Вр╣Зр╕Зр╕Ър╣Ир╕нр╕вр╣Ж р╕Ир╕░р╣Бр╕Щр╕░р╕Щр╣Нр╕▓р╣Гр╕лр╣Йр╣Ар╕Юр╕╖р╣Ир╕нр╕Щр╣Ж р╣Др╕Фр╣Йр╕Лр╕╖р╣Йр╕нр╕Ир╕▓р╕Бр╕гр╣Йр╕▓р╕Щр╕Щр╕╡р╣Йр╕нр╕╡р╕Бр╕Др╕гр╕▒р╕Ъ|fake
р╣Гр╕Кр╣Йр╣Бр╕ер╣Йр╕з р╕Фр╕╡р╕бр╕▓р╕Бр╣Ар╕вр╣Зр╕Щр╕Вр╣Йр╕▓р╕бр╕Др╕╖р╕Щ р╕гр╕▒р╕Бр╕кр╣Др╕Хр╕ер╣Мр╕нр╕нр╕Бр╣Бр╕Ър╕Ър╕Чр╕╡р╣Ир╕Фр╕╣р╕Фр╕╡!, р╣Ар╕лр╕бр╕▓р╕░р╕кр╣Нр╕▓р╕лр╕гр╕▒р╕Ър╕Бр╕┤р╕Ир╕Бр╕гр╕гр╕бр╕Бр╕ер╕▓р╕Зр╣Бр╕Ир╣Йр╕З!, р╕Др╕╕р╕Ур╕кр╕бр╕Ър╕▒р╕Хр╕┤р╕Бр╕▓р╕гр╕ер╣Зр╕нр╕Др╕Чр╕╡р╣Ир╕кр╕░р╕Фр╕зр╕Бр╕бр╕▓р╕Б!,|fake
р╕Фр╕╡р╕Фр╕╡р╕Фр╕╡р╕Фр╕╡р╕Фр╕╡р╕Фр╕╡р╕Фр╕╡р╕Фр╕╡р╕Фр╕╡р╕Фр╕╡р╕Фр╕╡р╕Фр╕╡р╕Фр╕╡р╕Фр╕╡р╕Фр╕╡р╕Фр╕╡р╕Фр╕╡р╕Фр╕╡р╕Фр╕╡р╕Фр╕╡р╕Фр╕╡р╕Фр╕╡р╕Фр╕╡р╕Фр╕╡р╕Фр╕╡р╕Фр╕╡р╕Фр╕╡р╕Фр╕╡р╕Фр╕╡р╕Фр╕╡р╕Фр╕╡р╕Фр╕╡р╕Фр╕╡р╕Фр╕╡р╕Фр╕╡р╕Фр╕╡р╕Фр╕╡р╕Фр╕╡р╕Фр╕╡р╕Фр╕╡р╕Фр╕╡р╕Фр╕╡|fake
р╕Фр╕╡р╕бр╕▓р╕Бр╣Жр╣Жр╣Жр╣Жр╣Жр╣Жр╣Жр╣Жр╣Жр╣Жр╣Жр╣Жр╣Жр╣Жр╣Жр╣Ж|fake
р╕Фр╕╡р╕бр╕▓р╕Бр╕Бр╕Бр╕Бр╕Бр╕Бр╕Бр╕Бр╕Бр╕Бр╕Бр╕Бр╕Бр╕Бр╕Бр╕Бр╕Бр╕Бр╕Бр╕Бр╕Бр╕Бр╕Др╕зр╕▓р╕бр╕гр╣Йр╕нр╕Щр╣Бр╕ер╕░р╕Др╕зр╕▓р╕бр╣Ар╕вр╣Зр╕Щр╕Чр╣Нр╕▓р╕Зр╕▓р╕Щр╣Др╕Фр╣Йр╕нр╕вр╣Ир╕▓р╕Зр╕Фр╕╡!, р╕зр╕▒р╕кр╕Фр╕╕р╕кр╣Бр╕Хр╕Щр╣Ар╕ер╕кр╕Др╕╕р╕Ур╕ар╕▓р╕Юр╣Ар╕вр╕╡р╣Ир╕вр╕б!, р╕Вр╕Щр╕▓р╕Фр╕Чр╕╡р╣Ир╣Ар╕лр╕бр╕▓р╕░р╕кр╕бр╕кр╣Нр╕▓р╕лр╕гр╕▒р╕Ър╕Бр╕▓р╕гр╕Фр╕╖р╣Ир╕бр╕Щр╣Йр╣Нр╕▓р╣Ар╕бр╕╖р╣Ир╕нр╕нр╕нр╕Бр╕Щр╕нр╕Бр╕Ър╣Йр╕▓р╕Щ!, р╕Др╕╕р╕Ур╕кр╕бр╕Ър╕▒р╕Хр╕┤р╕Бр╕▓р╕гр╕ер╣Зр╕нр╕Др╕Чр╕╡р╣Ир╕кр╕░р╕Фр╕зр╕Бр╕бр╕▓р╕Б!,|fake
р╕Фр╕╡р╕бр╕▓р╕Бр╕Др╕зр╕▓р╕бр╕гр╣Йр╕нр╕Щр╣Бр╕ер╕░р╕Др╕зр╕▓р╕бр╣Ар╕вр╣Зр╕Щр╕Чр╣Нр╕▓р╕Зр╕▓р╕Щр╣Др╕Фр╣Йр╕нр╕вр╣Ир╕▓р╕Зр╕Фр╕╡!, р╣Ар╕лр╕бр╕▓р╕░р╕кр╣Нр╕▓р╕лр╕гр╕▒р╕Ър╕Бр╕┤р╕Ир╕Бр╕гр╕гр╕бр╕Бр╕ер╕▓р╕Зр╣Бр╕Ир╣Йр╕З!, р╕Др╕╕р╕Ур╕кр╕бр╕Ър╕▒р╕Хр╕┤р╕Бр╕▓р╕гр╕ер╣Зр╕нр╕Др╕Чр╕╡р╣Ир╕кр╕░р╕Фр╕зр╕Бр╕бр╕▓р╕Б!,|fake
р╕Фр╕╣р╣Бр╕Вр╣Зр╕Зр╣Бр╕гр╕Зр╕Чр╕Щр╕Чр╕▓р╕Щр╕Фр╕╡ р╕Щр╣Ир╕▓р╣Гр╕Кр╣Й р╕бр╕╡р╕лр╕╣р╕Ир╕▒р╕Ър╕Юр╕Бр╕Юр╕▓р╕кр╕░р╕Фр╕зр╕Б р╕кр╣Ир╕Зр╣Ар╕гр╣Зр╕зр╕Фр╕╡ р╕гр╕▒р╕Бр╕йр╕▓р╕Др╕зр╕▓р╕бр╣Ар╕вр╣Зр╕Щр╕Вр╕нр╕Зр╣Ар╕Др╕гр╕╖р╣Ир╕нр╕Зр╕Фр╕╖р╣Ир╕бр╣Др╕Фр╣Йр╕Щр╕▓р╕Щ!р╣Ар╕лр╕бр╕▓р╕░р╕Бр╕▒р╕Ър╕лр╕Щр╣Йр╕▓р╕гр╣Йр╕нр╕Щр╕Щр╕╡р╣Йр╕бр╕▓р╕Б|fake
р╣Др╕Фр╣Йр╕гр╕▒р╕Ър╕Вр╕нр╕Зр╣Бр╕ер╣Йр╕зр╕Бр╕▓р╕гр╕Ир╕▒р╕Фр╕кр╣Ир╕Зр╣Др╕зр╕бр╕▓р╕Бр╕кр╕╡р╕кр╕зр╕вр╕бр╕▓р╕Бр╕Цр╕╣р╕Бр╣Гр╕Ир╕гр╕▒р╕Бр╕йр╕▓р╕Др╕зр╕▓р╕бр╣Ар╕вр╣Зр╕Щр╕Вр╕нр╕Зр╣Ар╕Др╕гр╕╖р╣Ир╕нр╕Зр╕Фр╕╖р╣Ир╕бр╣Др╕Фр╣Йр╕Щр╕▓р╕Щ!, р╕гр╕▒р╕Бр╕кр╣Др╕Хр╕ер╣Мр╕нр╕нр╕Бр╣Бр╕Ър╕Ър╕Чр╕╡р╣Ир╕Фр╕╣р╕Фр╕╡!,|fake
р╣Др╕Фр╣Йр╕гр╕▒р╕Ър╕кр╕┤р╕Щр╕Др╣Йр╕▓р╣Ар╕гр╕╡р╕вр╕Ър╕гр╣Йр╕нр╕вр╣Бр╕ер╣Йр╕з р╕Ир╕▒р╕Фр╕кр╣Ир╕Зр╣Др╕з р╕Вр╕Щр╕▓р╕Фр╣Бр╕ер╕░р╕кр╕╡р╕Хр╕гр╕Зр╕Хр╕▓р╕бр╕кр╕▒р╣Ир╕З р╣Ар╕Бр╣Зр╕Ър╕Др╕зр╕▓р╕бр╣Ар╕вр╣Зр╕Щр╣Др╕Фр╣Йр╕Щр╕▓р╕Щ р╕зр╕▒р╕кр╕Фр╕╕р╣Ар╕Бр╕гр╕Фр╕Фр╕╡р╕бр╕╡р╕лр╕╣р╕лр╕┤р╣Йр╕з р╕кр╕░р╕Фр╕зр╕Б|fake
р╣Др╕Фр╣Йр╕гр╕▒р╕Ър╕кр╕┤р╕Щр╕Др╣Йр╕▓р╣Бр╕ер╣Йр╕з р╕Др╕гр╕Ър╕Цр╕╣р╕Бр╕Хр╣Йр╕нр╕Зр╕Хр╕▓р╕бр╕Ир╣Нр╕▓р╕Щр╕зр╕Щ р╕гр╣Йр╕▓р╕Щр╕Др╣Йр╕▓р╣Бр╕Юр╣Зр╕Др╕кр╕┤р╕Щр╕Др╣Йр╕▓р╕бр╕▓р╕Фр╕╡ р╕Бр╣Ир╕нр╕Щр╕кр╣Ир╕Зр╕Юр╕Щр╕▒р╕Бр╕Зр╕▓р╕Щр╣Вр╕Чр╕гр╣Бр╕Ир╣Йр╕Зр╕ер╣Ир╕зр╕Зр╕лр╕Щр╣Йр╕▓ р╕гр╕нр╕Щр╕▓р╕Щр╕нр╕вр╕╣р╣Ир╣Бр╕Хр╣Ир╕кр╕┤р╕Щр╕Др╣Йр╕▓р╕Хр╕гр╕Зр╕Ыр╕Б ok р╕Др╕гр╕▒р╕Ъ|fake
р╣Др╕Фр╣Йр╕гр╕▒р╕Ър╕кр╕┤р╕Щр╕Др╣Йр╕▓р╣Бр╕ер╣Йр╕з р╕кр╕┤р╕Щр╕Др╣Йр╕▓р╕Фр╕╡р╕бр╕╡р╕Др╕╕р╕Ур╕ар╕▓р╕Ю р╕Др╕╕р╣Йр╕бр╕Др╣Ир╕▓ р╕Др╕╕р╣Йр╕бр╕гр╕▓р╕Др╕▓ р╣Ар╕Бр╣Зр╕Ър╕Др╕зр╕▓р╕бр╣Ар╕вр╣Зр╕Щр╣Др╕Фр╣Йр╕Щр╕▓р╕Щ р╕Вр╕Щр╕▓р╕Фр╕Бр╕гр╕░р╕Чр╕▒р╕Фр╕гр╕▒р╕Ф р╕кр╕▒р╣Ир╕зр╕лр╕ер╕▓р╕вр╕Др╕гр╕▒р╣Йр╕Зр╣Бр╕ер╣Йр╕зр╕Др╣Ир╕░|fake
р╣Др╕Фр╣Йр╕гр╕▒р╕Ър╕кр╕┤р╕Щр╕Др╣Йр╕▓р╣Бр╕ер╣Йр╕з р╕кр╕┤р╕Щр╕Др╣Йр╕▓р╕Цр╕╣р╕Бр╣Гр╕Ир╕Др╕гр╕▒р╕Ъ р╕кр╕┤р╕Щр╕Др╣Йр╕▓р╕Хр╕гр╕Зр╕Ыр╕Бр╕кр╣Ир╕Зр╣Др╕зр╕бр╕▓р╕Б р╣Ар╕гр╣Зр╕зр╕Ир╕Щр╕Хр╕Бр╣Гр╕Ир╣Ар╕ер╕в р╕гр╣Йр╕▓р╕Щр╕Щр╕╡р╣Йр╣Бр╕Щр╕░р╕Щр╣Нр╕▓р╣Ар╕ер╕вр╕Др╕гр╕▒р╕Ъ р╕Кр╕нр╕Ър╕Цр╕╣р╕Бр╣Гр╕Ир╕Др╕гр╕▒р╕Ъ|fake
р╣Др╕Фр╣Йр╕гр╕▒р╕Ър╕кр╕┤р╕Щр╕Др╣Йр╕▓р╣Бр╕ер╣Йр╕з..р╕Чр╕Фр╕ер╕нр╕Зр╣Ар╕нр╕▓р╣Др╕Ыр╣Гр╕Кр╣Йр╕Зр╕▓р╕Щр╣Бр╕ер╣Йр╕з..р╕Фр╕╡р╕бр╕▓р╕Бр╣Ар╕Бр╣Зр╕Ър╕Др╕зр╕▓р╕бр╣Ар╕вр╣Зр╕Щр╣Др╕Фр╣Йр╕Щр╕▓р╕Щ..р╕гр╕╣р╕Ыр╕гр╣Ир╕▓р╕Зр╕кр╕зр╕вр╣Бр╕Вр╣Зр╕Зр╣Бр╕гр╕З..р╕Др╕гр╕▓р╕зр╕лр╕Щр╣Йр╕▓р╕Ир╕░р╕нр╕╕р╕Фр╕лр╕Щр╕╕р╕Щр╕нр╕╡р╕Б|fake
р╕Хр╕гр╕Зр╕Ыр╕Бр╣Др╕бр╣Ир╕Ир╕Бр╕Хр╕▓ р╣Ар╣Ар╕Щр╕░р╕Щр╣Нр╕▓р╕гр╣Йр╕▓р╕Щр╕Щр╕╡р╣Йр╕Др╣Ир╕░ р╣Ар╕Фр╣Ир╕зр╕бр╕╡р╕кр╕▒р╣Ир╕Зр╣Ар╕Юр╕┤р╣Ир╕б р╕кр╣Ир╕Зр╣Гр╕зр╕Хр╕гр╕Зр╕Ыр╕Б р╕гр╕▒р╕Бр╕йр╕▓р╕Др╕зр╕▓р╕бр╣Ар╕вр╣Зр╕Щр╕Вр╕нр╕Зр╣Ар╕Др╕гр╕╖р╣Ир╕нр╕Зр╕Фр╕╖р╣Ир╕бр╣Др╕Фр╣Йр╕Щр╕▓р╕Щ!, р╕кр╕гр╣Йр╕▓р╕Зр╕Фр╣Йр╕зр╕вр╕зр╕▒р╕кр╕Фр╕╕р╕Др╕╕р╕Ур╕ар╕▓р╕Юр╕кр╕╣р╕Зр╣Бр╕ер╕░р╕Чр╕Щр╕Чр╕▓р╕Щ!, р╕Вр╕Щр╕▓р╕Фр╕Чр╕╡р╣Ир╣Ар╕лр╕бр╕▓р╕░р╕кр╕бр╕кр╣Нр╕▓р╕лр╕гр╕▒р╕Ър╕Бр╕▓р╕гр╕Фр╕╖р╣Ир╕бр╕Щр╣Йр╣Нр╕▓р╣Ар╕бр╕╖р╣Ир╕нр╕нр╕нр╕Бр╕Щр╕нр╕Бр╕Ър╣Йр╕▓р╕Щ!,|fake
р╕Хр╕гр╕Зр╕Ыр╕Бр╕лр╕ер╕нр╕Фр╕Фр╕╖р╣Ир╕бр╣Ар╕Ыр╣Зр╕Щр╕кр╕┤р╣Ир╕Зр╕Чр╕╡р╣Ир╕Фр╕╡р╣Ар╕Юр╕┤р╣Ир╕бр╣Ар╕Хр╕┤р╕б!, р╕Др╕зр╕▓р╕бр╕гр╣Йр╕нр╕Щр╣Бр╕ер╕░р╕Др╕зр╕▓р╕бр╣Ар╕вр╣Зр╕Щр╕Чр╣Нр╕▓р╕Зр╕▓р╕Щр╣Др╕Фр╣Йр╕нр╕вр╣Ир╕▓р╕Зр╕Фр╕╡!, р╕гр╕▒р╕Бр╕йр╕▓р╕Др╕зр╕▓р╕бр╣Ар╕вр╣Зр╕Щр╕Вр╕нр╕Зр╣Ар╕Др╕гр╕╖р╣Ир╕нр╕Зр╕Фр╕╖р╣Ир╕бр╣Др╕Фр╣Йр╕Щр╕▓р╕Щ!,|fake
р╕Цр╕╣р╕Б р╕Юр╕Щр╕▒р╕Бр╕Зр╕▓р╕Щр╕Ър╕гр╕┤р╕Бр╕▓р╕гр╕Фр╕╡ р╣Бр╕Хр╣Ир╣Ар╕Бр╣Зр╕Ър╕Др╕зр╕▓р╕бр╣Ар╕вр╣Зр╕Щр╣Др╕бр╣Ир╕Цр╕╢р╕З24 р╕Кр╕▒р╣Ир╕зр╣Вр╕бр╕З р╕Цр╕╣р╕Б р╕Юр╕Щр╕▒р╕Бр╕Зр╕▓р╕Щр╕Ър╕гр╕┤р╕Бр╕▓р╕гр╕Фр╕╡ р╣Бр╕Хр╣Ир╣Ар╕Бр╣Зр╕Ър╕Др╕зр╕▓р╕бр╣Ар╕вр╣Зр╕Щр╣Др╕бр╣Ир╕Цр╕╢р╕З24 р╕Кр╕▒р╣Ир╕зр╣Вр╕бр╕З р╕Цр╕╣р╕Б р╕Юр╕Щр╕▒р╕Бр╕Зр╕▓р╕Щр╕Ър╕гр╕┤р╕Бр╕▓р╕гр╕Фр╕╡ р╣Бр╕Хр╣Ир╣Ар╕Бр╣Зр╕Ър╕Др╕зр╕▓р╕бр╣Ар╕вр╣Зр╕Щр╣Др╕бр╣Ир╕Цр╕╢р╕З24 р╕Кр╕▒р╣Ир╕зр╣Вр╕бр╕З р╕Цр╕╣р╕Б р╕Юр╕Щр╕▒р╕Бр╕Зр╕▓р╕Щр╕Ър╕гр╕┤р╕Бр╕▓р╕гр╕Фр╕╡ р╣Бр╕Хр╣Ир╣Ар╕Бр╣Зр╕Ър╕Др╕зр╕▓р╕бр╣Ар╕вр╣Зр╕Щр╣Др╕бр╣Ир╕Цр╕╢р╕З24 р╕Кр╕▒р╣Ир╕зр╣Вр╕бр╕З р╕Цр╕╣р╕Б р╕Юр╕Щр╕▒р╕Бр╕Зр╕▓р╕Щр╕Ър╕гр╕┤р╕Бр╕▓р╕гр╕Фр╕╡ р╣Бр╕Хр╣Ир╣Ар╕Бр╣Зр╕Ър╕Др╕зр╕▓р╕бр╣Ар╕вр╣Зр╕Щр╣Др╕бр╣Ир╕Цр╕╢р╕З24 р╕Кр╕▒р╣Ир╕зр╣Вр╕бр╕З|fake
р╕Цр╕╣р╕Бр╕Хр╣Йр╕нр╕З р╕Хр╕гр╕Зр╕Ыр╕Б,, р╕Др╕╕р╕Ур╕кр╕бр╕Ър╕▒р╕Хр╕┤р╕Бр╕▓р╕гр╕ер╣Зр╕нр╕Др╕Чр╕╡р╣Ир╕кр╕░р╕Фр╕зр╕Бр╕бр╕▓р╕Б!, р╕кр╕гр╣Йр╕▓р╕Зр╕Фр╣Йр╕зр╕вр╕зр╕▒р╕кр╕Фр╕╕р╕Др╕╕р╕Ур╕ар╕▓р╕Юр╕кр╕╣р╕Зр╣Бр╕ер╕░р╕Чр╕Щр╕Чр╕▓р╕Щ!, р╕гр╕▒р╕Бр╕кр╣Др╕Хр╕ер╣Мр╕нр╕нр╕Бр╣Бр╕Ър╕Ър╕Чр╕╡р╣Ир╕Фр╕╣р╕Фр╕╡!, р╕гр╕▒р╕Бр╕йр╕▓р╕Др╕зр╕▓р╕бр╣Ар╕вр╣Зр╕Щр╕Вр╕нр╕Зр╣Ар╕Др╕гр╕╖р╣Ир╕нр╕Зр╕Фр╕╖р╣Ир╕бр╣Др╕Фр╣Йр╕Щр╕▓р╕Щ!,|fake
р╣Бр╕Юр╣Зр╕Бр╕бр╕▓р╕Фр╕╡р╕гр╣Йр╕▓р╕Щр╕кр╣Ир╕Зр╣Др╕з р╕лр╕ер╕нр╕Фр╕Фр╕╖р╣Ир╕бр╣Ар╕Ыр╣Зр╕Щр╕кр╕┤р╣Ир╕Зр╕Чр╕╡р╣Ир╕Фр╕╡р╣Ар╕Юр╕┤р╣Ир╕бр╣Ар╕Хр╕┤р╕б!, р╕Зр╣Ир╕▓р╕вр╕Хр╣Ир╕нр╕Бр╕▓р╕гр╕Чр╣Нр╕▓р╕Др╕зр╕▓р╕бр╕кр╕░р╕нр╕▓р╕Ф р╣Др╕бр╣Ир╕вр╕╕р╣Ир╕Зр╕вр╕▓р╕Б!, р╕гр╕▒р╕Бр╕кр╣Др╕Хр╕ер╣Мр╕нр╕нр╕Бр╣Бр╕Ър╕Ър╕Чр╕╡р╣Ир╕Фр╕╣р╕Фр╕╡!, р╕зр╕▒р╕кр╕Фр╕╕р╕кр╣Бр╕Хр╕Щр╣Ар╕ер╕кр╕Др╕╕р╕Ур╕ар╕▓р╕Юр╣Ар╕вр╕╡р╣Ир╕вр╕б!,|fake
р╕гр╕▒р╕Бр╕йр╕▓р╕Др╕зр╕▓р╕бр╣Ар╕вр╣Зр╕Щр╕Вр╕нр╕Зр╣Ар╕Др╕гр╕╖р╣Ир╕нр╕Зр╕Фр╕╖р╣Ир╕бр╣Др╕Фр╣Йр╕Фр╕╡р╕Вр╕Щр╕▓р╕Фр╕Чр╕╡р╣Ир╣Ар╕лр╕бр╕▓р╕░р╕кр╕бр╕кр╣Нр╕▓р╕лр╕гр╕▒р╕Ър╕Бр╕▓р╕гр╕Фр╕╖р╣Ир╕бр╕Щр╣Йр╣Нр╕▓р╣Ар╕бр╕╖р╣Ир╕нр╕нр╕нр╕Бр╕Щр╕нр╕Бр╕Ър╣Йр╕▓р╕Щ!, р╕гр╕▒р╕Бр╕кр╣Др╕Хр╕ер╣Мр╕нр╕нр╕Бр╣Бр╕Ър╕Ър╕Чр╕╡р╣Ир╕Фр╕╣р╕Фр╕╡!,|fake
р╕гр╕▒р╕Бр╕йр╕▓р╕Др╕зр╕▓р╕бр╣Ар╕вр╣Зр╕Щр╕Вр╕нр╕Зр╣Ар╕Др╕гр╕╖р╣Ир╕нр╕Зр╕Фр╕╖р╣Ир╕бр╣Др╕Фр╣Йр╕Щр╕▓р╕Щ!, р╕Др╕зр╕▓р╕бр╕гр╣Йр╕нр╕Щр╣Бр╕ер╕░р╕Др╕зр╕▓р╕бр╣Ар╕вр╣Зр╕Щр╕Чр╣Нр╕▓р╕Зр╕▓р╕Щр╣Др╕Фр╣Йр╕нр╕вр╣Ир╕▓р╕Зр╕Фр╕╡!, р╕Вр╕Щр╕▓р╕Фр╕Чр╕╡р╣Ир╣Ар╕лр╕бр╕▓р╕░р╕кр╕бр╕кр╣Нр╕▓р╕лр╕гр╕▒р╕Ър╕Бр╕▓р╕гр╕Фр╕╖р╣Ир╕бр╕Щр╣Йр╣Нр╕▓р╣Ар╕бр╕╖р╣Ир╕нр╕нр╕нр╕Бр╕Щр╕нр╕Бр╕Ър╣Йр╕▓р╕Щ!, р╕зр╕▒р╕кр╕Фр╕╕р╕кр╣Бр╕Хр╕Щр╣Ар╕ер╕кр╕Др╕╕р╕Ур╕ар╕▓р╕Юр╣Ар╕вр╕╡р╣Ир╕вр╕б!,|fake
р╕гр╕▒р╕Бр╕йр╕▓р╕Др╕зр╕▓р╕бр╣Ар╕вр╣Зр╕Щр╕Вр╕нр╕Зр╣Ар╕Др╕гр╕╖р╣Ир╕нр╕Зр╕Фр╕╖р╣Ир╕бр╣Др╕Фр╣Йр╕Щр╕▓р╕Щ!, р╕Др╕зр╕▓р╕бр╕гр╣Йр╕нр╕Щр╣Бр╕ер╕░р╕Др╕зр╕▓р╕бр╣Ар╕вр╣Зр╕Щр╕Чр╣Нр╕▓р╕Зр╕▓р╕Щр╣Др╕Фр╣Йр╕нр╕вр╣Ир╕▓р╕Зр╕Фр╕╡!, р╕Др╕╕р╕Ур╕кр╕бр╕Ър╕▒р╕Хр╕┤р╕Бр╕▓р╕гр╕ер╣Зр╕нр╕Др╕Чр╕╡р╣Ир╕кр╕░р╕Фр╕зр╕Бр╕бр╕▓р╕Б!,|fake
р╕гр╕▒р╕Бр╕йр╕▓р╕Др╕зр╕▓р╕бр╣Ар╕вр╣Зр╕Щр╕Вр╕нр╕Зр╣Ар╕Др╕гр╕╖р╣Ир╕нр╕Зр╕Фр╕╖р╣Ир╕бр╣Др╕Фр╣Йр╕Щр╕▓р╕Щ!, р╕Др╕зр╕▓р╕бр╕гр╣Йр╕нр╕Щр╣Бр╕ер╕░р╕Др╕зр╕▓р╕бр╣Ар╕вр╣Зр╕Щр╕Чр╣Нр╕▓р╕Зр╕▓р╕Щр╣Др╕Фр╣Йр╕нр╕вр╣Ир╕▓р╕Зр╕Фр╕╡!, р╕Зр╣Ир╕▓р╕вр╕Хр╣Ир╕нр╕Бр╕▓р╕гр╕Чр╣Нр╕▓р╕Др╕зр╕▓р╕бр╕кр╕░р╕нр╕▓р╕Ф р╣Др╕бр╣Ир╕вр╕╕р╣Ир╕Зр╕вр╕▓р╕Б!,|fake
р╕гр╕▒р╕Бр╕йр╕▓р╕Др╕зр╕▓р╕бр╣Ар╕вр╣Зр╕Щр╕Вр╕нр╕Зр╣Ар╕Др╕гр╕╖р╣Ир╕нр╕Зр╕Фр╕╖р╣Ир╕бр╣Др╕Фр╣Йр╕Щр╕▓р╕Щ!, р╕Др╕╕р╕Ур╕кр╕бр╕Ър╕▒р╕Хр╕┤р╕Бр╕▓р╕гр╕ер╣Зр╕нр╕Др╕Чр╕╡р╣Ир╕кр╕░р╕Фр╕зр╕Бр╕бр╕▓р╕Б!, р╕Зр╣Ир╕▓р╕вр╕Хр╣Ир╕нр╕Бр╕▓р╕гр╕Чр╣Нр╕▓р╕Др╕зр╕▓р╕бр╕кр╕░р╕нр╕▓р╕Ф р╣Др╕бр╣Ир╕вр╕╕р╣Ир╕Зр╕вр╕▓р╕Б!, р╕зр╕▒р╕кр╕Фр╕╕р╕кр╣Бр╕Хр╕Щр╣Ар╕ер╕кр╕Др╕╕р╕Ур╕ар╕▓р╕Юр╣Ар╕вр╕╡р╣Ир╕вр╕б!,|fake
р╕гр╕▒р╕Бр╕йр╕▓р╕Др╕зр╕▓р╕бр╣Ар╕вр╣Зр╕Щр╕Вр╕нр╕Зр╣Ар╕Др╕гр╕╖р╣Ир╕нр╕Зр╕Фр╕╖р╣Ир╕бр╣Др╕Фр╣Йр╕Щр╕▓р╕Щ!, р╕Зр╣Ир╕▓р╕вр╕Хр╣Ир╕нр╕Бр╕▓р╕гр╕Чр╣Нр╕▓р╕Др╕зр╕▓р╕бр╕кр╕░р╕нр╕▓р╕Ф р╣Др╕бр╣Ир╕вр╕╕р╣Ир╕Зр╕вр╕▓р╕Б!, р╕Др╕зр╕▓р╕бр╕гр╣Йр╕нр╕Щр╣Бр╕ер╕░р╕Др╕зр╕▓р╕бр╣Ар╕вр╣Зр╕Щр╕Чр╣Нр╕▓р╕Зр╕▓р╕Щр╣Др╕Фр╣Йр╕нр╕вр╣Ир╕▓р╕Зр╕Фр╕╡!,|fake
р╕гр╕▒р╕Бр╕йр╕▓р╕Др╕зр╕▓р╕бр╣Ар╕вр╣Зр╕Щр╕Вр╕нр╕Зр╣Ар╕Др╕гр╕╖р╣Ир╕нр╕Зр╕Фр╕╖р╣Ир╕бр╣Др╕Фр╣Йр╕Щр╕▓р╕Щ!, р╕Зр╣Ир╕▓р╕вр╕Хр╣Ир╕нр╕Бр╕▓р╕гр╕Чр╣Нр╕▓р╕Др╕зр╕▓р╕бр╕кр╕░р╕нр╕▓р╕Ф р╣Др╕бр╣Ир╕вр╕╕р╣Ир╕Зр╕вр╕▓р╕Б!, р╕гр╕▒р╕Бр╕кр╣Др╕Хр╕ер╣Мр╕нр╕нр╕Бр╣Бр╕Ър╕Ър╕Чр╕╡р╣Ир╕Фр╕╣р╕Фр╕╡!, р╣Ар╕лр╕бр╕▓р╕░р╕кр╣Нр╕▓р╕лр╕гр╕▒р╕Ър╕Бр╕┤р╕Ир╕Бр╕гр╕гр╕бр╕Бр╕ер╕▓р╕Зр╣Бр╕Ир╣Йр╕З!,|fake
р╕гр╕▒р╕Бр╕йр╕▓р╕Др╕зр╕▓р╕бр╣Ар╕вр╣Зр╕Щр╕Вр╕нр╕Зр╣Ар╕Др╕гр╕╖р╣Ир╕нр╕Зр╕Фр╕╖р╣Ир╕бр╣Др╕Фр╣Йр╕Щр╕▓р╕Щ!, р╕Зр╣Ир╕▓р╕вр╕Хр╣Ир╕нр╕Бр╕▓р╕гр╕Чр╣Нр╕▓р╕Др╕зр╕▓р╕бр╕кр╕░р╕нр╕▓р╕Ф р╣Др╕бр╣Ир╕вр╕╕р╣Ир╕Зр╕вр╕▓р╕Б!, р╕лр╕ер╕нр╕Фр╕Фр╕╖р╣Ир╕бр╣Ар╕Ыр╣Зр╕Щр╕кр╕┤р╣Ир╕Зр╕Чр╕╡р╣Ир╕Фр╕╡р╣Ар╕Юр╕┤р╣Ир╕бр╣Ар╕Хр╕┤р╕б!, р╕Др╕╕р╕Ур╕кр╕бр╕Ър╕▒р╕Хр╕┤р╕Бр╕▓р╕гр╕ер╣Зр╕нр╕Др╕Чр╕╡р╣Ир╕кр╕░р╕Фр╕зр╕Бр╕бр╕▓р╕Б!,|fake
р╕гр╕▒р╕Бр╕йр╕▓р╕Др╕зр╕▓р╕бр╣Ар╕вр╣Зр╕Щр╕Вр╕нр╕Зр╣Ар╕Др╕гр╕╖р╣Ир╕нр╕Зр╕Фр╕╖р╣Ир╕бр╣Др╕Фр╣Йр╕Щр╕▓р╕Щ!, р╕Зр╣Ир╕▓р╕вр╕Хр╣Ир╕нр╕Бр╕▓р╕гр╕Чр╣Нр╕▓р╕Др╕зр╕▓р╕бр╕кр╕░р╕нр╕▓р╕Ф р╣Др╕бр╣Ир╕вр╕╕р╣Ир╕Зр╕вр╕▓р╕Б!, р╕лр╕ер╕нр╕Фр╕Фр╕╖р╣Ир╕бр╣Ар╕Ыр╣Зр╕Щр╕кр╕┤р╣Ир╕Зр╕Чр╕╡р╣Ир╕Фр╕╡р╣Ар╕Юр╕┤р╣Ир╕бр╣Ар╕Хр╕┤р╕б!, р╕гр╕▒р╕Бр╕кр╣Др╕Хр╕ер╣Мр╕нр╕нр╕Бр╣Бр╕Ър╕Ър╕Чр╕╡р╣Ир╕Фр╕╣р╕Фр╕╡!, р╣Ар╕лр╕бр╕▓р╕░р╕кр╣Нр╕▓р╕лр╕гр╕▒р╕Ър╕Бр╕┤р╕Ир╕Бр╕гр╕гр╕бр╕Бр╕ер╕▓р╕Зр╣Бр╕Ир╣Йр╕З!,|fake
р╕гр╕▒р╕Бр╕йр╕▓р╕Др╕зр╕▓р╕бр╣Ар╕вр╣Зр╕Щр╕Вр╕нр╕Зр╣Ар╕Др╕гр╕╖р╣Ир╕нр╕Зр╕Фр╕╖р╣Ир╕бр╣Др╕Фр╣Йр╕Щр╕▓р╕Щ!, р╕гр╕▒р╕Бр╕кр╣Др╕Хр╕ер╣Мр╕нр╕нр╕Бр╣Бр╕Ър╕Ър╕Чр╕╡р╣Ир╕Фр╕╣р╕Фр╕╡!, р╕Вр╕Щр╕▓р╕Фр╕Чр╕╡р╣Ир╣Ар╕лр╕бр╕▓р╕░р╕кр╕бр╕кр╣Нр╕▓р╕лр╕гр╕▒р╕Ър╕Бр╕▓р╕гр╕Фр╕╖р╣Ир╕бр╕Щр╣Йр╣Нр╕▓р╣Ар╕бр╕╖р╣Ир╕нр╕нр╕нр╕Бр╕Щр╕нр╕Бр╕Ър╣Йр╕▓р╕Щ!,|fake
р╕гр╕▒р╕Бр╕йр╕▓р╕Др╕зр╕▓р╕бр╣Ар╕вр╣Зр╕Щр╕Вр╕нр╕Зр╣Ар╕Др╕гр╕╖р╣Ир╕нр╕Зр╕Фр╕╖р╣Ир╕бр╣Др╕Фр╣Йр╕Щр╕▓р╕Щ!, р╕гр╕▒р╕Бр╕кр╣Др╕Хр╕ер╣Мр╕нр╕нр╕Бр╣Бр╕Ър╕Ър╕Чр╕╡р╣Ир╕Фр╕╣р╕Фр╕╡!, р╕Вр╕Щр╕▓р╕Фр╕Чр╕╡р╣Ир╣Ар╕лр╕бр╕▓р╕░р╕кр╕бр╕кр╣Нр╕▓р╕лр╕гр╕▒р╕Ър╕Бр╕▓р╕гр╕Фр╕╖р╣Ир╕бр╕Щр╣Йр╣Нр╕▓р╣Ар╕бр╕╖р╣Ир╕нр╕нр╕нр╕Бр╕Щр╕нр╕Бр╕Ър╣Йр╕▓р╕Щ!, р╕Др╕╕р╕Ур╕кр╕бр╕Ър╕▒р╕Хр╕┤р╕Бр╕▓р╕гр╕ер╣Зр╕нр╕Др╕Чр╕╡р╣Ир╕кр╕░р╕Фр╕зр╕Бр╕бр╕▓р╕Б!, р╕Др╕зр╕▓р╕бр╕гр╣Йр╕нр╕Щр╣Бр╕ер╕░р╕Др╕зр╕▓р╕бр╣Ар╕вр╣Зр╕Щр╕Чр╣Нр╕▓р╕Зр╕▓р╕Щр╣Др╕Фр╣Йр╕нр╕вр╣Ир╕▓р╕Зр╕Фр╕╡!,|fake
р╕гр╕▒р╕Бр╕йр╕▓р╕Др╕зр╕▓р╕бр╣Ар╕вр╣Зр╕Щр╕Вр╕нр╕Зр╣Ар╕Др╕гр╕╖р╣Ир╕нр╕Зр╕Фр╕╖р╣Ир╕бр╣Др╕Фр╣Йр╕Щр╕▓р╕Щ!, р╕гр╕▒р╕Бр╕кр╣Др╕Хр╕ер╣Мр╕нр╕нр╕Бр╣Бр╕Ър╕Ър╕Чр╕╡р╣Ир╕Фр╕╣р╕Фр╕╡!, р╕Др╕╕р╕Ур╕кр╕бр╕Ър╕▒р╕Хр╕┤р╕Бр╕▓р╕гр╕ер╣Зр╕нр╕Др╕Чр╕╡р╣Ир╕кр╕░р╕Фр╕зр╕Бр╕бр╕▓р╕Б!, р╕кр╕гр╣Йр╕▓р╕Зр╕Фр╣Йр╕зр╕вр╕зр╕▒р╕кр╕Фр╕╕р╕Др╕╕р╕Ур╕ар╕▓р╕Юр╕кр╕╣р╕Зр╣Бр╕ер╕░р╕Чр╕Щр╕Чр╕▓р╕Щ!,|fake
р╕гр╕▒р╕Бр╕йр╕▓р╕Др╕зр╕▓р╕бр╣Ар╕вр╣Зр╕Щр╕Вр╕нр╕Зр╣Ар╕Др╕гр╕╖р╣Ир╕нр╕Зр╕Фр╕╖р╣Ир╕бр╣Др╕Фр╣Йр╕Щр╕▓р╕Щ!, р╕гр╕▒р╕Бр╕кр╣Др╕Хр╕ер╣Мр╕нр╕нр╕Бр╣Бр╕Ър╕Ър╕Чр╕╡р╣Ир╕Фр╕╣р╕Фр╕╡!, р╕зр╕▒р╕кр╕Фр╕╕р╕кр╣Бр╕Хр╕Щр╣Ар╕ер╕кр╕Др╕╕р╕Ур╕ар╕▓р╕Юр╣Ар╕вр╕╡р╣Ир╕вр╕б!, р╕зр╕▒р╕кр╕Фр╕╕р╕кр╣Бр╕Хр╕Щр╣Ар╕ер╕кр╕Др╕╕р╕Ур╕ар╕▓р╕Юр╣Ар╕вр╕╡р╣Ир╕вр╕б!, р╕Вр╕Щр╕▓р╕Фр╕Чр╕╡р╣Ир╣Ар╕лр╕бр╕▓р╕░р╕кр╕бр╕кр╣Нр╕▓р╕лр╕гр╕▒р╕Ър╕Бр╕▓р╕гр╕Фр╕╖р╣Ир╕бр╕Щр╣Йр╣Нр╕▓р╣Ар╕бр╕╖р╣Ир╕нр╕нр╕нр╕Бр╕Щр╕нр╕Бр╕Ър╣Йр╕▓р╕Щ!, р╕гр╕▒р╕Бр╕кр╣Др╕Хр╕ер╣Мр╕нр╕нр╕Бр╣Бр╕Ър╕Ър╕Чр╕╡р╣Ир╕Фр╕╣р╕Фр╕╡!, р╕гр╕▒р╕Бр╕йр╕▓р╕Др╕зр╕▓р╕бр╣Ар╕вр╣Зр╕Щр╕Вр╕нр╕Зр╣Ар╕Др╕гр╕╖р╣Ир╕нр╕Зр╕Фр╕╖р╣Ир╕бр╣Др╕Фр╣Йр╕Щр╕▓р╕Щ!,|fake
р╕гр╕▒р╕Бр╕йр╕▓р╕Др╕зр╕▓р╕бр╣Ар╕вр╣Зр╕Щр╕Вр╕нр╕Зр╣Ар╕Др╕гр╕╖р╣Ир╕нр╕Зр╕Фр╕╖р╣Ир╕бр╣Др╕Фр╣Йр╕Щр╕▓р╕Щ!, р╕зр╕▒р╕кр╕Фр╕╕р╕кр╣Бр╕Хр╕Щр╣Ар╕ер╕кр╕Др╕╕р╕Ур╕ар╕▓р╕Юр╣Ар╕вр╕╡р╣Ир╕вр╕б!, р╕Вр╕Щр╕▓р╕Фр╕Чр╕╡р╣Ир╣Ар╕лр╕бр╕▓р╕░р╕кр╕бр╕кр╣Нр╕▓р╕лр╕гр╕▒р╕Ър╕Бр╕▓р╕гр╕Фр╕╖р╣Ир╕бр╕Щр╣Йр╣Нр╕▓р╣Ар╕бр╕╖р╣Ир╕нр╕нр╕нр╕Бр╕Щр╕нр╕Бр╕Ър╣Йр╕▓р╕Щ!,|fake
р╕гр╕▒р╕Бр╕йр╕▓р╕Др╕зр╕▓р╕бр╣Ар╕вр╣Зр╕Щр╕Вр╕нр╕Зр╣Ар╕Др╕гр╕╖р╣Ир╕нр╕Зр╕Фр╕╖р╣Ир╕бр╣Др╕Фр╣Йр╕Щр╕▓р╕Щ!, р╕зр╕▒р╕кр╕Фр╕╕р╕кр╣Бр╕Хр╕Щр╣Ар╕ер╕кр╕Др╕╕р╕Ур╕ар╕▓р╕Юр╣Ар╕вр╕╡р╣Ир╕вр╕б!, р╕кр╕гр╣Йр╕▓р╕Зр╕Фр╣Йр╕зр╕вр╕зр╕▒р╕кр╕Фр╕╕р╕Др╕╕р╕Ур╕ар╕▓р╕Юр╕кр╕╣р╕Зр╣Бр╕ер╕░р╕Чр╕Щр╕Чр╕▓р╕Щ!, р╕лр╕ер╕нр╕Фр╕Фр╕╖р╣Ир╕бр╣Ар╕Ыр╣Зр╕Щр╕кр╕┤р╣Ир╕Зр╕Чр╕╡р╣Ир╕Фр╕╡р╣Ар╕Юр╕┤р╣Ир╕бр╣Ар╕Хр╕┤р╕б!,|fake
р╕гр╕▒р╕Бр╕йр╕▓р╕Др╕зр╕▓р╕бр╣Ар╕вр╣Зр╕Щр╕Вр╕нр╕Зр╣Ар╕Др╕гр╕╖р╣Ир╕нр╕Зр╕Фр╕╖р╣Ир╕бр╣Др╕Фр╣Йр╕Щр╕▓р╕Щ!, р╕зр╕▒р╕кр╕Фр╕╕р╕кр╣Бр╕Хр╕Щр╣Ар╕ер╕кр╕Др╕╕р╕Ур╕ар╕▓р╕Юр╣Ар╕вр╕╡р╣Ир╕вр╕б!, р╕лр╕ер╕нр╕Фр╕Фр╕╖р╣Ир╕бр╣Ар╕Ыр╣Зр╕Щр╕кр╕┤р╣Ир╕Зр╕Чр╕╡р╣Ир╕Фр╕╡р╣Ар╕Юр╕┤р╣Ир╕бр╣Ар╕Хр╕┤р╕б!, р╕кр╕гр╣Йр╕▓р╕Зр╕Фр╣Йр╕зр╕вр╕зр╕▒р╕кр╕Фр╕╕р╕Др╕╕р╕Ур╕ар╕▓р╕Юр╕кр╕╣р╕Зр╣Бр╕ер╕░р╕Чр╕Щр╕Чр╕▓р╕Щ!, р╕Др╕╕р╕Ур╕кр╕бр╕Ър╕▒р╕Хр╕┤р╕Бр╕▓р╕гр╕ер╣Зр╕нр╕Др╕Чр╕╡р╣Ир╕кр╕░р╕Фр╕зр╕Бр╕бр╕▓р╕Б!,|fake
р╕гр╕▒р╕Бр╕йр╕▓р╕Др╕зр╕▓р╕бр╣Ар╕вр╣Зр╕Щр╕Вр╕нр╕Зр╣Ар╕Др╕гр╕╖р╣Ир╕нр╕Зр╕Фр╕╖р╣Ир╕бр╣Др╕Фр╣Йр╕Щр╕▓р╕Щ!, р╕кр╕гр╣Йр╕▓р╕Зр╕Фр╣Йр╕зр╕вр╕зр╕▒р╕кр╕Фр╕╕р╕Др╕╕р╕Ур╕ар╕▓р╕Юр╕кр╕╣р╕Зр╣Бр╕ер╕░р╕Чр╕Щр╕Чр╕▓р╕Щ!, р╕лр╕ер╕нр╕Фр╕Фр╕╖р╣Ир╕бр╣Ар╕Ыр╣Зр╕Щр╕кр╕┤р╣Ир╕Зр╕Чр╕╡р╣Ир╕Фр╕╡р╣Ар╕Юр╕┤р╣Ир╕бр╣Ар╕Хр╕┤р╕б!,|fake
р╕гр╕▒р╕Бр╕йр╕▓р╕Др╕зр╕▓р╕бр╣Ар╕вр╣Зр╕Щр╕Вр╕нр╕Зр╣Ар╕Др╕гр╕╖р╣Ир╕нр╕Зр╕Фр╕╖р╣Ир╕бр╣Др╕Фр╣Йр╕Щр╕▓р╕Щ!, р╕лр╕ер╕нр╕Фр╕Фр╕╖р╣Ир╕бр╣Ар╕Ыр╣Зр╕Щр╕кр╕┤р╣Ир╕Зр╕Чр╕╡р╣Ир╕Фр╕╡р╣Ар╕Юр╕┤р╣Ир╕бр╣Ар╕Хр╕┤р╕б!, р╣Ар╕лр╕бр╕▓р╕░р╕кр╣Нр╕▓р╕лр╕гр╕▒р╕Ър╕Бр╕┤р╕Ир╕Бр╕гр╕гр╕бр╕Бр╕ер╕▓р╕Зр╣Бр╕Ир╣Йр╕З!, р╕гр╕▒р╕Бр╕кр╣Др╕Хр╕ер╣Мр╕нр╕нр╕Бр╣Бр╕Ър╕Ър╕Чр╕╡р╣Ир╕Фр╕╣р╕Фр╕╡!,|fake
р╕гр╕▒р╕Бр╕йр╕▓р╕Др╕зр╕▓р╕бр╣Ар╕вр╣Зр╕Щр╕Вр╕нр╕Зр╣Ар╕Др╕гр╕╖р╣Ир╕нр╕Зр╕Фр╕╖р╣Ир╕бр╣Др╕Фр╣Йр╕Щр╕▓р╕Щ!, р╣Ар╕лр╕бр╕▓р╕░р╕кр╣Нр╕▓р╕лр╕гр╕▒р╕Ър╕Бр╕┤р╕Ир╕Бр╕гр╕гр╕бр╕Бр╕ер╕▓р╕Зр╣Бр╕Ир╣Йр╕З!, р╕Др╕зр╕▓р╕бр╕гр╣Йр╕нр╕Щр╣Бр╕ер╕░р╕Др╕зр╕▓р╕бр╣Ар╕вр╣Зр╕Щр╕Чр╣Нр╕▓р╕Зр╕▓р╕Щр╣Др╕Фр╣Йр╕нр╕вр╣Ир╕▓р╕Зр╕Фр╕╡!, р╕лр╕ер╕нр╕Фр╕Фр╕╖р╣Ир╕бр╣Ар╕Ыр╣Зр╕Щр╕кр╕┤р╣Ир╕Зр╕Чр╕╡р╣Ир╕Фр╕╡р╣Ар╕Юр╕┤р╣Ир╕бр╣Ар╕Хр╕┤р╕б!,|fake
р╕гр╕▒р╕Бр╕йр╕▓р╕Др╕зр╕▓р╕бр╣Ар╕вр╣Зр╕Щр╕Вр╕нр╕Зр╣Ар╕Др╕гр╕╖р╣Ир╕нр╕Зр╕Фр╕╖р╣Ир╕бр╣Др╕Фр╣Йр╕Щр╕▓р╕Щ!, р╣Ар╕лр╕бр╕▓р╕░р╕кр╣Нр╕▓р╕лр╕гр╕▒р╕Ър╕Бр╕┤р╕Ир╕Бр╕гр╕гр╕бр╕Бр╕ер╕▓р╕Зр╣Бр╕Ир╣Йр╕З!, р╕Зр╣Ир╕▓р╕вр╕Хр╣Ир╕нр╕Бр╕▓р╕гр╕Чр╣Нр╕▓р╕Др╕зр╕▓р╕бр╕кр╕░р╕нр╕▓р╕Ф р╣Др╕бр╣Ир╕вр╕╕р╣Ир╕Зр╕вр╕▓р╕Б!, р╕Вр╕Щр╕▓р╕Фр╕Чр╕╡р╣Ир╣Ар╕лр╕бр╕▓р╕░р╕кр╕бр╕кр╣Нр╕▓р╕лр╕гр╕▒р╕Ър╕Бр╕▓р╕гр╕Фр╕╖р╣Ир╕бр╕Щр╣Йр╣Нр╕▓р╣Ар╕бр╕╖р╣Ир╕нр╕нр╕нр╕Бр╕Щр╕нр╕Бр╕Ър╣Йр╕▓р╕Щ!,|fake
р╕гр╕▒р╕Бр╕кр╣Др╕Хр╕ер╣Мр╕нр╕нр╕Бр╣Бр╕Ър╕Ър╕Чр╕╡р╣Ир╕Фр╕╣р╕Фр╕╡!, р╕Вр╕Щр╕▓р╕Фр╕Чр╕╡р╣Ир╣Ар╕лр╕бр╕▓р╕░р╕кр╕бр╕кр╣Нр╕▓р╕лр╕гр╕▒р╕Ър╕Бр╕▓р╕гр╕Фр╕╖р╣Ир╕бр╕Щр╣Йр╣Нр╕▓р╣Ар╕бр╕╖р╣Ир╕нр╕нр╕нр╕Бр╕Щр╕нр╕Бр╕Ър╣Йр╕▓р╕Щ!, р╕Др╕зр╕▓р╕бр╕гр╣Йр╕нр╕Щр╣Бр╕ер╕░р╕Др╕зр╕▓р╕бр╣Ар╕вр╣Зр╕Щр╕Чр╣Нр╕▓р╕Зр╕▓р╕Щр╣Др╕Фр╣Йр╕нр╕вр╣Ир╕▓р╕Зр╕Фр╕╡!,|fake
р╕гр╕▒р╕Бр╕кр╣Др╕Хр╕ер╣Мр╕нр╕нр╕Бр╣Бр╕Ър╕Ър╕Чр╕╡р╣Ир╕Фр╕╣р╕Фр╕╡!, р╕Вр╕Щр╕▓р╕Фр╕Чр╕╡р╣Ир╣Ар╕лр╕бр╕▓р╕░р╕кр╕бр╕кр╣Нр╕▓р╕лр╕гр╕▒р╕Ър╕Бр╕▓р╕гр╕Фр╕╖р╣Ир╕бр╕Щр╣Йр╣Нр╕▓р╣Ар╕бр╕╖р╣Ир╕нр╕нр╕нр╕Бр╕Щр╕нр╕Бр╕Ър╣Йр╕▓р╕Щ!, р╕Др╕зр╕▓р╕бр╕гр╣Йр╕нр╕Щр╣Бр╕ер╕░р╕Др╕зр╕▓р╕бр╣Ар╕вр╣Зр╕Щр╕Чр╣Нр╕▓р╕Зр╕▓р╕Щр╣Др╕Фр╣Йр╕нр╕вр╣Ир╕▓р╕Зр╕Фр╕╡!, р╕Зр╣Ир╕▓р╕вр╕Хр╣Ир╕нр╕Бр╕▓р╕гр╕Чр╣Нр╕▓р╕Др╕зр╕▓р╕бр╕кр╕░р╕нр╕▓р╕Ф р╣Др╕бр╣Ир╕вр╕╕р╣Ир╕Зр╕вр╕▓р╕Б!,|fake
р╕гр╕▒р╕Бр╕кр╣Др╕Хр╕ер╣Мр╕нр╕нр╕Бр╣Бр╕Ър╕Ър╕Чр╕╡р╣Ир╕Фр╕╣р╕Фр╕╡!, р╕Вр╕Щр╕▓р╕Фр╕Чр╕╡р╣Ир╣Ар╕лр╕бр╕▓р╕░р╕кр╕бр╕кр╣Нр╕▓р╕лр╕гр╕▒р╕Ър╕Бр╕▓р╕гр╕Фр╕╖р╣Ир╕бр╕Щр╣Йр╣Нр╕▓р╣Ар╕бр╕╖р╣Ир╕нр╕нр╕нр╕Бр╕Щр╕нр╕Бр╕Ър╣Йр╕▓р╕Щ!, р╕кр╕гр╣Йр╕▓р╕Зр╕Фр╣Йр╕зр╕вр╕зр╕▒р╕кр╕Фр╕╕р╕Др╕╕р╕Ур╕ар╕▓р╕Юр╕кр╕╣р╕Зр╣Бр╕ер╕░р╕Чр╕Щр╕Чр╕▓р╕Щ!, р╕Вр╕Щр╕▓р╕Фр╕Чр╕╡р╣Ир╣Ар╕лр╕бр╕▓р╕░р╕кр╕бр╕кр╣Нр╕▓р╕лр╕гр╕▒р╕Ър╕Бр╕▓р╕гр╕Фр╕╖р╣Ир╕бр╕Щр╣Йр╣Нр╕▓р╣Ар╕бр╕╖р╣Ир╕нр╕нр╕нр╕Бр╕Щр╕нр╕Бр╕Ър╣Йр╕▓р╕Щ!, р╕зр╕▒р╕кр╕Фр╕╕р╕кр╣Бр╕Хр╕Щр╣Ар╕ер╕кр╕Др╕╕р╕Ур╕ар╕▓р╕Юр╣Ар╕вр╕╡р╣Ир╕вр╕б!,|fake
р╕гр╕▒р╕Бр╕кр╣Др╕Хр╕ер╣Мр╕нр╕нр╕Бр╣Бр╕Ър╕Ър╕Чр╕╡р╣Ир╕Фр╕╣р╕Фр╕╡!, р╕Др╕╕р╕Ур╕кр╕бр╕Ър╕▒р╕Хр╕┤р╕Бр╕▓р╕гр╕ер╣Зр╕нр╕Др╕Чр╕╡р╣Ир╕кр╕░р╕Фр╕зр╕Бр╕бр╕▓р╕Б!, р╕зр╕▒р╕кр╕Фр╕╕р╕кр╣Бр╕Хр╕Щр╣Ар╕ер╕кр╕Др╕╕р╕Ур╕ар╕▓р╕Юр╣Ар╕вр╕╡р╣Ир╕вр╕б!, р╕Вр╕Щр╕▓р╕Фр╕Чр╕╡р╣Ир╣Ар╕лр╕бр╕▓р╕░р╕кр╕бр╕кр╣Нр╕▓р╕лр╕гр╕▒р╕Ър╕Бр╕▓р╕гр╕Фр╕╖р╣Ир╕бр╕Щр╣Йр╣Нр╕▓р╣Ар╕бр╕╖р╣Ир╕нр╕нр╕нр╕Бр╕Щр╕нр╕Бр╕Ър╣Йр╕▓р╕Щ!,|fake
р╕гр╕▒р╕Бр╕кр╣Др╕Хр╕ер╣Мр╕нр╕нр╕Бр╣Бр╕Ър╕Ър╕Чр╕╡р╣Ир╕Фр╕╣р╕Фр╕╡!, р╕Др╕╕р╕Ур╕кр╕бр╕Ър╕▒р╕Хр╕┤р╕Бр╕▓р╕гр╕ер╣Зр╕нр╕Др╕Чр╕╡р╣Ир╕кр╕░р╕Фр╕зр╕Бр╕бр╕▓р╕Б!, р╕лр╕ер╕нр╕Фр╕Фр╕╖р╣Ир╕бр╣Ар╕Ыр╣Зр╕Щр╕кр╕┤р╣Ир╕Зр╕Чр╕╡р╣Ир╕Фр╕╡р╣Ар╕Юр╕┤р╣Ир╕бр╣Ар╕Хр╕┤р╕б!, р╕Вр╕Щр╕▓р╕Фр╕Чр╕╡р╣Ир╣Ар╕лр╕бр╕▓р╕░р╕кр╕бр╕кр╣Нр╕▓р╕лр╕гр╕▒р╕Ър╕Бр╕▓р╕гр╕Фр╕╖р╣Ир╕бр╕Щр╣Йр╣Нр╕▓р╣Ар╕бр╕╖р╣Ир╕нр╕нр╕нр╕Бр╕Щр╕нр╕Бр╕Ър╣Йр╕▓р╕Щ!,|fake
р╕гр╕▒р╕Бр╕кр╣Др╕Хр╕ер╣Мр╕нр╕нр╕Бр╣Бр╕Ър╕Ър╕Чр╕╡р╣Ир╕Фр╕╣р╕Фр╕╡!, р╕Зр╣Ир╕▓р╕вр╕Хр╣Ир╕нр╕Бр╕▓р╕гр╕Чр╣Нр╕▓р╕Др╕зр╕▓р╕бр╕кр╕░р╕нр╕▓р╕Ф р╣Др╕бр╣Ир╕вр╕╕р╣Ир╕Зр╕вр╕▓р╕Б!, р╕гр╕▒р╕Бр╕йр╕▓р╕Др╕зр╕▓р╕бр╣Ар╕вр╣Зр╕Щр╕Вр╕нр╕Зр╣Ар╕Др╕гр╕╖р╣Ир╕нр╕Зр╕Фр╕╖р╣Ир╕бр╣Др╕Фр╣Йр╕Щр╕▓р╕Щ!, р╕Др╕╕р╕Ур╕кр╕бр╕Ър╕▒р╕Хр╕┤р╕Бр╕▓р╕гр╕ер╣Зр╕нр╕Др╕Чр╕╡р╣Ир╕кр╕░р╕Фр╕зр╕Бр╕бр╕▓р╕Б!,|fake
р╕гр╕▒р╕Бр╕кр╣Др╕Хр╕ер╣Мр╕нр╕нр╕Бр╣Бр╕Ър╕Ър╕Чр╕╡р╣Ир╕Фр╕╣р╕Фр╕╡!, р╕гр╕▒р╕Бр╕йр╕▓р╕Др╕зр╕▓р╕бр╣Ар╕вр╣Зр╕Щр╕Вр╕нр╕Зр╣Ар╕Др╕гр╕╖р╣Ир╕нр╕Зр╕Фр╕╖р╣Ир╕бр╣Др╕Фр╣Йр╕Щр╕▓р╕Щ!, р╕кр╕гр╣Йр╕▓р╕Зр╕Фр╣Йр╕зр╕вр╕зр╕▒р╕кр╕Фр╕╕р╕Др╕╕р╕Ур╕ар╕▓р╕Юр╕кр╕╣р╕Зр╣Бр╕ер╕░р╕Чр╕Щр╕Чр╕▓р╕Щ!, р╕Зр╣Ир╕▓р╕вр╕Хр╣Ир╕нр╕Бр╕▓р╕гр╕Чр╣Нр╕▓р╕Др╕зр╕▓р╕бр╕кр╕░р╕нр╕▓р╕Ф р╣Др╕бр╣Ир╕вр╕╕р╣Ир╕Зр╕вр╕▓р╕Б!,|fake
р╕гр╕▒р╕Бр╕кр╣Др╕Хр╕ер╣Мр╕нр╕нр╕Бр╣Бр╕Ър╕Ър╕Чр╕╡р╣Ир╕Фр╕╣р╕Фр╕╡!, р╕гр╕▒р╕Бр╕кр╣Др╕Хр╕ер╣Мр╕нр╕нр╕Бр╣Бр╕Ър╕Ър╕Чр╕╡р╣Ир╕Фр╕╣р╕Фр╕╡!,р╕гр╕▒р╕Бр╕йр╕▓р╕Др╕зр╕▓р╕бр╣Ар╕вр╣Зр╕Щр╕Вр╕нр╕Зр╣Ар╕Др╕гр╕╖р╣Ир╕нр╕Зр╕Фр╕╖р╣Ир╕бр╣Др╕Фр╣Йр╕Щр╕▓р╕Щ!, р╕гр╕▒р╕Бр╕кр╣Др╕Хр╕ер╣Мр╕нр╕нр╕Бр╣Бр╕Ър╕Ър╕Чр╕╡р╣Ир╕Фр╕╣р╕Фр╕╡!, р╕Др╕╕р╕Ур╕кр╕бр╕Ър╕▒р╕Хр╕┤р╕Бр╕▓р╕гр╕ер╣Зр╕нр╕Др╕Чр╕╡р╣Ир╕кр╕░р╕Фр╕зр╕Бр╕бр╕▓р╕Б!,|fake
р╕гр╕▒р╕Бр╕кр╣Др╕Хр╕ер╣Мр╕нр╕нр╕Бр╣Бр╕Ър╕Ър╕Чр╕╡р╣Ир╕Фр╕╣р╕Фр╕╡!, р╕лр╕ер╕нр╕Фр╕Фр╕╖р╣Ир╕бр╣Ар╕Ыр╣Зр╕Щр╕кр╕┤р╣Ир╕Зр╕Чр╕╡р╣Ир╕Фр╕╡р╣Ар╕Юр╕┤р╣Ир╕бр╣Ар╕Хр╕┤р╕б!, р╕Вр╕Щр╕▓р╕Фр╕Чр╕╡р╣Ир╣Ар╕лр╕бр╕▓р╕░р╕кр╕бр╕кр╣Нр╕▓р╕лр╕гр╕▒р╕Ър╕Бр╕▓р╕гр╕Фр╕╖р╣Ир╕бр╕Щр╣Йр╣Нр╕▓р╣Ар╕бр╕╖р╣Ир╕нр╕нр╕нр╕Бр╕Щр╕нр╕Бр╕Ър╣Йр╕▓р╕Щ!,|fake
р╕гр╕▒р╕Бр╕кр╣Др╕Хр╕ер╣Мр╕нр╕нр╕Бр╣Бр╕Ър╕Ър╕Чр╕╡р╣Ир╕Фр╕╣р╕Фр╕╡!, р╕лр╕ер╕нр╕Фр╕Фр╕╖р╣Ир╕бр╣Ар╕Ыр╣Зр╕Щр╕кр╕┤р╣Ир╕Зр╕Чр╕╡р╣Ир╕Фр╕╡р╣Ар╕Юр╕┤р╣Ир╕бр╣Ар╕Хр╕┤р╕б!, р╕Вр╕Щр╕▓р╕Фр╕Чр╕╡р╣Ир╣Ар╕лр╕бр╕▓р╕░р╕кр╕бр╕кр╣Нр╕▓р╕лр╕гр╕▒р╕Ър╕Бр╕▓р╕гр╕Фр╕╖р╣Ир╕бр╕Щр╣Йр╣Нр╕▓р╣Ар╕бр╕╖р╣Ир╕нр╕нр╕нр╕Бр╕Щр╕нр╕Бр╕Ър╣Йр╕▓р╕Щ!, р╕Зр╣Ир╕▓р╕вр╕Хр╣Ир╕нр╕Бр╕▓р╕гр╕Чр╣Нр╕▓р╕Др╕зр╕▓р╕бр╕кр╕░р╕нр╕▓р╕Ф р╣Др╕бр╣Ир╕вр╕╕р╣Ир╕Зр╕вр╕▓р╕Б!,|fake
р╕гр╕▒р╕Бр╕кр╣Др╕Хр╕ер╣Мр╕нр╕нр╕Бр╣Бр╕Ър╕Ър╕Чр╕╡р╣Ир╕Фр╕╣р╕Фр╕╡!, р╕лр╕ер╕нр╕Фр╕Фр╕╖р╣Ир╕бр╣Ар╕Ыр╣Зр╕Щр╕кр╕┤р╣Ир╕Зр╕Чр╕╡р╣Ир╕Фр╕╡р╣Ар╕Юр╕┤р╣Ир╕бр╣Ар╕Хр╕┤р╕б!, р╕Вр╕Щр╕▓р╕Фр╕Чр╕╡р╣Ир╣Ар╕лр╕бр╕▓р╕░р╕кр╕бр╕кр╣Нр╕▓р╕лр╕гр╕▒р╕Ър╕Бр╕▓р╕гр╕Фр╕╖р╣Ир╕бр╕Щр╣Йр╣Нр╕▓р╣Ар╕бр╕╖р╣Ир╕нр╕нр╕нр╕Бр╕Щр╕нр╕Бр╕Ър╣Йр╕▓р╕Щ!, р╣Ар╕лр╕бр╕▓р╕░р╕кр╣Нр╕▓р╕лр╕гр╕▒р╕Ър╕Бр╕┤р╕Ир╕Бр╕гр╕гр╕бр╕Бр╕ер╕▓р╕Зр╣Бр╕Ир╣Йр╕З!, р╕Вр╕Щр╕▓р╕Фр╕Чр╕╡р╣Ир╣Ар╕лр╕бр╕▓р╕░р╕кр╕бр╕кр╣Нр╕▓р╕лр╕гр╕▒р╕Ър╕Бр╕▓р╕гр╕Фр╕╖р╣Ир╕бр╕Щр╣Йр╣Нр╕▓р╣Ар╕бр╕╖р╣Ир╕нр╕нр╕нр╕Бр╕Щр╕нр╕Бр╕Ър╣Йр╕▓р╕Щ!, р╕Вр╕Щр╕▓р╕Фр╕Чр╕╡р╣Ир╣Ар╕лр╕бр╕▓р╕░р╕кр╕бр╕кр╣Нр╕▓р╕лр╕гр╕▒р╕Ър╕Бр╕▓р╕гр╕Фр╕╖р╣Ир╕бр╕Щр╣Йр╣Нр╕▓р╣Ар╕бр╕╖р╣Ир╕нр╕нр╕нр╕Бр╕Щр╕нр╕Бр╕Ър╣Йр╕▓р╕Щ!, р╕Вр╕Щр╕▓р╕Фр╕Чр╕╡р╣Ир╣Ар╕лр╕бр╕▓р╕░р╕кр╕бр╕кр╣Нр╕▓р╕лр╕гр╕▒р╕Ър╕Бр╕▓р╕гр╕Фр╕╖р╣Ир╕бр╕Щр╣Йр╣Нр╕▓р╣Ар╕бр╕╖р╣Ир╕нр╕нр╕нр╕Бр╕Щр╕нр╕Бр╕Ър╣Йр╕▓р╕Щ!,|fake
р╕гр╕▒р╕Бр╕кр╣Др╕Хр╕ер╣Мр╕нр╕нр╕Бр╣Бр╕Ър╕Ър╕Чр╕╡р╣Ир╕Фр╕╣р╕Фр╕╡!, р╕лр╕ер╕нр╕Фр╕Фр╕╖р╣Ир╕бр╣Ар╕Ыр╣Зр╕Щр╕кр╕┤р╣Ир╕Зр╕Чр╕╡р╣Ир╕Фр╕╡р╣Ар╕Юр╕┤р╣Ир╕бр╣Ар╕Хр╕┤р╕б!, р╕Др╕╕р╕Ур╕кр╕бр╕Ър╕▒р╕Хр╕┤р╕Бр╕▓р╕гр╕ер╣Зр╕нр╕Др╕Чр╕╡р╣Ир╕кр╕░р╕Фр╕зр╕Бр╕бр╕▓р╕Б!, р╣Ар╕лр╕бр╕▓р╕░р╕кр╣Нр╕▓р╕лр╕гр╕▒р╕Ър╕Бр╕┤р╕Ир╕Бр╕гр╕гр╕бр╕Бр╕ер╕▓р╕Зр╣Бр╕Ир╣Йр╕З!,|fake
р╕гр╕▒р╕Бр╕кр╣Др╕Хр╕ер╣Мр╕нр╕нр╕Бр╣Бр╕Ър╕Ър╕Чр╕╡р╣Ир╕Фр╕╣р╕Фр╕╡!, р╕лр╕ер╕нр╕Фр╕Фр╕╖р╣Ир╕бр╣Ар╕Ыр╣Зр╕Щр╕кр╕┤р╣Ир╕Зр╕Чр╕╡р╣Ир╕Фр╕╡р╣Ар╕Юр╕┤р╣Ир╕бр╣Ар╕Хр╕┤р╕б!, р╕кр╕гр╣Йр╕▓р╕Зр╕Фр╣Йр╕зр╕вр╕зр╕▒р╕кр╕Фр╕╕р╕Др╕╕р╕Ур╕ар╕▓р╕Юр╕кр╕╣р╕Зр╣Бр╕ер╕░р╕Чр╕Щр╕Чр╕▓р╕Щ!, р╕кр╕гр╣Йр╕▓р╕Зр╕Фр╣Йр╕зр╕вр╕зр╕▒р╕кр╕Фр╕╕р╕Др╕╕р╕Ур╕ар╕▓р╕Юр╕кр╕╣р╕Зр╣Бр╕ер╕░р╕Чр╕Щр╕Чр╕▓р╕Щ!,|fake
р╕гр╕▒р╕Бр╕кр╣Др╕Хр╕ер╣Мр╕нр╕нр╕Бр╣Бр╕Ър╕Ър╕Чр╕╡р╣Ир╕Фр╕╣р╕Фр╕╡!, р╣Ар╕лр╕бр╕▓р╕░р╕кр╣Нр╕▓р╕лр╕гр╕▒р╕Ър╕Бр╕┤р╕Ир╕Бр╕гр╕гр╕бр╕Бр╕ер╕▓р╕Зр╣Бр╕Ир╣Йр╕З!, р╣Ар╕лр╕бр╕▓р╕░р╕кр╣Нр╕▓р╕лр╕гр╕▒р╕Ър╕Бр╕┤р╕Ир╕Бр╕гр╕гр╕бр╕Бр╕ер╕▓р╕Зр╣Бр╕Ир╣Йр╕З!, р╕кр╕гр╣Йр╕▓р╕Зр╕Фр╣Йр╕зр╕вр╕зр╕▒р╕кр╕Фр╕╕р╕Др╕╕р╕Ур╕ар╕▓р╕Юр╕кр╕╣р╕Зр╣Бр╕ер╕░р╕Чр╕Щр╕Чр╕▓р╕Щ!,|fake
р╕гр╣Йр╕▓р╕Щр╕Др╣Йр╕▓р╣Бр╕Юр╣Зр╕Др╕кр╕┤р╕Щр╕Др╣Йр╕▓р╕бр╕▓р╕Фр╕╡р╕кр╕┤р╕Щр╕Др╣Йр╕▓р╕Хр╕гр╕Зр╕Ыр╕Бр╕Цр╕╣р╕Бр╣Гр╕Ир╕ер╕нр╕Зр╣Гр╕Кр╣Ир╣Бр╕ер╣Йр╕зр╣Вр╕нр╣Ар╕Др╕гр╕Ир╕╕р╕Щр╣Йр╣Нр╕▓р╣Др╕Фр╣Йр╣Ар╕вр╕нр╕░р╕Фр╕╡р╣Ар╕Бр╣Зр╕Ър╕Др╕зр╕▓р╕бр╣Ар╕вр╣Зр╕Щр╣Др╕Фр╣Йр╕Фр╕╡р╕Юр╕нр╣Гр╕Ир╣Гр╕Щр╕кр╕┤р╕Щр╕Др╣Йр╕▓р╕Чр╕╡р╣Ир╣Др╕Фр╣Йр╕гр╕▒р╕Ър╣Др╕зр╣Йр╕Ир╕░р╣Бр╕Щр╕░р╕Щр╣Нр╕▓р╣Гр╕лр╣Йр╣Ар╕Юр╕╡р╣Ир╕нр╕Щр╣Жр╕кр╕▒р╣Ир╕Зр╕Чр╕╡р╣Ир╕гр╣Йр╕▓р╕Щр╕Щр╕╡р╣Йр╕гр╕▒р╕Бр╕йр╕▓р╕Др╕зр╕▓р╕бр╣Ар╕вр╣Зр╕Щр╕Вр╕нр╕Зр╣Ар╕Др╕гр╕╖р╣Ир╕нр╕Зр╕Фр╕╖р╣Ир╕бр╣Др╕Фр╣Йр╕Щр╕▓р╕Щ!, р╕Зр╣Ир╕▓р╕вр╕Хр╣Ир╕нр╕Бр╕▓р╕гр╕Чр╣Нр╕▓р╕Др╕зр╕▓р╕бр╕кр╕░р╕нр╕▓р╕Ф р╣Др╕бр╣Ир╕вр╕╕р╣Ир╕Зр╕вр╕▓р╕Б!, р╣Ар╕лр╕бр╕▓р╕░р╕кр╣Нр╕▓р╕лр╕гр╕▒р╕Ър╕Бр╕┤р╕Ир╕Бр╕гр╕гр╕бр╕Бр╕ер╕▓р╕Зр╣Бр╕Ир╣Йр╕З!,р╕Вр╕Щр╕▓р╕Фр╕Чр╕╡р╣Ир╣Ар╕лр╕бр╕▓р╕░р╕кр╕бр╕кр╣Нр╕▓р╕лр╕гр╕▒р╕Ър╕Бр╕▓р╕гр╕Фр╕╖р╣Ир╕бр╕Щр╣Йр╣Нр╕▓р╣Ар╕бр╕╖р╣Ир╕нр╕нр╕нр╕Бр╕Щр╕нр╕Бр╕Ър╣Йр╕▓р╕Щ!, р╕Вр╕Щр╕▓р╕Фр╕Чр╕╡р╣Ир╣Ар╕лр╕бр╕▓р╕░р╕кр╕бр╕кр╣Нр╕▓р╕лр╕гр╕▒р╕Ър╕Бр╕▓р╕гр╕Фр╕╖р╣Ир╕бр╕Щр╣Йр╣Нр╕▓р╣Ар╕бр╕╖р╣Ир╕нр╕нр╕нр╕Бр╕Щр╕нр╕Бр╕Ър╣Йр╕▓р╕Щ!,|fake
р╕зр╕▒р╕кр╕Фр╕╕:р╕Фр╕╡р╕бр╕▓р╕Б р╕Вр╕Щр╕▓р╕Ф:р╕бр╕╡р╕лр╕ер╕▓р╕Бр╕лр╕ер╕▓р╕в р╕Бр╕▓р╕гр╕нр╕нр╕Бр╣Бр╕Ър╕Ъ:р╕Фр╕╡ р╣Др╕Фр╣Йр╕бр╕▓р╕Хр╕гр╕▓р╕Рр╕▓р╕Щ р╣Вр╕Фр╕вр╕гр╕зр╕бр╕Др╕╖р╕нр╕Фр╕╡р╣Ар╕вр╕╡р╣Ир╕вр╕б р╣Гр╕Др╕гр╕кр╕Щр╣Гр╕Ир╣Бр╕Щр╕░р╕Щр╣Нр╕▓р╕Ир╣Йр╕▓.....,.р╣Др╕бр╣Ир╕Ьр╕┤р╕Фр╕лр╕зр╕▒р╕Зр╣Бр╕Щр╣Ир╕Щр╕нр╕Щ|fake
р╕зр╕▒р╕кр╕Фр╕╕р╕кр╣Бр╕Хр╕Щр╣Ар╕ер╕кр╕Др╕╕р╕Ур╕ар╕▓р╕Юр╣Ар╕вр╕╡р╣Ир╕вр╕б!, р╕Вр╕Щр╕▓р╕Фр╕Чр╕╡р╣Ир╣Ар╕лр╕бр╕▓р╕░р╕кр╕бр╕кр╣Нр╕▓р╕лр╕гр╕▒р╕Ър╕Бр╕▓р╕гр╕Фр╕╖р╣Ир╕бр╕Щр╣Йр╣Нр╕▓р╣Ар╕бр╕╖р╣Ир╕нр╕нр╕нр╕Бр╕Щр╕нр╕Бр╕Ър╣Йр╕▓р╕Щ!, р╕гр╕▒р╕Бр╕кр╣Др╕Хр╕ер╣Мр╕нр╕нр╕Бр╣Бр╕Ър╕Ър╕Чр╕╡р╣Ир╕Фр╕╣р╕Фр╕╡!, р╕Др╕╕р╕Ур╕кр╕бр╕Ър╕▒р╕Хр╕┤р╕Бр╕▓р╕гр╕ер╣Зр╕нр╕Др╕Чр╕╡р╣Ир╕кр╕░р╕Фр╕зр╕Бр╕бр╕▓р╕Б!, р╕Зр╣Ир╕▓р╕вр╕Хр╣Ир╕нр╕Бр╕▓р╕гр╕Чр╣Нр╕▓р╕Др╕зр╕▓р╕бр╕кр╕░р╕нр╕▓р╕Ф р╣Др╕бр╣Ир╕вр╕╕р╣Ир╕Зр╕вр╕▓р╕Б!,|fake
р╕зр╕▒р╕кр╕Фр╕╕р╕кр╣Бр╕Хр╕Щр╣Ар╕ер╕кр╕Др╕╕р╕Ур╕ар╕▓р╕Юр╣Ар╕вр╕╡р╣Ир╕вр╕б!, р╕Др╕зр╕▓р╕бр╕гр╣Йр╕нр╕Щр╣Бр╕ер╕░р╕Др╕зр╕▓р╕бр╣Ар╕вр╣Зр╕Щр╕Чр╣Нр╕▓р╕Зр╕▓р╕Щр╣Др╕Фр╣Йр╕нр╕вр╣Ир╕▓р╕Зр╕Фр╕╡!, р╕Вр╕Щр╕▓р╕Фр╕Чр╕╡р╣Ир╣Ар╕лр╕бр╕▓р╕░р╕кр╕бр╕кр╣Нр╕▓р╕лр╕гр╕▒р╕Ър╕Бр╕▓р╕гр╕Фр╕╖р╣Ир╕бр╕Щр╣Йр╣Нр╕▓р╣Ар╕бр╕╖р╣Ир╕нр╕нр╕нр╕Бр╕Щр╕нр╕Бр╕Ър╣Йр╕▓р╕Щ!, р╕Зр╣Ир╕▓р╕вр╕Хр╣Ир╕нр╕Бр╕▓р╕гр╕Чр╣Нр╕▓р╕Др╕зр╕▓р╕бр╕кр╕░р╕нр╕▓р╕Ф р╣Др╕бр╣Ир╕вр╕╕р╣Ир╕Зр╕вр╕▓р╕Б!,|fake
р╕зр╕▒р╕кр╕Фр╕╕р╕кр╣Бр╕Хр╕Щр╣Ар╕ер╕кр╕Др╕╕р╕Ур╕ар╕▓р╕Юр╣Ар╕вр╕╡р╣Ир╕вр╕б!, р╕Др╕зр╕▓р╕бр╕гр╣Йр╕нр╕Щр╣Бр╕ер╕░р╕Др╕зр╕▓р╕бр╣Ар╕вр╣Зр╕Щр╕Чр╣Нр╕▓р╕Зр╕▓р╕Щр╣Др╕Фр╣Йр╕нр╕вр╣Ир╕▓р╕Зр╕Фр╕╡!, р╕гр╕▒р╕Бр╕кр╣Др╕Хр╕ер╣Мр╕нр╕нр╕Бр╣Бр╕Ър╕Ър╕Чр╕╡р╣Ир╕Фр╕╣р╕Фр╕╡!, р╣Ар╕лр╕бр╕▓р╕░р╕кр╣Нр╕▓р╕лр╕гр╕▒р╕Ър╕Бр╕┤р╕Ир╕Бр╕гр╕гр╕бр╕Бр╕ер╕▓р╕Зр╣Бр╕Ир╣Йр╕З!, р╕Вр╕Щр╕▓р╕Фр╕Чр╕╡р╣Ир╣Ар╕лр╕бр╕▓р╕░р╕кр╕бр╕кр╣Нр╕▓р╕лр╕гр╕▒р╕Ър╕Бр╕▓р╕гр╕Фр╕╖р╣Ир╕бр╕Щр╣Йр╣Нр╕▓р╣Ар╕бр╕╖р╣Ир╕нр╕нр╕нр╕Бр╕Щр╕нр╕Бр╕Ър╣Йр╕▓р╕Щ!,|fake
р╕зр╕▒р╕кр╕Фр╕╕р╕кр╣Бр╕Хр╕Щр╣Ар╕ер╕кр╕Др╕╕р╕Ур╕ар╕▓р╕Юр╣Ар╕вр╕╡р╣Ир╕вр╕б!, р╕Др╕зр╕▓р╕бр╕гр╣Йр╕нр╕Щр╣Бр╕ер╕░р╕Др╕зр╕▓р╕бр╣Ар╕вр╣Зр╕Щр╕Чр╣Нр╕▓р╕Зр╕▓р╕Щр╣Др╕Фр╣Йр╕нр╕вр╣Ир╕▓р╕Зр╕Фр╕╡!, р╕кр╕гр╣Йр╕▓р╕Зр╕Фр╣Йр╕зр╕вр╕зр╕▒р╕кр╕Фр╕╕р╕Др╕╕р╕Ур╕ар╕▓р╕Юр╕кр╕╣р╕Зр╣Бр╕ер╕░р╕Чр╕Щр╕Чр╕▓р╕Щ!, р╕гр╕▒р╕Бр╕кр╣Др╕Хр╕ер╣Мр╕нр╕нр╕Бр╣Бр╕Ър╕Ър╕Чр╕╡р╣Ир╕Фр╕╣р╕Фр╕╡!,|fake
р╕зр╕▒р╕кр╕Фр╕╕р╕кр╣Бр╕Хр╕Щр╣Ар╕ер╕кр╕Др╕╕р╕Ур╕ар╕▓р╕Юр╣Ар╕вр╕╡р╣Ир╕вр╕б!, р╕Зр╣Ир╕▓р╕вр╕Хр╣Ир╕нр╕Бр╕▓р╕гр╕Чр╣Нр╕▓р╕Др╕зр╕▓р╕бр╕кр╕░р╕нр╕▓р╕Ф р╣Др╕бр╣Ир╕вр╕╕р╣Ир╕Зр╕вр╕▓р╕Б!, р╕кр╕гр╣Йр╕▓р╕Зр╕Фр╣Йр╕зр╕вр╕зр╕▒р╕кр╕Фр╕╕р╕Др╕╕р╕Ур╕ар╕▓р╕Юр╕кр╕╣р╕Зр╣Бр╕ер╕░р╕Чр╕Щр╕Чр╕▓р╕Щ!, р╕Др╕зр╕▓р╕бр╕гр╣Йр╕нр╕Щр╣Бр╕ер╕░р╕Др╕зр╕▓р╕бр╣Ар╕вр╣Зр╕Щр╕Чр╣Нр╕▓р╕Зр╕▓р╕Щр╣Др╕Фр╣Йр╕нр╕вр╣Ир╕▓р╕Зр╕Фр╕╡!,|fake
р╕зр╕▒р╕кр╕Фр╕╕р╕кр╣Бр╕Хр╕Щр╣Ар╕ер╕кр╕Др╕╕р╕Ур╕ар╕▓р╕Юр╣Ар╕вр╕╡р╣Ир╕вр╕б!, р╕Зр╣Ир╕▓р╕вр╕Хр╣Ир╕нр╕Бр╕▓р╕гр╕Чр╣Нр╕▓р╕Др╕зр╕▓р╕бр╕кр╕░р╕нр╕▓р╕Ф р╣Др╕бр╣Ир╕вр╕╕р╣Ир╕Зр╕вр╕▓р╕Б!, р╕кр╕гр╣Йр╕▓р╕Зр╕Фр╣Йр╕зр╕вр╕зр╕▒р╕кр╕Фр╕╕р╕Др╕╕р╕Ур╕ар╕▓р╕Юр╕кр╕╣р╕Зр╣Бр╕ер╕░р╕Чр╕Щр╕Чр╕▓р╕Щ!, р╕Др╕╕р╕Ур╕кр╕бр╕Ър╕▒р╕Хр╕┤р╕Бр╕▓р╕гр╕ер╣Зр╕нр╕Др╕Чр╕╡р╣Ир╕кр╕░р╕Фр╕зр╕Бр╕бр╕▓р╕Б!,|fake
р╕зр╕▒р╕кр╕Фр╕╕р╕кр╣Бр╕Хр╕Щр╣Ар╕ер╕кр╕Др╕╕р╕Ур╕ар╕▓р╕Юр╣Ар╕вр╕╡р╣Ир╕вр╕б!, р╕гр╕▒р╕Бр╕йр╕▓р╕Др╕зр╕▓р╕бр╣Ар╕вр╣Зр╕Щр╕Вр╕нр╕Зр╣Ар╕Др╕гр╕╖р╣Ир╕нр╕Зр╕Фр╕╖р╣Ир╕бр╣Др╕Фр╣Йр╕Щр╕▓р╕Щ!, р╕Вр╕Щр╕▓р╕Фр╕Чр╕╡р╣Ир╣Ар╕лр╕бр╕▓р╕░р╕кр╕бр╕кр╣Нр╕▓р╕лр╕гр╕▒р╕Ър╕Бр╕▓р╕гр╕Фр╕╖р╣Ир╕бр╕Щр╣Йр╣Нр╕▓р╣Ар╕бр╕╖р╣Ир╕нр╕нр╕нр╕Бр╕Щр╕нр╕Бр╕Ър╣Йр╕▓р╕Щ!,|fake
р╕зр╕▒р╕кр╕Фр╕╕р╕кр╣Бр╕Хр╕Щр╣Ар╕ер╕кр╕Др╕╕р╕Ур╕ар╕▓р╕Юр╣Ар╕вр╕╡р╣Ир╕вр╕б!, р╕гр╕▒р╕Бр╕йр╕▓р╕Др╕зр╕▓р╕бр╣Ар╕вр╣Зр╕Щр╕Вр╕нр╕Зр╣Ар╕Др╕гр╕╖р╣Ир╕нр╕Зр╕Фр╕╖р╣Ир╕бр╣Др╕Фр╣Йр╕Щр╕▓р╕Щ!, р╕Вр╕Щр╕▓р╕Фр╕Чр╕╡р╣Ир╣Ар╕лр╕бр╕▓р╕░р╕кр╕бр╕кр╣Нр╕▓р╕лр╕гр╕▒р╕Ър╕Бр╕▓р╕гр╕Фр╕╖р╣Ир╕бр╕Щр╣Йр╣Нр╕▓р╣Ар╕бр╕╖р╣Ир╕нр╕нр╕нр╕Бр╕Щр╕нр╕Бр╕Ър╣Йр╕▓р╕Щ!, р╕Др╕зр╕▓р╕бр╕гр╣Йр╕нр╕Щр╣Бр╕ер╕░р╕Др╕зр╕▓р╕бр╣Ар╕вр╣Зр╕Щр╕Чр╣Нр╕▓р╕Зр╕▓р╕Щр╣Др╕Фр╣Йр╕нр╕вр╣Ир╕▓р╕Зр╕Фр╕╡!,|fake
р╕зр╕▒р╕кр╕Фр╕╕р╕кр╣Бр╕Хр╕Щр╣Ар╕ер╕кр╕Др╕╕р╕Ур╕ар╕▓р╕Юр╣Ар╕вр╕╡р╣Ир╕вр╕б!, р╕гр╕▒р╕Бр╕йр╕▓р╕Др╕зр╕▓р╕бр╣Ар╕вр╣Зр╕Щр╕Вр╕нр╕Зр╣Ар╕Др╕гр╕╖р╣Ир╕нр╕Зр╕Фр╕╖р╣Ир╕бр╣Др╕Фр╣Йр╕Щр╕▓р╕Щ!, р╕Др╕зр╕▓р╕бр╕гр╣Йр╕нр╕Щр╣Бр╕ер╕░р╕Др╕зр╕▓р╕бр╣Ар╕вр╣Зр╕Щр╕Чр╣Нр╕▓р╕Зр╕▓р╕Щр╣Др╕Фр╣Йр╕нр╕вр╣Ир╕▓р╕Зр╕Фр╕╡!,|fake
р╕зр╕▒р╕кр╕Фр╕╕р╕кр╣Бр╕Хр╕Щр╣Ар╕ер╕кр╕Др╕╕р╕Ур╕ар╕▓р╕Юр╣Ар╕вр╕╡р╣Ир╕вр╕б!, р╕гр╕▒р╕Бр╕йр╕▓р╕Др╕зр╕▓р╕бр╣Ар╕вр╣Зр╕Щр╕Вр╕нр╕Зр╣Ар╕Др╕гр╕╖р╣Ир╕нр╕Зр╕Фр╕╖р╣Ир╕бр╣Др╕Фр╣Йр╕Щр╕▓р╕Щ!, р╕Др╕╕р╕Ур╕кр╕бр╕Ър╕▒р╕Хр╕┤р╕Бр╕▓р╕гр╕ер╣Зр╕нр╕Др╕Чр╕╡р╣Ир╕кр╕░р╕Фр╕зр╕Бр╕бр╕▓р╕Б!, р╕Вр╕Щр╕▓р╕Фр╕Чр╕╡р╣Ир╣Ар╕лр╕бр╕▓р╕░р╕кр╕бр╕кр╣Нр╕▓р╕лр╕гр╕▒р╕Ър╕Бр╕▓р╕гр╕Фр╕╖р╣Ир╕бр╕Щр╣Йр╣Нр╕▓р╣Ар╕бр╕╖р╣Ир╕нр╕нр╕нр╕Бр╕Щр╕нр╕Бр╕Ър╣Йр╕▓р╕Щ!,|fake
р╕зр╕▒р╕кр╕Фр╕╕р╕кр╣Бр╕Хр╕Щр╣Ар╕ер╕кр╕Др╕╕р╕Ур╕ар╕▓р╕Юр╣Ар╕вр╕╡р╣Ир╕вр╕б!, р╕гр╕▒р╕Бр╕йр╕▓р╕Др╕зр╕▓р╕бр╣Ар╕вр╣Зр╕Щр╕Вр╕нр╕Зр╣Ар╕Др╕гр╕╖р╣Ир╕нр╕Зр╕Фр╕╖р╣Ир╕бр╣Др╕Фр╣Йр╕Щр╕▓р╕Щ!, р╕Зр╣Ир╕▓р╕вр╕Хр╣Ир╕нр╕Бр╕▓р╕гр╕Чр╣Нр╕▓р╕Др╕зр╕▓р╕бр╕кр╕░р╕нр╕▓р╕Ф р╣Др╕бр╣Ир╕вр╕╕р╣Ир╕Зр╕вр╕▓р╕Б!, р╕Вр╕Щр╕▓р╕Фр╕Чр╕╡р╣Ир╣Ар╕лр╕бр╕▓р╕░р╕кр╕бр╕кр╣Нр╕▓р╕лр╕гр╕▒р╕Ър╕Бр╕▓р╕гр╕Фр╕╖р╣Ир╕бр╕Щр╣Йр╣Нр╕▓р╣Ар╕бр╕╖р╣Ир╕нр╕нр╕нр╕Бр╕Щр╕нр╕Бр╕Ър╣Йр╕▓р╕Щ!,|fake
р╕зр╕▒р╕кр╕Фр╕╕р╕кр╣Бр╕Хр╕Щр╣Ар╕ер╕кр╕Др╕╕р╕Ур╕ар╕▓р╕Юр╣Ар╕вр╕╡р╣Ир╕вр╕б!, р╕гр╕▒р╕Бр╕йр╕▓р╕Др╕зр╕▓р╕бр╣Ар╕вр╣Зр╕Щр╕Вр╕нр╕Зр╣Ар╕Др╕гр╕╖р╣Ир╕нр╕Зр╕Фр╕╖р╣Ир╕бр╣Др╕Фр╣Йр╕Щр╕▓р╕Щ!, р╕гр╕▒р╕Бр╕йр╕▓р╕Др╕зр╕▓р╕бр╣Ар╕вр╣Зр╕Щр╕Вр╕нр╕Зр╣Ар╕Др╕гр╕╖р╣Ир╕нр╕Зр╕Фр╕╖р╣Ир╕бр╣Др╕Фр╣Йр╕Щр╕▓р╕Щ!,|fake
р╕зр╕▒р╕кр╕Фр╕╕р╕кр╣Бр╕Хр╕Щр╣Ар╕ер╕кр╕Др╕╕р╕Ур╕ар╕▓р╕Юр╣Ар╕вр╕╡р╣Ир╕вр╕б!, р╕гр╕▒р╕Бр╕йр╕▓р╕Др╕зр╕▓р╕бр╣Ар╕вр╣Зр╕Щр╕Вр╕нр╕Зр╣Ар╕Др╕гр╕╖р╣Ир╕нр╕Зр╕Фр╕╖р╣Ир╕бр╣Др╕Фр╣Йр╕Щр╕▓р╕Щ!, р╕гр╕▒р╕Бр╕кр╣Др╕Хр╕ер╣Мр╕нр╕нр╕Бр╣Бр╕Ър╕Ър╕Чр╕╡р╣Ир╕Фр╕╣р╕Фр╕╡!, р╕Др╕зр╕▓р╕бр╕гр╣Йр╕нр╕Щр╣Бр╕ер╕░р╕Др╕зр╕▓р╕бр╣Ар╕вр╣Зр╕Щр╕Чр╣Нр╕▓р╕Зр╕▓р╕Щр╣Др╕Фр╣Йр╕нр╕вр╣Ир╕▓р╕Зр╕Фр╕╡!,|fake
р╕зр╕▒р╕кр╕Фр╕╕р╕кр╣Бр╕Хр╕Щр╣Ар╕ер╕кр╕Др╕╕р╕Ур╕ар╕▓р╕Юр╣Ар╕вр╕╡р╣Ир╕вр╕б!, р╕гр╕▒р╕Бр╕йр╕▓р╕Др╕зр╕▓р╕бр╣Ар╕вр╣Зр╕Щр╕Вр╕нр╕Зр╣Ар╕Др╕гр╕╖р╣Ир╕нр╕Зр╕Фр╕╖р╣Ир╕бр╣Др╕Фр╣Йр╕Щр╕▓р╕Щ!, р╕лр╕ер╕нр╕Фр╕Фр╕╖р╣Ир╕бр╣Ар╕Ыр╣Зр╕Щр╕кр╕┤р╣Ир╕Зр╕Чр╕╡р╣Ир╕Фр╕╡р╣Ар╕Юр╕┤р╣Ир╕бр╣Ар╕Хр╕┤р╕б!, р╕Др╕зр╕▓р╕бр╕гр╣Йр╕нр╕Щр╣Бр╕ер╕░р╕Др╕зр╕▓р╕бр╣Ар╕вр╣Зр╕Щр╕Чр╣Нр╕▓р╕Зр╕▓р╕Щр╣Др╕Фр╣Йр╕нр╕вр╣Ир╕▓р╕Зр╕Фр╕╡!, р╕кр╕гр╣Йр╕▓р╕Зр╕Фр╣Йр╕зр╕вр╕зр╕▒р╕кр╕Фр╕╕р╕Др╕╕р╕Ур╕ар╕▓р╕Юр╕кр╕╣р╕Зр╣Бр╕ер╕░р╕Чр╕Щр╕Чр╕▓р╕Щ!, р╕Др╕зр╕▓р╕бр╕гр╣Йр╕нр╕Щр╣Бр╕ер╕░р╕Др╕зр╕▓р╕бр╣Ар╕вр╣Зр╕Щр╕Чр╣Нр╕▓р╕Зр╕▓р╕Щр╣Др╕Фр╣Йр╕нр╕вр╣Ир╕▓р╕Зр╕Фр╕╡!, р╕Вр╕Щр╕▓р╕Фр╕Чр╕╡р╣Ир╣Ар╕лр╕бр╕▓р╕░р╕кр╕бр╕кр╣Нр╕▓р╕лр╕гр╕▒р╕Ър╕Бр╕▓р╕гр╕Фр╕╖р╣Ир╕бр╕Щр╣Йр╣Нр╕▓р╣Ар╕бр╕╖р╣Ир╕нр╕нр╕нр╕Бр╕Щр╕нр╕Бр╕Ър╣Йр╕▓р╕Щ!, р╕Зр╣Ир╕▓р╕вр╕Хр╣Ир╕нр╕Бр╕▓р╕гр╕Чр╣Нр╕▓р╕Др╕зр╕▓р╕бр╕кр╕░р╕нр╕▓р╕Ф р╣Др╕бр╣Ир╕вр╕╕р╣Ир╕Зр╕вр╕▓р╕Б!, р╕Др╕╕р╕Ур╕кр╕бр╕Ър╕▒р╕Хр╕┤р╕Бр╕▓р╕гр╕ер╣Зр╕нр╕Др╕Чр╕╡р╣Ир╕кр╕░р╕Фр╕зр╕Бр╕бр╕▓р╕Б!,|fake
р╕зр╕▒р╕кр╕Фр╕╕р╕кр╣Бр╕Хр╕Щр╣Ар╕ер╕кр╕Др╕╕р╕Ур╕ар╕▓р╕Юр╣Ар╕вр╕╡р╣Ир╕вр╕б!, р╕зр╕▒р╕кр╕Фр╕╕р╕кр╣Бр╕Хр╕Щр╣Ар╕ер╕кр╕Др╕╕р╕Ур╕ар╕▓р╕Юр╣Ар╕вр╕╡р╣Ир╕вр╕б!, р╕зр╕▒р╕кр╕Фр╕╕р╕кр╣Бр╕Хр╕Щр╣Ар╕ер╕кр╕Др╕╕р╕Ур╕ар╕▓р╕Юр╣Ар╕вр╕╡р╣Ир╕вр╕б!, р╕зр╕▒р╕кр╕Фр╕╕р╕кр╣Бр╕Хр╕Щр╣Ар╕ер╕кр╕Др╕╕р╕Ур╕ар╕▓р╕Юр╣Ар╕вр╕╡р╣Ир╕вр╕б!,|fake
р╕зр╕▒р╕кр╕Фр╕╕р╕кр╣Бр╕Хр╕Щр╣Ар╕ер╕кр╕Др╕╕р╕Ур╕ар╕▓р╕Юр╣Ар╕вр╕╡р╣Ир╕вр╕б!, р╕кр╕гр╣Йр╕▓р╕Зр╕Фр╣Йр╕зр╕вр╕зр╕▒р╕кр╕Фр╕╕р╕Др╕╕р╕Ур╕ар╕▓р╕Юр╕кр╕╣р╕Зр╣Бр╕ер╕░р╕Чр╕Щр╕Чр╕▓р╕Щ!, р╕Вр╕Щр╕▓р╕Фр╕Чр╕╡р╣Ир╣Ар╕лр╕бр╕▓р╕░р╕кр╕бр╕кр╣Нр╕▓р╕лр╕гр╕▒р╕Ър╕Бр╕▓р╕гр╕Фр╕╖р╣Ир╕бр╕Щр╣Йр╣Нр╕▓р╣Ар╕бр╕╖р╣Ир╕нр╕нр╕нр╕Бр╕Щр╕нр╕Бр╕Ър╣Йр╕▓р╕Щ!, р╕Др╕╕р╕Ур╕кр╕бр╕Ър╕▒р╕Хр╕┤р╕Бр╕▓р╕гр╕ер╣Зр╕нр╕Др╕Чр╕╡р╣Ир╕кр╕░р╕Фр╕зр╕Бр╕бр╕▓р╕Б!,|fake
р╕зр╕▒р╕кр╕Фр╕╕р╕кр╣Бр╕Хр╕Щр╣Ар╕ер╕кр╕Др╕╕р╕Ур╕ар╕▓р╕Юр╣Ар╕вр╕╡р╣Ир╕вр╕б!, р╕кр╕гр╣Йр╕▓р╕Зр╕Фр╣Йр╕зр╕вр╕зр╕▒р╕кр╕Фр╕╕р╕Др╕╕р╕Ур╕ар╕▓р╕Юр╕кр╕╣р╕Зр╣Бр╕ер╕░р╕Чр╕Щр╕Чр╕▓р╕Щ!, р╕Вр╕Щр╕▓р╕Фр╕Чр╕╡р╣Ир╣Ар╕лр╕бр╕▓р╕░р╕кр╕бр╕кр╣Нр╕▓р╕лр╕гр╕▒р╕Ър╕Бр╕▓р╕гр╕Фр╕╖р╣Ир╕бр╕Щр╣Йр╣Нр╕▓р╣Ар╕бр╕╖р╣Ир╕нр╕нр╕нр╕Бр╕Щр╕нр╕Бр╕Ър╣Йр╕▓р╕Щ!, р╕гр╕▒р╕Бр╕кр╣Др╕Хр╕ер╣Мр╕нр╕нр╕Бр╣Бр╕Ър╕Ър╕Чр╕╡р╣Ир╕Фр╕╣р╕Фр╕╡!,|fake
р╕зр╕▒р╕кр╕Фр╕╕р╕кр╣Бр╕Хр╕Щр╣Ар╕ер╕кр╕Др╕╕р╕Ур╕ар╕▓р╕Юр╣Ар╕вр╕╡р╣Ир╕вр╕б!, р╕кр╕гр╣Йр╕▓р╕Зр╕Фр╣Йр╕зр╕вр╕зр╕▒р╕кр╕Фр╕╕р╕Др╕╕р╕Ур╕ар╕▓р╕Юр╕кр╕╣р╕Зр╣Бр╕ер╕░р╕Чр╕Щр╕Чр╕▓р╕Щ!, р╕Др╕зр╕▓р╕бр╕гр╣Йр╕нр╕Щр╣Бр╕ер╕░р╕Др╕зр╕▓р╕бр╣Ар╕вр╣Зр╕Щр╕Чр╣Нр╕▓р╕Зр╕▓р╕Щр╣Др╕Фр╣Йр╕нр╕вр╣Ир╕▓р╕Зр╕Фр╕╡!, р╕Др╕╕р╕Ур╕кр╕бр╕Ър╕▒р╕Хр╕┤р╕Бр╕▓р╕гр╕ер╣Зр╕нр╕Др╕Чр╕╡р╣Ир╕кр╕░р╕Фр╕зр╕Бр╕бр╕▓р╕Б!,|fake
р╕зр╕▒р╕кр╕Фр╕╕р╕кр╣Бр╕Хр╕Щр╣Ар╕ер╕кр╕Др╕╕р╕Ур╕ар╕▓р╕Юр╣Ар╕вр╕╡р╣Ир╕вр╕б!, р╕кр╕гр╣Йр╕▓р╕Зр╕Фр╣Йр╕зр╕вр╕зр╕▒р╕кр╕Фр╕╕р╕Др╕╕р╕Ур╕ар╕▓р╕Юр╕кр╕╣р╕Зр╣Бр╕ер╕░р╕Чр╕Щр╕Чр╕▓р╕Щ!, р╕Др╕зр╕▓р╕бр╕гр╣Йр╕нр╕Щр╣Бр╕ер╕░р╕Др╕зр╕▓р╕бр╣Ар╕вр╣Зр╕Щр╕Чр╣Нр╕▓р╕Зр╕▓р╕Щр╣Др╕Фр╣Йр╕нр╕вр╣Ир╕▓р╕Зр╕Фр╕╡!, р╕Др╕╕р╕Ур╕кр╕бр╕Ър╕▒р╕Хр╕┤р╕Бр╕▓р╕гр╕ер╣Зр╕нр╕Др╕Чр╕╡р╣Ир╕кр╕░р╕Фр╕зр╕Бр╕бр╕▓р╕Б!,124:124-blue1300ml.2|fake
р╕зр╕▒р╕кр╕Фр╕╕р╕кр╣Бр╕Хр╕Щр╣Ар╕ер╕кр╕Др╕╕р╕Ур╕ар╕▓р╕Юр╣Ар╕вр╕╡р╣Ир╕вр╕б!, р╕кр╕гр╣Йр╕▓р╕Зр╕Фр╣Йр╕зр╕вр╕зр╕▒р╕кр╕Фр╕╕р╕Др╕╕р╕Ур╕ар╕▓р╕Юр╕кр╕╣р╕Зр╣Бр╕ер╕░р╕Чр╕Щр╕Чр╕▓р╕Щ!, р╕Др╕╕р╕Ур╕кр╕бр╕Ър╕▒р╕Хр╕┤р╕Бр╕▓р╕гр╕ер╣Зр╕нр╕Др╕Чр╕╡р╣Ир╕кр╕░р╕Фр╕зр╕Бр╕бр╕▓р╕Б!, р╕Вр╕Щр╕▓р╕Фр╕Чр╕╡р╣Ир╣Ар╕лр╕бр╕▓р╕░р╕кр╕бр╕кр╣Нр╕▓р╕лр╕гр╕▒р╕Ър╕Бр╕▓р╕гр╕Фр╕╖р╣Ир╕бр╕Щр╣Йр╣Нр╕▓р╣Ар╕бр╕╖р╣Ир╕нр╕нр╕нр╕Бр╕Щр╕нр╕Бр╕Ър╣Йр╕▓р╕Щ!,|fake
р╕зр╕▒р╕кр╕Фр╕╕р╕кр╣Бр╕Хр╕Щр╣Ар╕ер╕кр╕Др╕╕р╕Ур╕ар╕▓р╕Юр╣Ар╕вр╕╡р╣Ир╕вр╕б!, р╕лр╕ер╕нр╕Фр╕Фр╕╖р╣Ир╕бр╣Ар╕Ыр╣Зр╕Щр╕кр╕┤р╣Ир╕Зр╕Чр╕╡р╣Ир╕Фр╕╡р╣Ар╕Юр╕┤р╣Ир╕бр╣Ар╕Хр╕┤р╕б!, р╕Вр╕Щр╕▓р╕Фр╕Чр╕╡р╣Ир╣Ар╕лр╕бр╕▓р╕░р╕кр╕бр╕кр╣Нр╕▓р╕лр╕гр╕▒р╕Ър╕Бр╕▓р╕гр╕Фр╕╖р╣Ир╕бр╕Щр╣Йр╣Нр╕▓р╣Ар╕бр╕╖р╣Ир╕нр╕нр╕нр╕Бр╕Щр╕нр╕Бр╕Ър╣Йр╕▓р╕Щ!, р╕Др╕╕р╕Ур╕кр╕бр╕Ър╕▒р╕Хр╕┤р╕Бр╕▓р╕гр╕ер╣Зр╕нр╕Др╕Чр╕╡р╣Ир╕кр╕░р╕Фр╕зр╕Бр╕бр╕▓р╕Б!,|fake
р╕зр╕▒р╕кр╕Фр╕╕р╕кр╣Бр╕Хр╕Щр╣Ар╕ер╕кр╕Др╕╕р╕Ур╕ар╕▓р╕Юр╣Ар╕вр╕╡р╣Ир╕вр╕б!, р╕лр╕ер╕нр╕Фр╕Фр╕╖р╣Ир╕бр╣Ар╕Ыр╣Зр╕Щр╕кр╕┤р╣Ир╕Зр╕Чр╕╡р╣Ир╕Фр╕╡р╣Ар╕Юр╕┤р╣Ир╕бр╣Ар╕Хр╕┤р╕б!, р╕Др╕╕р╕Ур╕кр╕бр╕Ър╕▒р╕Хр╕┤р╕Бр╕▓р╕гр╕ер╣Зр╕нр╕Др╕Чр╕╡р╣Ир╕кр╕░р╕Фр╕зр╕Бр╕бр╕▓р╕Б!, р╕кр╕гр╣Йр╕▓р╕Зр╕Фр╣Йр╕зр╕вр╕зр╕▒р╕кр╕Фр╕╕р╕Др╕╕р╕Ур╕ар╕▓р╕Юр╕кр╕╣р╕Зр╣Бр╕ер╕░р╕Чр╕Щр╕Чр╕▓р╕Щ!,|fake
р╕зр╕▒р╕кр╕Фр╕╕р╕кр╣Бр╕Хр╕Щр╣Ар╕ер╕кр╕Др╕╕р╕Ур╕ар╕▓р╕Юр╣Ар╕вр╕╡р╣Ир╕вр╕б!, р╣Ар╕лр╕бр╕▓р╕░р╕кр╣Нр╕▓р╕лр╕гр╕▒р╕Ър╕Бр╕┤р╕Ир╕Бр╕гр╕гр╕бр╕Бр╕ер╕▓р╕Зр╣Бр╕Ир╣Йр╕З!, р╕Др╕╕р╕Ур╕кр╕бр╕Ър╕▒р╕Хр╕┤р╕Бр╕▓р╕гр╕ер╣Зр╕нр╕Др╕Чр╕╡р╣Ир╕кр╕░р╕Фр╕зр╕Бр╕бр╕▓р╕Б!, р╕гр╕▒р╕Бр╕йр╕▓р╕Др╕зр╕▓р╕бр╣Ар╕вр╣Зр╕Щр╕Вр╕нр╕Зр╣Ар╕Др╕гр╕╖р╣Ир╕нр╕Зр╕Фр╕╖р╣Ир╕бр╣Др╕Фр╣Йр╕Щр╕▓р╕Щ!, р╕Зр╣Ир╕▓р╕вр╕Хр╣Ир╕нр╕Бр╕▓р╕гр╕Чр╣Нр╕▓р╕Др╕зр╕▓р╕бр╕кр╕░р╕нр╕▓р╕Ф р╣Др╕бр╣Ир╕вр╕╕р╣Ир╕Зр╕вр╕▓р╕Б!, р╕гр╕▒р╕Бр╕кр╣Др╕Хр╕ер╣Мр╕нр╕нр╕Бр╣Бр╕Ър╕Ър╕Чр╕╡р╣Ир╕Фр╕╣р╕Фр╕╡!, р╕Др╕зр╕▓р╕бр╕гр╣Йр╕нр╕Щр╣Бр╕ер╕░р╕Др╕зр╕▓р╕бр╣Ар╕вр╣Зр╕Щр╕Чр╣Нр╕▓р╕Зр╕▓р╕Щр╣Др╕Фр╣Йр╕нр╕вр╣Ир╕▓р╕Зр╕Фр╕╡!, р╕кр╕гр╣Йр╕▓р╕Зр╕Фр╣Йр╕зр╕вр╕зр╕▒р╕кр╕Фр╕╕р╕Др╕╕р╕Ур╕ар╕▓р╕Юр╕кр╕╣р╕Зр╣Бр╕ер╕░р╕Чр╕Щр╕Чр╕▓р╕Щ!,|fake
р╕кр╣Ир╕Зр╕Вр╕нр╕Зр╣Гр╕лр╣Йр╣Др╕бр╣Ир╕кр╕бр╕Ър╕╣р╕гр╕Ур╣М р╣Др╕Фр╣Йр╕лр╕ер╕нр╕Фр╕бр╕▓р╣Др╕бр╣Ир╕бр╕╡р╕лр╕▒р╕зр╕Фр╕╣р╕Ф р╣Др╕бр╣Ир╕бр╕╡р╕вр╕▓р╕Зр╕ер╕нр╕Зр╕Фр╣Йр╕▓р╕Щр╕ер╣Ир╕▓р╕З р╣Бр╕ер╣Йр╕зр╕лр╕ер╕нр╕Фр╕бр╕▒р╕Щр╕Ир╕░р╕Фр╕╣р╕Фр╕вр╕▒р╕Зр╕Зр╕▒р╕в р╕кр╣Ир╕Зр╕бр╕▓р╕Бр╣Йр╣Др╕бр╣Ир╣Гр╕кр╣Ир╕Бр╕ер╣Ир╕нр╕З р╕лр╣Ир╕нр╣Бр╕Др╣Ир╕Бр╕▒р╕Щр╕Бр╕гр╕░р╣Бр╕Чр╕Бр╣Бр╕ер╣Йр╕зр╕Бр╣Йр╣Гр╕кр╣Ир╕Лр╕нр╕Зр╕бр╕▓ р╣Бр╕Кр╕Фр╣Др╕Ыр╕лр╕▓р╕гр╣Йр╕▓р╕Щр╕Др╣Ир╕▓р╕Бр╣Йр╕Хр╕нр╕Ър╣Др╕бр╣Ир╕Фр╕╡р╣Вр╕Чр╕Фр╣Бр╕Хр╣Ир╣Вр╕гр╕Зр╕Зр╕▓р╕Щ р╕бр╕╡р╕лр╕Щр╣Йр╕▓р╕бр╕▓р╕Ър╕нр╕Бр╣Вр╕гр╕Зр╕Зр╕▓р╕Щр╕кр╣Ир╕Зр╣Бр╕Ър╕Ър╕Щр╕╡р╣Йр╕Чр╕╕р╕Бр╕лр╕ер╕нр╕Ф р╕Юр╕╣р╕Фр╣Др╕Фр╣Йр╕Зр╕▒р╕в|fake
р╕кр╕гр╣Йр╕▓р╕Зр╕Фр╣Йр╕зр╕вр╕зр╕▒р╕кр╕Фр╕╕р╕Др╕╕р╕Ур╕ар╕▓р╕Юр╕кр╕╣р╕Зр╣Бр╕ер╕░р╕Чр╕Щр╕Чр╕▓р╕Щ!, р╕Вр╕Щр╕▓р╕Фр╕Чр╕╡р╣Ир╣Ар╕лр╕бр╕▓р╕░р╕кр╕бр╕кр╣Нр╕▓р╕лр╕гр╕▒р╕Ър╕Бр╕▓р╕гр╕Фр╕╖р╣Ир╕бр╕Щр╣Йр╣Нр╕▓р╣Ар╕бр╕╖р╣Ир╕нр╕нр╕нр╕Бр╕Щр╕нр╕Бр╕Ър╣Йр╕▓р╕Щ!, р╕Др╕зр╕▓р╕бр╕гр╣Йр╕нр╕Щр╣Бр╕ер╕░р╕Др╕зр╕▓р╕бр╣Ар╕вр╣Зр╕Щр╕Чр╣Нр╕▓р╕Зр╕▓р╕Щр╣Др╕Фр╣Йр╕нр╕вр╣Ир╕▓р╕Зр╕Фр╕╡!,|fake
р╕кр╕гр╣Йр╕▓р╕Зр╕Фр╣Йр╕зр╕вр╕зр╕▒р╕кр╕Фр╕╕р╕Др╕╕р╕Ур╕ар╕▓р╕Юр╕кр╕╣р╕Зр╣Бр╕ер╕░р╕Чр╕Щр╕Чр╕▓р╕Щ!, р╕Вр╕Щр╕▓р╕Фр╕Чр╕╡р╣Ир╣Ар╕лр╕бр╕▓р╕░р╕кр╕бр╕кр╣Нр╕▓р╕лр╕гр╕▒р╕Ър╕Бр╕▓р╕гр╕Фр╕╖р╣Ир╕бр╕Щр╣Йр╣Нр╕▓р╣Ар╕бр╕╖р╣Ир╕нр╕нр╕нр╕Бр╕Щр╕нр╕Бр╕Ър╣Йр╕▓р╕Щ!, р╕лр╕ер╕нр╕Фр╕Фр╕╖р╣Ир╕бр╣Ар╕Ыр╣Зр╕Щр╕кр╕┤р╣Ир╕Зр╕Чр╕╡р╣Ир╕Фр╕╡р╣Ар╕Юр╕┤р╣Ир╕бр╣Ар╕Хр╕┤р╕б!, р╕Др╕зр╕▓р╕бр╕гр╣Йр╕нр╕Щр╣Бр╕ер╕░р╕Др╕зр╕▓р╕бр╣Ар╕вр╣Зр╕Щр╕Чр╣Нр╕▓р╕Зр╕▓р╕Щр╣Др╕Фр╣Йр╕нр╕вр╣Ир╕▓р╕Зр╕Фр╕╡!, р╕лр╕ер╕нр╕Фр╕Фр╕╖р╣Ир╕бр╣Ар╕Ыр╣Зр╕Щр╕кр╕┤р╣Ир╕Зр╕Чр╕╡р╣Ир╕Фр╕╡р╣Ар╕Юр╕┤р╣Ир╕бр╣Ар╕Хр╕┤р╕б!, р╕Вр╕Щр╕▓р╕Фр╕Чр╕╡р╣Ир╣Ар╕лр╕бр╕▓р╕░р╕кр╕бр╕кр╣Нр╕▓р╕лр╕гр╕▒р╕Ър╕Бр╕▓р╕гр╕Фр╕╖р╣Ир╕бр╕Щр╣Йр╣Нр╕▓р╣Ар╕бр╕╖р╣Ир╕нр╕нр╕нр╕Бр╕Щр╕нр╕Бр╕Ър╣Йр╕▓р╕Щ!, р╕кр╕гр╣Йр╕▓р╕Зр╕Фр╣Йр╕зр╕вр╕зр╕▒р╕кр╕Фр╕╕р╕Др╕╕р╕Ур╕ар╕▓р╕Юр╕кр╕╣р╕Зр╣Бр╕ер╕░р╕Чр╕Щр╕Чр╕▓р╕Щ!, р╕Вр╕Щр╕▓р╕Фр╕Чр╕╡р╣Ир╣Ар╕лр╕бр╕▓р╕░р╕кр╕бр╕кр╣Нр╕▓р╕лр╕гр╕▒р╕Ър╕Бр╕▓р╕гр╕Фр╕╖р╣Ир╕бр╕Щр╣Йр╣Нр╕▓р╣Ар╕бр╕╖р╣Ир╕нр╕нр╕нр╕Бр╕Щр╕нр╕Бр╕Ър╣Йр╕▓р╕Щ!,|fake
р╕кр╕гр╣Йр╕▓р╕Зр╕Фр╣Йр╕зр╕вр╕зр╕▒р╕кр╕Фр╕╕р╕Др╕╕р╕Ур╕ар╕▓р╕Юр╕кр╕╣р╕Зр╣Бр╕ер╕░р╕Чр╕Щр╕Чр╕▓р╕Щ!, р╕Вр╕Щр╕▓р╕Фр╕Чр╕╡р╣Ир╣Ар╕лр╕бр╕▓р╕░р╕кр╕бр╕кр╣Нр╕▓р╕лр╕гр╕▒р╕Ър╕Бр╕▓р╕гр╕Фр╕╖р╣Ир╕бр╕Щр╣Йр╣Нр╕▓р╣Ар╕бр╕╖р╣Ир╕нр╕нр╕нр╕Бр╕Щр╕нр╕Бр╕Ър╣Йр╕▓р╕Щ!, р╕лр╕ер╕нр╕Фр╕Фр╕╖р╣Ир╕бр╣Ар╕Ыр╣Зр╕Щр╕кр╕┤р╣Ир╕Зр╕Чр╕╡р╣Ир╕Фр╕╡р╣Ар╕Юр╕┤р╣Ир╕бр╣Ар╕Хр╕┤р╕б!, р╕зр╕▒р╕кр╕Фр╕╕р╕кр╣Бр╕Хр╕Щр╣Ар╕ер╕кр╕Др╕╕р╕Ур╕ар╕▓р╕Юр╣Ар╕вр╕╡р╣Ир╕вр╕б!,|fake
р╕кр╕гр╣Йр╕▓р╕Зр╕Фр╣Йр╕зр╕вр╕зр╕▒р╕кр╕Фр╕╕р╕Др╕╕р╕Ур╕ар╕▓р╕Юр╕кр╕╣р╕Зр╣Бр╕ер╕░р╕Чр╕Щр╕Чр╕▓р╕Щ!, р╕Др╕зр╕▓р╕бр╕гр╣Йр╕нр╕Щр╣Бр╕ер╕░р╕Др╕зр╕▓р╕бр╣Ар╕вр╣Зр╕Щр╕Чр╣Нр╕▓р╕Зр╕▓р╕Щр╣Др╕Фр╣Йр╕нр╕вр╣Ир╕▓р╕Зр╕Фр╕╡!, р╕гр╕▒р╕Бр╕йр╕▓р╕Др╕зр╕▓р╕бр╣Ар╕вр╣Зр╕Щр╕Вр╕нр╕Зр╣Ар╕Др╕гр╕╖р╣Ир╕нр╕Зр╕Фр╕╖р╣Ир╕бр╣Др╕Фр╣Йр╕Щр╕▓р╕Щ!,р╕Др╕╕р╕Ур╕кр╕бр╕Ър╕▒р╕Хр╕┤р╕Бр╕▓р╕гр╕ер╣Зр╕нр╕Др╕Чр╕╡р╣Ир╕кр╕░р╕Фр╕зр╕Бр╕бр╕▓р╕Б!, р╕зр╕▒р╕кр╕Фр╕╕р╕кр╣Бр╕Хр╕Щр╣Ар╕ер╕кр╕Др╕╕р╕Ур╕ар╕▓р╕Юр╣Ар╕вр╕╡р╣Ир╕вр╕б!, р╕гр╕▒р╕Бр╕йр╕▓р╕Др╕зр╕▓р╕бр╣Ар╕вр╣Зр╕Щр╕Вр╕нр╕Зр╣Ар╕Др╕гр╕╖р╣Ир╕нр╕Зр╕Фр╕╖р╣Ир╕бр╣Др╕Фр╣Йр╕Щр╕▓р╕Щ!,|fake
р╕кр╕гр╣Йр╕▓р╕Зр╕Фр╣Йр╕зр╕вр╕зр╕▒р╕кр╕Фр╕╕р╕Др╕╕р╕Ур╕ар╕▓р╕Юр╕кр╕╣р╕Зр╣Бр╕ер╕░р╕Чр╕Щр╕Чр╕▓р╕Щ!, р╕Др╕╕р╕Ур╕кр╕бр╕Ър╕▒р╕Хр╕┤р╕Бр╕▓р╕гр╕ер╣Зр╕нр╕Др╕Чр╕╡р╣Ир╕кр╕░р╕Фр╕зр╕Бр╕бр╕▓р╕Б!, р╕Вр╕Щр╕▓р╕Фр╕Чр╕╡р╣Ир╣Ар╕лр╕бр╕▓р╕░р╕кр╕бр╕кр╣Нр╕▓р╕лр╕гр╕▒р╕Ър╕Бр╕▓р╕гр╕Фр╕╖р╣Ир╕бр╕Щр╣Йр╣Нр╕▓р╣Ар╕бр╕╖р╣Ир╕нр╕нр╕нр╕Бр╕Щр╕нр╕Бр╕Ър╣Йр╕▓р╕Щ!, р╕Зр╣Ир╕▓р╕вр╕Хр╣Ир╕нр╕Бр╕▓р╕гр╕Чр╣Нр╕▓р╕Др╕зр╕▓р╕бр╕кр╕░р╕нр╕▓р╕Ф р╣Др╕бр╣Ир╕вр╕╕р╣Ир╕Зр╕вр╕▓р╕Б!,|fake
р╕кр╕гр╣Йр╕▓р╕Зр╕Фр╣Йр╕зр╕вр╕зр╕▒р╕кр╕Фр╕╕р╕Др╕╕р╕Ур╕ар╕▓р╕Юр╕кр╕╣р╕Зр╣Бр╕ер╕░р╕Чр╕Щр╕Чр╕▓р╕Щ!, р╕Др╕╕р╕Ур╕кр╕бр╕Ър╕▒р╕Хр╕┤р╕Бр╕▓р╕гр╕ер╣Зр╕нр╕Др╕Чр╕╡р╣Ир╕кр╕░р╕Фр╕зр╕Бр╕бр╕▓р╕Б!, р╕зр╕▒р╕кр╕Фр╕╕р╕кр╣Бр╕Хр╕Щр╣Ар╕ер╕кр╕Др╕╕р╕Ур╕ар╕▓р╕Юр╣Ар╕вр╕╡р╣Ир╕вр╕б!, р╕Зр╣Ир╕▓р╕вр╕Хр╣Ир╕нр╕Бр╕▓р╕гр╕Чр╣Нр╕▓р╕Др╕зр╕▓р╕бр╕кр╕░р╕нр╕▓р╕Ф р╣Др╕бр╣Ир╕вр╕╕р╣Ир╕Зр╕вр╕▓р╕Б!, р╕гр╕▒р╕Бр╕йр╕▓р╕Др╕зр╕▓р╕бр╣Ар╕вр╣Зр╕Щр╕Вр╕нр╕Зр╣Ар╕Др╕гр╕╖р╣Ир╕нр╕Зр╕Фр╕╖р╣Ир╕бр╣Др╕Фр╣Йр╕Щр╕▓р╕Щ!, р╕Вр╕Щр╕▓р╕Фр╕Чр╕╡р╣Ир╣Ар╕лр╕бр╕▓р╕░р╕кр╕бр╕кр╣Нр╕▓р╕лр╕гр╕▒р╕Ър╕Бр╕▓р╕гр╕Фр╕╖р╣Ир╕бр╕Щр╣Йр╣Нр╕▓р╣Ар╕бр╕╖р╣Ир╕нр╕нр╕нр╕Бр╕Щр╕нр╕Бр╕Ър╣Йр╕▓р╕Щ!,|fake
р╕кр╕гр╣Йр╕▓р╕Зр╕Фр╣Йр╕зр╕вр╕зр╕▒р╕кр╕Фр╕╕р╕Др╕╕р╕Ур╕ар╕▓р╕Юр╕кр╕╣р╕Зр╣Бр╕ер╕░р╕Чр╕Щр╕Чр╕▓р╕Щ!, р╕Зр╣Ир╕▓р╕вр╕Хр╣Ир╕нр╕Бр╕▓р╕гр╕Чр╣Нр╕▓р╕Др╕зр╕▓р╕бр╕кр╕░р╕нр╕▓р╕Ф р╣Др╕бр╣Ир╕вр╕╕р╣Ир╕Зр╕вр╕▓р╕Б!, р╕лр╕ер╕нр╕Фр╕Фр╕╖р╣Ир╕бр╣Ар╕Ыр╣Зр╕Щр╕кр╕┤р╣Ир╕Зр╕Чр╕╡р╣Ир╕Фр╕╡р╣Ар╕Юр╕┤р╣Ир╕бр╣Ар╕Хр╕┤р╕б!,|fake
р╕кр╕гр╣Йр╕▓р╕Зр╕Фр╣Йр╕зр╕вр╕зр╕▒р╕кр╕Фр╕╕р╕Др╕╕р╕Ур╕ар╕▓р╕Юр╕кр╕╣р╕Зр╣Бр╕ер╕░р╕Чр╕Щр╕Чр╕▓р╕Щ!, р╕Зр╣Ир╕▓р╕вр╕Хр╣Ир╕нр╕Бр╕▓р╕гр╕Чр╣Нр╕▓р╕Др╕зр╕▓р╕бр╕кр╕░р╕нр╕▓р╕Ф р╣Др╕бр╣Ир╕вр╕╕р╣Ир╕Зр╕вр╕▓р╕Б!, р╣Ар╕лр╕бр╕▓р╕░р╕кр╣Нр╕▓р╕лр╕гр╕▒р╕Ър╕Бр╕┤р╕Ир╕Бр╕гр╕гр╕бр╕Бр╕ер╕▓р╕Зр╣Бр╕Ир╣Йр╕З!, р╕гр╕▒р╕Бр╕йр╕▓р╕Др╕зр╕▓р╕бр╣Ар╕вр╣Зр╕Щр╕Вр╕нр╕Зр╣Ар╕Др╕гр╕╖р╣Ир╕нр╕Зр╕Фр╕╖р╣Ир╕бр╣Др╕Фр╣Йр╕Щр╕▓р╕Щ!,|fake
р╕кр╕гр╣Йр╕▓р╕Зр╕Фр╣Йр╕зр╕вр╕зр╕▒р╕кр╕Фр╕╕р╕Др╕╕р╕Ур╕ар╕▓р╕Юр╕кр╕╣р╕Зр╣Бр╕ер╕░р╕Чр╕Щр╕Чр╕▓р╕Щ!, р╕Зр╣Ир╕▓р╕вр╕Хр╣Ир╕нр╕Бр╕▓р╕гр╕Чр╣Нр╕▓р╕Др╕зр╕▓р╕бр╕кр╕░р╕нр╕▓р╕Ф р╣Др╕бр╣Ир╕вр╕╕р╣Ир╕Зр╕вр╕▓р╕Б!, р╣Ар╕лр╕бр╕▓р╕░р╕кр╣Нр╕▓р╕лр╕гр╕▒р╕Ър╕Бр╕┤р╕Ир╕Бр╕гр╕гр╕бр╕Бр╕ер╕▓р╕Зр╣Бр╕Ир╣Йр╕З!, р╕лр╕ер╕нр╕Фр╕Фр╕╖р╣Ир╕бр╣Ар╕Ыр╣Зр╕Щр╕кр╕┤р╣Ир╕Зр╕Чр╕╡р╣Ир╕Фр╕╡р╣Ар╕Юр╕┤р╣Ир╕бр╣Ар╕Хр╕┤р╕б!,|fake
р╕кр╕гр╣Йр╕▓р╕Зр╕Фр╣Йр╕зр╕вр╕зр╕▒р╕кр╕Фр╕╕р╕Др╕╕р╕Ур╕ар╕▓р╕Юр╕кр╕╣р╕Зр╣Бр╕ер╕░р╕Чр╕Щр╕Чр╕▓р╕Щ!, р╕бр╕▓р╕Бр╕Бр╕Бр╕Бр╕Бр╕Бр╕Бр╕Бр╕Бр╕Бр╕Бр╕Бр╕Бр╕Бр╕Бр╕Бр╕Бр╕Бр╕Бр╕Бр╕Бр╕Бр╕Бр╕Бр╕Бр╕Бр╕Бр╕Бр╕Бр╕Бр╕Бр╕Бр╕Бр╕Бр╕Бр╕Бр╕Бр╕Бр╕Бр╕Бр╕Бр╕Бр╕Бр╕Бр╕Бр╕Бр╣Ар╕лр╕бр╕▓р╕░р╕кр╣Нр╕▓р╕лр╕гр╕▒р╕Ър╕Бр╕┤р╕Ир╕Бр╕гр╕гр╕бр╕Бр╕ер╕▓р╕Зр╣Бр╕Ир╣Йр╕З!, р╣Ар╕лр╕бр╕▓р╕░р╕кр╣Нр╕▓р╕лр╕гр╕▒р╕Ър╕Бр╕┤р╕Ир╕Бр╕гр╕гр╕бр╕Бр╕ер╕▓р╕Зр╣Бр╕Ир╣Йр╕З!, р╣Ар╕лр╕бр╕▓р╕░р╕кр╣Нр╕▓р╕лр╕гр╕▒р╕Ър╕Бр╕┤р╕Ир╕Бр╕гр╕гр╕бр╕Бр╕ер╕▓р╕Зр╣Бр╕Ир╣Йр╕З!, р╣Ар╕лр╕бр╕▓р╕░р╕кр╣Нр╕▓р╕лр╕гр╕▒р╕Ър╕Бр╕┤р╕Ир╕Бр╕гр╕гр╕бр╕Бр╕ер╕▓р╕Зр╣Бр╕Ир╣Йр╕З!, р╣Ар╕лр╕бр╕▓р╕░р╕кр╣Нр╕▓р╕лр╕гр╕▒р╕Ър╕Бр╕┤р╕Ир╕Бр╕гр╕гр╕бр╕Бр╕ер╕▓р╕Зр╣Бр╕Ир╣Йр╕З!, р╣Ар╕лр╕бр╕▓р╕░р╕кр╣Нр╕▓р╕лр╕гр╕▒р╕Ър╕Бр╕┤р╕Ир╕Бр╕гр╕гр╕бр╕Бр╕ер╕▓р╕Зр╣Бр╕Ир╣Йр╕З!,|fake
р╕кр╕гр╣Йр╕▓р╕Зр╕Фр╣Йр╕зр╕вр╕зр╕▒р╕кр╕Фр╕╕р╕Др╕╕р╕Ур╕ар╕▓р╕Юр╕кр╕╣р╕Зр╣Бр╕ер╕░р╕Чр╕Щр╕Чр╕▓р╕Щ!, р╕гр╕▒р╕Бр╕йр╕▓р╕Др╕зр╕▓р╕бр╣Ар╕вр╣Зр╕Щр╕Вр╕нр╕Зр╣Ар╕Др╕гр╕╖р╣Ир╕нр╕Зр╕Фр╕╖р╣Ир╕бр╣Др╕Фр╣Йр╕Щр╕▓р╕Щ!, р╕Вр╕Щр╕▓р╕Фр╕Чр╕╡р╣Ир╣Ар╕лр╕бр╕▓р╕░р╕кр╕бр╕кр╣Нр╕▓р╕лр╕гр╕▒р╕Ър╕Бр╕▓р╕гр╕Фр╕╖р╣Ир╕бр╕Щр╣Йр╣Нр╕▓р╣Ар╕бр╕╖р╣Ир╕нр╕нр╕нр╕Бр╕Щр╕нр╕Бр╕Ър╣Йр╕▓р╕Щ!,|fake
р╕кр╕гр╣Йр╕▓р╕Зр╕Фр╣Йр╕зр╕вр╕зр╕▒р╕кр╕Фр╕╕р╕Др╕╕р╕Ур╕ар╕▓р╕Юр╕кр╕╣р╕Зр╣Бр╕ер╕░р╕Чр╕Щр╕Чр╕▓р╕Щ!, р╕гр╕▒р╕Бр╕кр╣Др╕Хр╕ер╣Мр╕нр╕нр╕Бр╣Бр╕Ър╕Ър╕Чр╕╡р╣Ир╕Фр╕╣р╕Фр╕╡!, р╕гр╕▒р╕Бр╕йр╕▓р╕Др╕зр╕▓р╕бр╣Ар╕вр╣Зр╕Щр╕Вр╕нр╕Зр╣Ар╕Др╕гр╕╖р╣Ир╕нр╕Зр╕Фр╕╖р╣Ир╕бр╣Др╕Фр╣Йр╕Щр╕▓р╕Щ!, р╕Др╕╕р╕Ур╕кр╕бр╕Ър╕▒р╕Хр╕┤р╕Бр╕▓р╕гр╕ер╣Зр╕нр╕Др╕Чр╕╡р╣Ир╕кр╕░р╕Фр╕зр╕Бр╕бр╕▓р╕Б!,|fake
р╕кр╕гр╣Йр╕▓р╕Зр╕Фр╣Йр╕зр╕вр╕зр╕▒р╕кр╕Фр╕╕р╕Др╕╕р╕Ур╕ар╕▓р╕Юр╕кр╕╣р╕Зр╣Бр╕ер╕░р╕Чр╕Щр╕Чр╕▓р╕Щ!, р╕кр╕гр╣Йр╕▓р╕Зр╕Фр╣Йр╕зр╕вр╕зр╕▒р╕кр╕Фр╕╕р╕Др╕╕р╕Ур╕ар╕▓р╕Юр╕кр╕╣р╕Зр╣Бр╕ер╕░р╕Чр╕Щр╕Чр╕▓р╕Щ!, р╕кр╕гр╣Йр╕▓р╕Зр╕Фр╣Йр╕зр╕вр╕зр╕▒р╕кр╕Фр╕╕р╕Др╕╕р╕Ур╕ар╕▓р╕Юр╕кр╕╣р╕Зр╣Бр╕ер╕░р╕Чр╕Щр╕Чр╕▓р╕Щ!, р╕кр╕гр╣Йр╕▓р╕Зр╕Фр╣Йр╕зр╕вр╕зр╕▒р╕кр╕Фр╕╕р╕Др╕╕р╕Ур╕ар╕▓р╕Юр╕кр╕╣р╕Зр╣Бр╕ер╕░р╕Чр╕Щр╕Чр╕▓р╕Щ!, р╕кр╕гр╣Йр╕▓р╕Зр╕Фр╣Йр╕зр╕вр╕зр╕▒р╕кр╕Фр╕╕р╕Др╕╕р╕Ур╕ар╕▓р╕Юр╕кр╕╣р╕Зр╣Бр╕ер╕░р╕Чр╕Щр╕Чр╕▓р╕Щ!,|fake
р╕кр╕гр╣Йр╕▓р╕Зр╕Фр╣Йр╕зр╕вр╕зр╕▒р╕кр╕Фр╕╕р╕Др╕╕р╕Ур╕ар╕▓р╕Юр╕кр╕╣р╕Зр╣Бр╕ер╕░р╕Чр╕Щр╕Чр╕▓р╕Щ!, р╕лр╕ер╕нр╕Фр╕Фр╕╖р╣Ир╕бр╣Ар╕Ыр╣Зр╕Щр╕кр╕┤р╣Ир╕Зр╕Чр╕╡р╣Ир╕Фр╕╡р╣Ар╕Юр╕┤р╣Ир╕бр╣Ар╕Хр╕┤р╕б!, р╕Др╕зр╕▓р╕бр╕гр╣Йр╕нр╕Щр╣Бр╕ер╕░р╕Др╕зр╕▓р╕бр╣Ар╕вр╣Зр╕Щр╕Чр╣Нр╕▓р╕Зр╕▓р╕Щр╣Др╕Фр╣Йр╕нр╕вр╣Ир╕▓р╕Зр╕Фр╕╡!,|fake
р╕кр╕гр╣Йр╕▓р╕Зр╕Фр╣Йр╕зр╕вр╕зр╕▒р╕кр╕Фр╕╕р╕Др╕╕р╕Ур╕ар╕▓р╕Юр╕кр╕╣р╕Зр╣Бр╕ер╕░р╕Чр╕Щр╕Чр╕▓р╕Щ!, р╕лр╕ер╕нр╕Фр╕Фр╕╖р╣Ир╕бр╣Ар╕Ыр╣Зр╕Щр╕кр╕┤р╣Ир╕Зр╕Чр╕╡р╣Ир╕Фр╕╡р╣Ар╕Юр╕┤р╣Ир╕бр╣Ар╕Хр╕┤р╕б!, р╕гр╕▒р╕Бр╕йр╕▓р╕Др╕зр╕▓р╕бр╣Ар╕вр╣Зр╕Щр╕Вр╕нр╕Зр╣Ар╕Др╕гр╕╖р╣Ир╕нр╕Зр╕Фр╕╖р╣Ир╕бр╣Др╕Фр╣Йр╕Щр╕▓р╕Щ!, р╕Вр╕Щр╕▓р╕Фр╕Чр╕╡р╣Ир╣Ар╕лр╕бр╕▓р╕░р╕кр╕бр╕кр╣Нр╕▓р╕лр╕гр╕▒р╕Ър╕Бр╕▓р╕гр╕Фр╕╖р╣Ир╕бр╕Щр╣Йр╣Нр╕▓р╣Ар╕бр╕╖р╣Ир╕нр╕нр╕нр╕Бр╕Щр╕нр╕Бр╕Ър╣Йр╕▓р╕Щ!,|fake
р╕кр╕гр╣Йр╕▓р╕Зр╕Фр╣Йр╕зр╕вр╕зр╕▒р╕кр╕Фр╕╕р╕Др╕╕р╕Ур╕ар╕▓р╕Юр╕кр╕╣р╕Зр╣Бр╕ер╕░р╕Чр╕Щр╕Чр╕▓р╕Щ!, р╕лр╕ер╕нр╕Фр╕Фр╕╖р╣Ир╕бр╣Ар╕Ыр╣Зр╕Щр╕кр╕┤р╣Ир╕Зр╕Чр╕╡р╣Ир╕Фр╕╡р╣Ар╕Юр╕┤р╣Ир╕бр╣Ар╕Хр╕┤р╕б!, р╣Ар╕лр╕бр╕▓р╕░р╕кр╣Нр╕▓р╕лр╕гр╕▒р╕Ър╕Бр╕┤р╕Ир╕Бр╕гр╕гр╕бр╕Бр╕ер╕▓р╕Зр╣Бр╕Ир╣Йр╕З!, р╕гр╕▒р╕Бр╕йр╕▓р╕Др╕зр╕▓р╕бр╣Ар╕вр╣Зр╕Щр╕Вр╕нр╕Зр╣Ар╕Др╕гр╕╖р╣Ир╕нр╕Зр╕Фр╕╖р╣Ир╕бр╣Др╕Фр╣Йр╕Щр╕▓р╕Щ!, р╕Зр╣Ир╕▓р╕вр╕Хр╣Ир╕нр╕Бр╕▓р╕гр╕Чр╣Нр╕▓р╕Др╕зр╕▓р╕бр╕кр╕░р╕нр╕▓р╕Ф р╣Др╕бр╣Ир╕вр╕╕р╣Ир╕Зр╕вр╕▓р╕Б!, р╕зр╕▒р╕кр╕Фр╕╕р╕кр╣Бр╕Хр╕Щр╣Ар╕ер╕кр╕Др╕╕р╕Ур╕ар╕▓р╕Юр╣Ар╕вр╕╡р╣Ир╕вр╕б!, р╕зр╕▒р╕кр╕Фр╕╕р╕кр╣Бр╕Хр╕Щр╣Ар╕ер╕кр╕Др╕╕р╕Ур╕ар╕▓р╕Юр╣Ар╕вр╕╡р╣Ир╕вр╕б!, р╕Вр╕Щр╕▓р╕Фр╕Чр╕╡р╣Ир╣Ар╕лр╕бр╕▓р╕░р╕кр╕бр╕кр╣Нр╕▓р╕лр╕гр╕▒р╕Ър╕Бр╕▓р╕гр╕Фр╕╖р╣Ир╕бр╕Щр╣Йр╣Нр╕▓р╣Ар╕бр╕╖р╣Ир╕нр╕нр╕нр╕Бр╕Щр╕нр╕Бр╕Ър╣Йр╕▓р╕Щ!,|fake
р╕кр╕гр╣Йр╕▓р╕Зр╕Фр╣Йр╕зр╕вр╕зр╕▒р╕кр╕Фр╕╕р╕Др╕╕р╕Ур╕ар╕▓р╕Юр╕кр╕╣р╕Зр╣Бр╕ер╕░р╕Чр╕Щр╕Чр╕▓р╕Щ!, р╣Ар╕лр╕бр╕▓р╕░р╕кр╣Нр╕▓р╕лр╕гр╕▒р╕Ър╕Бр╕┤р╕Ир╕Бр╕гр╕гр╕бр╕Бр╕ер╕▓р╕Зр╣Бр╕Ир╣Йр╕З!, р╕Вр╕Щр╕▓р╕Фр╕Чр╕╡р╣Ир╣Ар╕лр╕бр╕▓р╕░р╕кр╕бр╕кр╣Нр╕▓р╕лр╕гр╕▒р╕Ър╕Бр╕▓р╕гр╕Фр╕╖р╣Ир╕бр╕Щр╣Йр╣Нр╕▓р╣Ар╕бр╕╖р╣Ир╕нр╕нр╕нр╕Бр╕Щр╕нр╕Бр╕Ър╣Йр╕▓р╕Щ!, р╕кр╕гр╣Йр╕▓р╕Зр╕Фр╣Йр╕зр╕вр╕зр╕▒р╕кр╕Фр╕╕р╕Др╕╕р╕Ур╕ар╕▓р╕Юр╕кр╕╣р╕Зр╣Бр╕ер╕░р╕Чр╕Щр╕Чр╕▓р╕Щ!, р╕Др╕╕р╕Ур╕кр╕бр╕Ър╕▒р╕Хр╕┤р╕Бр╕▓р╕гр╕ер╣Зр╕нр╕Др╕Чр╕╡р╣Ир╕кр╕░р╕Фр╕зр╕Бр╕бр╕▓р╕Б!, р╣Ар╕лр╕бр╕▓р╕░р╕кр╣Нр╕▓р╕лр╕гр╕▒р╕Ър╕Бр╕┤р╕Ир╕Бр╕гр╕гр╕бр╕Бр╕ер╕▓р╕Зр╣Бр╕Ир╣Йр╕З!, р╕Др╕╕р╕Ур╕кр╕бр╕Ър╕▒р╕Хр╕┤р╕Бр╕▓р╕гр╕ер╣Зр╕нр╕Др╕Чр╕╡р╣Ир╕кр╕░р╕Фр╕зр╕Бр╕бр╕▓р╕Б!,|fake
р╕кр╕зр╕вр╕Зр╕▓р╕бр╕Хр╕▓р╕бр╕Чр╣Йр╕нр╕Зр╣Ар╕гр╕╖р╣Ир╕нр╕З р╣Бр╕Хр╣Ир╕кр╕Хр╕┤р╣Кр╕Бр╣Ар╕Бр╕нр╕гр╣Мр╕Бр╣Зр╕лр╕ер╕╕р╕Фр╕Зр╣Ир╕▓р╕вр╣Ар╕лр╕ер╕╖р╕нр╣Ар╕Бр╕┤р╕Щр╕зр╕▒р╕кр╕Фр╕╕р╕кр╣Бр╕Хр╕Щр╣Ар╕ер╕кр╕Др╕╕р╕Ур╕ар╕▓р╕Юр╣Ар╕вр╕╡р╣Ир╕вр╕б!, р╕Вр╕Щр╕▓р╕Фр╕Чр╕╡р╣Ир╣Ар╕лр╕бр╕▓р╕░р╕кр╕бр╕кр╣Нр╕▓р╕лр╕гр╕▒р╕Ър╕Бр╕▓р╕гр╕Фр╕╖р╣Ир╕бр╕Щр╣Йр╣Нр╕▓р╣Ар╕бр╕╖р╣Ир╕нр╕нр╕нр╕Бр╕Щр╕нр╕Бр╕Ър╣Йр╕▓р╕Щ!,|fake
р╕кр╕зр╕вр╕Фр╕╡р╣Жр╣Жр╣Ж р╕кр╕зр╕вр╕бр╕▓р╕Бр╕Бр╕Б р╕Чр╕Щр╕Чр╕▓р╕Щ р╕кр╕зр╕вр╕Фр╕╡р╣Жр╣Жр╣Ж р╕кр╕зр╕вр╕бр╕▓р╕Бр╕Бр╕Б р╕Чр╕Щр╕Чр╕▓р╕Щ р╕кр╕зр╕вр╕Фр╕╡р╣Жр╣Жр╣Ж р╕кр╕зр╕вр╕бр╕▓р╕Бр╕Бр╕Б р╕Чр╕Щр╕Чр╕▓р╕Щ р╕кр╕зр╕вр╕Фр╕╡р╣Жр╣Жр╣Ж р╕кр╕зр╕вр╕бр╕▓р╕Бр╕Бр╕Б р╕Чр╕Щр╕Чр╕▓р╕Щ р╕кр╕зр╕вр╕Фр╕╡р╣Жр╣Жр╣Ж р╕кр╕зр╕вр╕бр╕▓р╕Бр╕Бр╕Б р╕Чр╕Щр╕Чр╕▓р╕Щ р╕кр╕зр╕вр╕Фр╕╡р╣Жр╣Жр╣Ж р╕кр╕зр╕вр╕бр╕▓р╕Бр╕Бр╕Б р╕Чр╕Щр╕Чр╕▓р╕Щ р╕кр╕зр╕вр╕Фр╕╡р╣Жр╣Жр╣Ж р╕кр╕зр╕вр╕бр╕▓р╕Бр╕Бр╕Б р╕Чр╕Щр╕Чр╕▓р╕Щ р╕кр╕зр╕вр╕Фр╕╡р╣Жр╣Жр╣Ж р╕кр╕зр╕вр╕бр╕▓р╕Бр╕Бр╕Б р╕Чр╕Щр╕Чр╕▓р╕Щ р╕кр╕зр╕вр╕Фр╕╡р╣Жр╣Жр╣Ж р╕кр╕зр╕вр╕бр╕▓р╕Бр╕Бр╕Б р╕Чр╕Щр╕Чр╕▓р╕Щ р╕кр╕зр╕вр╕Фр╕╡р╣Жр╣Жр╣Ж р╕кр╕зр╕вр╕бр╕▓р╕Бр╕Бр╕Б р╕Чр╕Щр╕Чр╕▓р╕Щ р╕кр╕зр╕вр╕Фр╕╡р╣Жр╣Жр╣Ж р╕кр╕зр╕вр╕бр╕▓р╕Бр╕Бр╕Б р╕Чр╕Щр╕Чр╕▓р╕Щ р╕кр╕зр╕вр╕Фр╕╡р╣Жр╣Жр╣Ж р╕кр╕зр╕вр╕бр╕▓р╕Бр╕Бр╕Б р╕Чр╕Щр╕Чр╕▓р╕Щ р╕кр╕зр╕вр╕Фр╕╡р╣Жр╣Жр╣Ж р╕кр╕зр╕вр╕бр╕▓р╕Бр╕Бр╕Б р╕Чр╕Щр╕Чр╕▓р╕Щ р╕кр╕зр╕вр╕Фр╕╡р╣Жр╣Жр╣Ж р╕кр╕зр╕вр╕бр╕▓р╕Бр╕Бр╕Б р╕Чр╕Щр╕Чр╕▓р╕Щ р╕кр╕зр╕вр╕Фр╕╡р╣Жр╣Жр╣Ж р╕кр╕зр╕вр╕бр╕▓р╕Бр╕Бр╕Б р╕Чр╕Щр╕Чр╕▓р╕Щ р╕кр╕зр╕вр╕Фр╕╡р╣Жр╣Жр╣Ж р╕кр╕зр╕вр╕бр╕▓р╕Бр╕Бр╕Б р╕Чр╕Щр╕Чр╕▓р╕Щ р╕кр╕зр╕вр╕Фр╕╡р╣Жр╣Жр╣Ж р╕кр╕зр╕вр╕бр╕▓р╕Бр╕Бр╕Б р╕Чр╕Щр╕Чр╕▓р╕Щ р╕кр╕зр╕вр╕Фр╕╡р╣Жр╣Жр╣Ж р╕кр╕зр╕вр╕бр╕▓р╕Бр╕Бр╕Б р╕Чр╕Щр╕Чр╕▓р╕Щ|fake
р╕кр╕зр╕вр╕Цр╕╣р╕Бр╣Гр╕Ир╕бр╕▓р╕Бр╕Бр╕Бр╕Бр╕Бр╕Бр╕Бр╕Бр╕гр╕▓р╕Др╕▓р╕Цр╕╣р╕Бр╣Гр╕Ир╕Цр╕╢р╕Зр╕Ир╕░р╕кр╣Ир╕Зр╕Кр╣Йр╕▓р╣Др╕Ыр╕Щр╕┤р╕Фр╕Бр╣Зр╣Вр╕нр╣Ар╕Др╕гр╣Ар╕лр╕бр╕▓р╕░р╕кр╣Нр╕▓р╕лр╕гр╕▒р╕Ър╕Бр╕┤р╕Ир╕Бр╕гр╕гр╕бр╕Бр╕ер╕▓р╕Зр╣Бр╕Ир╣Йр╕Зр╕зр╕▒р╕кр╕Фр╕╕р╣Вр╕нр╣Ар╕Др╕гр╕кр╕гр╣Йр╕▓р╕Зр╕Фр╣Йр╕зр╕вр╕зр╕▒р╕кр╕Фр╕╕р╕Др╕╕р╕Ур╕ар╕▓р╕Юр╕кр╕╣р╕Зр╣Бр╕ер╕░р╕Чр╕Щр╕Чр╕▓р╕Щ!,р╕Вр╕Щр╕▓р╕Фр╕Чр╕╡р╣Ир╣Ар╕лр╕бр╕▓р╕░р╕кр╕бр╕кр╣Нр╕▓р╕лр╕гр╕▒р╕Ър╕Бр╕▓р╕гр╕Фр╕╖р╣Ир╕бр╕Щр╣Йр╣Нр╕▓р╣Ар╕бр╕╖р╣Ир╕нр╕нр╕нр╕Бр╕Щр╕нр╕Бр╕Ър╣Йр╕▓р╕Щ!, р╕Вр╕Щр╕▓р╕Фр╕Чр╕╡р╣Ир╣Ар╕лр╕бр╕▓р╕░р╕кр╕бр╕кр╣Нр╕▓р╕лр╕гр╕▒р╕Ър╕Бр╕▓р╕гр╕Фр╕╖р╣Ир╕бр╕Щр╣Йр╣Нр╕▓р╣Ар╕бр╕╖р╣Ир╕нр╕нр╕нр╕Бр╕Щр╕нр╕Бр╕Ър╣Йр╕▓р╕Щ!,|fake
р╕кр╕зр╕вр╕бр╕▓р╕Бр╕Др╣Ир╕░р╣Бр╕Вр╣Зр╕Зр╣Бр╕гр╕Зр╣Гр╕лр╕Нр╣Ир╕Бр╣Нр╕▓р╕ер╕▒р╕Зр╕Фр╕╡р╣Ар╕ер╕в1700р╣Ар╕лр╕бр╕▓р╕░р╕кр╕бр╕Бр╕▒р╕Ър╕Бр╕▓р╕гр╣Гр╕Кр╣Йр╕Зр╕▓р╕Щр╕бр╕▓р╕Бр╣Жр╕Вр╣Йр╕▓р╕Зр╣Гр╕Щр╕кр╣Бр╕Хр╕Щр╣Ар╕ер╕кр╕нр╕вр╣Ир╕▓р╕Зр╕Фр╕╡р╕бр╕╡р╕лр╕╣р╕Ир╕▒р╕Ър╕Чр╕╡р╣Ир╕Цр╕Щр╕▒р╕Фр╕бр╕╖р╕нр╕Цр╕╣р╕Бр╣Гр╕Ир╕Др╣Ир╕░|fake
р╕кр╕зр╕вр╕бр╕▓р╕Бр╕Др╣Ир╕░р╣Бр╕Вр╣Зр╕Зр╣Бр╕гр╕Зр╣Гр╕лр╕Нр╣Ир╕Бр╣Нр╕▓р╕ер╕▒р╕Зр╕Фр╕╡р╣Ар╕ер╕в1700р╣Ар╕лр╕бр╕▓р╕░р╕кр╕бр╕Бр╕▒р╕Ър╕Бр╕▓р╕гр╣Гр╕Кр╣Йр╕Зр╕▓р╕Щр╕бр╕▓р╕Бр╣Жр╕Вр╣Йр╕▓р╕Зр╣Гр╕Щр╕кр╣Бр╕Хр╕Щр╣Ар╕ер╕кр╕нр╕вр╣Ир╕▓р╕Зр╕Фр╕╡р╕бр╕╡р╕лр╕╣р╕Ир╕▒р╕Ър╕Чр╕╡р╣Ир╕Цр╕Щр╕▒р╕Фр╕бр╕╖р╕нр╕Цр╕╣р╕Бр╣Гр╕Ир╕Др╣Ир╕░|fake
р╕кр╕▒р╣Ир╕Зр╕кр╕╡р╣Ар╕Вр╕╡р╕вр╕зр╣Др╕Фр╣Йр╕кр╕╡р╕Вр╕▓р╕зр╣Др╕бр╣Ир╕Кр╕нр╕Ър╣Ар╕ер╕вр╣Ар╕гр╕▓р╕нр╕вр╕▓р╕Бр╣Др╕Фр╣Йр╕кр╕╡р╕Чр╕╡р╣Ир╕кр╕▒р╣Ир╕Зр╣Ар╕нр╕▓р╕Вр╕нр╕Зр╕бр╕▓р╣Ар╕Ыр╕ер╕╡р╣Ир╕вр╕Щр╣Гр╕лр╣Йр╣Ар╕гр╕▓р╣Др╕Фр╣Йр╕бр╕▒р╣Йр╕вр╕Др╣Ир╕░р╣Бр╕ер╣Йр╕зр╣Ар╕гр╕▓р╕Ир╕░р╕кр╕▒р╣Ир╕Зр╕нр╕╡р╕Бр╕Цр╣Йр╕▓р╕Др╕╕р╕Ур╕Фр╕╣р╣Бр╕ер╕ер╕╣р╕Бр╕Др╣Йр╕▓р╕Фр╕╡|fake
р╕кр╕▒р╣Ир╕Зр╕кр╕╡р╣Ар╕Вр╕╡р╕вр╕зр╣Др╕Фр╣Йр╕кр╕╡р╕Вр╕▓р╕зр╣Др╕бр╣Ир╕Кр╕нр╕Ър╣Ар╕ер╕вр╣Ар╕гр╕▓р╕нр╕вр╕▓р╕Бр╣Др╕Фр╣Йр╕кр╕╡р╕Чр╕╡р╣Ир╕кр╕▒р╣Ир╕Зр╣Ар╕нр╕▓р╕Вр╕нр╕Зр╕бр╕▓р╣Ар╕Ыр╕ер╕╡р╣Ир╕вр╕Щр╣Гр╕лр╣Йр╣Ар╕гр╕▓р╣Др╕Фр╣Йр╕бр╕▒р╣Йр╕вр╕Др╣Ир╕░р╣Бр╕ер╣Йр╕зр╣Ар╕гр╕▓р╕Ир╕░р╕кр╕▒р╣Ир╕Зр╕нр╕╡р╕Бр╕Цр╣Йр╕▓р╕Др╕╕р╕Ур╕Фр╕╣р╣Бр╕ер╕ер╕╣р╕Бр╕Др╣Йр╕▓р╕Фр╕╡|fake
р╕кр╕▒р╣Ир╕Зр╕кр╕╡р╣Бр╕Фр╕Зр╣Др╕Фр╣Йр╕кр╕╡р╣Ар╕Вр╕╡р╕вр╕зр╕Др╕╕р╕Ур╕кр╕бр╕Ър╕▒р╕Хр╕┤р╕Бр╕▓р╕гр╕ер╣Зр╕нр╕Др╕Чр╕╡р╣Ир╕кр╕░р╕Фр╕зр╕Бр╕бр╕▓р╕Б!, р╕гр╕▒р╕Бр╕йр╕▓р╕Др╕зр╕▓р╕бр╣Ар╕вр╣Зр╕Щр╕Вр╕нр╕Зр╣Ар╕Др╕гр╕╖р╣Ир╕нр╕Зр╕Фр╕╖р╣Ир╕бр╣Др╕Фр╣Йр╕Щр╕▓р╕Щ!, р╕гр╕▒р╕Бр╕кр╣Др╕Хр╕ер╣Мр╕нр╕нр╕Бр╣Бр╕Ър╕Ър╕Чр╕╡р╣Ир╕Фр╕╣р╕Фр╕╡!,|fake
р╕кр╕┤р╕Щр╕Др╣Йр╕▓р╕Фр╕╡р╕Хр╕гр╕Зр╕Ыр╕Бр╕нр╕вр╕╣р╣Ир╕Др╕зр╕▓р╕бр╣Ар╕вр╣Зр╕Щр╣Др╕Фр╣Йр╕Фр╕╡р╕бр╕▓р╕Б р╕бр╕╡р╕Вр╕Щр╕▓р╕Фр╣Гр╕лр╕Нр╣Ир╣Гр╕Кр╣Йр╕Зр╕▓р╕Щр╣Др╕Фр╣Йр╕Щр╕▓р╕Щр╕кр╕гр╣Йр╕▓р╕Зр╕Фр╣Йр╕зр╕вр╕зр╕▒р╕кр╕Фр╕╕р╕Др╕╕р╕Ур╕ар╕▓р╕Юр╕кр╕╣р╕Зр╣Бр╕ер╕░р╕Чр╕Щр╕Чр╕▓р╕Щ!, р╕Др╕╕р╕Ур╕кр╕бр╕Ър╕▒р╕Хр╕┤р╕Бр╕▓р╕гр╕ер╣Зр╕нр╕Др╕Чр╕╡р╣Ир╕кр╕░р╕Фр╕зр╕Бр╕бр╕▓р╕Б!,|fake
р╕кр╕┤р╕Щр╕Др╣Йр╕▓р╣Др╕Фр╣Йр╕гр╕▒р╕Ър╣Бр╕ер╣Йр╕зр╕Ир╕▒р╕Фр╕кр╣Ир╕Зр╣Др╕зр╣Ар╕лр╕бр╕╖р╕нр╕Щр╕Бр╕▒р╕Щр╕Хр╕гр╕Зр╕Ыр╕Бр╕кр╕гр╣Йр╕▓р╕Зр╕Фр╣Йр╕зр╕вр╕зр╕▒р╕кр╕Фр╕╕р╕Др╕╕р╕Ур╕ар╕▓р╕Юр╕кр╕╣р╕Зр╣Бр╕ер╕░р╕Чр╕Щр╕Чр╕▓р╕Щ!, р╕Вр╕Щр╕▓р╕Фр╕Чр╕╡р╣Ир╣Ар╕лр╕бр╕▓р╕░р╕кр╕бр╕кр╣Нр╕▓р╕лр╕гр╕▒р╕Ър╕Бр╕▓р╕гр╕Фр╕╖р╣Ир╕бр╕Щр╣Йр╣Нр╕▓р╣Ар╕бр╕╖р╣Ир╕нр╕нр╕нр╕Бр╕Щр╕нр╕Бр╕Ър╣Йр╕▓р╕Щ!, р╕лр╕ер╕нр╕Фр╕Фр╕╖р╣Ир╕бр╣Ар╕Ыр╣Зр╕Щр╕кр╕┤р╣Ир╕Зр╕Чр╕╡р╣Ир╕Фр╕╡р╣Ар╕Юр╕┤р╣Ир╕бр╣Ар╕Хр╕┤р╕б!, р╕гр╕▒р╕Бр╕йр╕▓р╕Др╕зр╕▓р╕бр╣Ар╕вр╣Зр╕Щр╕Вр╕нр╕Зр╣Ар╕Др╕гр╕╖р╣Ир╕нр╕Зр╕Фр╕╖р╣Ир╕бр╣Др╕Фр╣Йр╕Щр╕▓р╕Щ!, р╕Зр╣Ир╕▓р╕вр╕Хр╣Ир╕нр╕Бр╕▓р╕гр╕Чр╣Нр╕▓р╕Др╕зр╕▓р╕бр╕кр╕░р╕нр╕▓р╕Ф р╣Др╕бр╣Ир╕вр╕╕р╣Ир╕Зр╕вр╕▓р╕Б!, р╣Ар╕лр╕бр╕▓р╕░р╕кр╣Нр╕▓р╕лр╕гр╕▒р╕Ър╕Бр╕┤р╕Ир╕Бр╕гр╕гр╕бр╕Бр╕ер╕▓р╕Зр╣Бр╕Ир╣Йр╕З!, р╕кр╕╕р╕Фр╕вр╕нр╕Фр╣Ар╕ер╕вр╕Др╣Ир╕░|fake
р╕лр╕ер╕нр╕Фр╕Фр╕╖р╣Ир╕бр╣Ар╕Ыр╣Зр╕Щр╕кр╕┤р╣Ир╕Зр╕Чр╕╡р╣Ир╕Фр╕╡р╣Ар╕Юр╕┤р╣Ир╕бр╣Ар╕Хр╕┤р╕б!, р╕Зр╣Ир╕▓р╕вр╕Хр╣Ир╕нр╕Бр╕▓р╕гр╕Чр╣Нр╕▓р╕Др╕зр╕▓р╕бр╕кр╕░р╕нр╕▓р╕Ф р╣Др╕бр╣Ир╕вр╕╕р╣Ир╕Зр╕вр╕▓р╕Б!, р╕Вр╕Щр╕▓р╕Фр╕Чр╕╡р╣Ир╣Ар╕лр╕бр╕▓р╕░р╕кр╕бр╕кр╣Нр╕▓р╕лр╕гр╕▒р╕Ър╕Бр╕▓р╕гр╕Фр╕╖р╣Ир╕бр╕Щр╣Йр╣Нр╕▓р╣Ар╕бр╕╖р╣Ир╕нр╕нр╕нр╕Бр╕Щр╕нр╕Бр╕Ър╣Йр╕▓р╕Щ!, р╕Др╕╕р╕Ур╕кр╕бр╕Ър╕▒р╕Хр╕┤р╕Бр╕▓р╕гр╕ер╣Зр╕нр╕Др╕Чр╕╡р╣Ир╕кр╕░р╕Фр╕зр╕Бр╕бр╕▓р╕Б!,|fake
р╕лр╕ер╕нр╕Фр╕Фр╕╖р╣Ир╕бр╣Ар╕Ыр╣Зр╕Щр╕кр╕┤р╣Ир╕Зр╕Чр╕╡р╣Ир╕Фр╕╡р╣Ар╕Юр╕┤р╣Ир╕бр╣Ар╕Хр╕┤р╕б!, р╕гр╕▒р╕Бр╕йр╕▓р╕Др╕зр╕▓р╕бр╣Ар╕вр╣Зр╕Щр╕Вр╕нр╕Зр╣Ар╕Др╕гр╕╖р╣Ир╕нр╕Зр╕Фр╕╖р╣Ир╕бр╣Др╕Фр╣Йр╕Щр╕▓р╕Щ!, р╕Др╕╕р╕Ур╕кр╕бр╕Ър╕▒р╕Хр╕┤р╕Бр╕▓р╕гр╕ер╣Зр╕нр╕Др╕Чр╕╡р╣Ир╕кр╕░р╕Фр╕зр╕Бр╕бр╕▓р╕Б!, р╕гр╕▒р╕Бр╕кр╣Др╕Хр╕ер╣Мр╕нр╕нр╕Бр╣Бр╕Ър╕Ър╕Чр╕╡р╣Ир╕Фр╕╣р╕Фр╕╡!,|fake
р╕лр╕ер╕нр╕Фр╕Фр╕╖р╣Ир╕бр╣Ар╕Ыр╣Зр╕Щр╕кр╕┤р╣Ир╕Зр╕Чр╕╡р╣Ир╕Фр╕╡р╣Ар╕Юр╕┤р╣Ир╕бр╣Ар╕Хр╕┤р╕б!, р╕гр╕▒р╕Бр╕йр╕▓р╕Др╕зр╕▓р╕бр╣Ар╕вр╣Зр╕Щр╕Вр╕нр╕Зр╣Ар╕Др╕гр╕╖р╣Ир╕нр╕Зр╕Фр╕╖р╣Ир╕бр╣Др╕Фр╣Йр╕Щр╕▓р╕Щ!, р╕Др╕╕р╕Ур╕кр╕бр╕Ър╕▒р╕Хр╕┤р╕Бр╕▓р╕гр╕ер╣Зр╕нр╕Др╕Чр╕╡р╣Ир╕кр╕░р╕Фр╕зр╕Бр╕бр╕▓р╕Б!, р╣Ар╕лр╕бр╕▓р╕░р╕кр╣Нр╕▓р╕лр╕гр╕▒р╕Ър╕Бр╕┤р╕Ир╕Бр╕гр╕гр╕бр╕Бр╕ер╕▓р╕Зр╣Бр╕Ир╣Йр╕З!, р╕Вр╕Щр╕▓р╕Фр╕Чр╕╡р╣Ир╣Ар╕лр╕бр╕▓р╕░р╕кр╕бр╕кр╣Нр╕▓р╕лр╕гр╕▒р╕Ър╕Бр╕▓р╕гр╕Фр╕╖р╣Ир╕бр╕Щр╣Йр╣Нр╕▓р╣Ар╕бр╕╖р╣Ир╕нр╕нр╕нр╕Бр╕Щр╕нр╕Бр╕Ър╣Йр╕▓р╕Щ!, р╕Др╕зр╕▓р╕бр╕гр╣Йр╕нр╕Щр╣Бр╕ер╕░р╕Др╕зр╕▓р╕бр╣Ар╕вр╣Зр╕Щр╕Чр╣Нр╕▓р╕Зр╕▓р╕Щр╣Др╕Фр╣Йр╕нр╕вр╣Ир╕▓р╕Зр╕Фр╕╡!, р╕гр╕▒р╕Бр╕кр╣Др╕Хр╕ер╣Мр╕нр╕нр╕Бр╣Бр╕Ър╕Ър╕Чр╕╡р╣Ир╕Фр╕╣р╕Фр╕╡!, р╕кр╕гр╣Йр╕▓р╕Зр╕Фр╣Йр╕зр╕вр╕зр╕▒р╕кр╕Фр╕╕р╕Др╕╕р╕Ур╕ар╕▓р╕Юр╕кр╕╣р╕Зр╣Бр╕ер╕░р╕Чр╕Щр╕Чр╕▓р╕Щ!,|fake
р╕лр╕ер╕нр╕Фр╕Фр╕╖р╣Ир╕бр╣Ар╕Ыр╣Зр╕Щр╕кр╕┤р╣Ир╕Зр╕Чр╕╡р╣Ир╕Фр╕╡р╣Ар╕Юр╕┤р╣Ир╕бр╣Ар╕Хр╕┤р╕б!, р╕гр╕▒р╕Бр╕йр╕▓р╕Др╕зр╕▓р╕бр╣Ар╕вр╣Зр╕Щр╕Вр╕нр╕Зр╣Ар╕Др╕гр╕╖р╣Ир╕нр╕Зр╕Фр╕╖р╣Ир╕бр╣Др╕Фр╣Йр╕Щр╕▓р╕Щ!, р╕гр╕▒р╕Бр╕йр╕▓р╕Др╕зр╕▓р╕бр╣Ар╕вр╣Зр╕Щр╕Вр╕нр╕Зр╣Ар╕Др╕гр╕╖р╣Ир╕нр╕Зр╕Фр╕╖р╣Ир╕бр╣Др╕Фр╣Йр╕Щр╕▓р╕Щ!, р╕Др╕╕р╕Ур╕кр╕бр╕Ър╕▒р╕Хр╕┤р╕Бр╕▓р╕гр╕ер╣Зр╕нр╕Др╕Чр╕╡р╣Ир╕кр╕░р╕Фр╕зр╕Бр╕бр╕▓р╕Б!, р╕гр╕▒р╕Бр╕кр╣Др╕Хр╕ер╣Мр╕нр╕нр╕Бр╣Бр╕Ър╕Ър╕Чр╕╡р╣Ир╕Фр╕╣р╕Фр╕╡!,|fake
р╕лр╕ер╕нр╕Фр╕Фр╕╖р╣Ир╕бр╣Ар╕Ыр╣Зр╕Щр╕кр╕┤р╣Ир╕Зр╕Чр╕╡р╣Ир╕Фр╕╡р╣Ар╕Юр╕┤р╣Ир╕бр╣Ар╕Хр╕┤р╕б!, р╕гр╕▒р╕Бр╕кр╣Др╕Хр╕ер╣Мр╕нр╕нр╕Бр╣Бр╕Ър╕Ър╕Чр╕╡р╣Ир╕Фр╕╣р╕Фр╕╡!, р╕Др╕╕р╕Ур╕кр╕бр╕Ър╕▒р╕Хр╕┤р╕Бр╕▓р╕гр╕ер╣Зр╕нр╕Др╕Чр╕╡р╣Ир╕кр╕░р╕Фр╕зр╕Бр╕бр╕▓р╕Б!, р╣Ар╕лр╕бр╕▓р╕░р╕кр╣Нр╕▓р╕лр╕гр╕▒р╕Ър╕Бр╕┤р╕Ир╕Бр╕гр╕гр╕бр╕Бр╕ер╕▓р╕Зр╣Бр╕Ир╣Йр╕З!, р╕лр╕ер╕нр╕Фр╕Фр╕╖р╣Ир╕бр╣Ар╕Ыр╣Зр╕Щр╕кр╕┤р╣Ир╕Зр╕Чр╕╡р╣Ир╕Фр╕╡р╣Ар╕Юр╕┤р╣Ир╕бр╣Ар╕Хр╕┤р╕б!,|fake
р╕лр╕ер╕нр╕Фр╕Фр╕╖р╣Ир╕бр╣Ар╕Ыр╣Зр╕Щр╕кр╕┤р╣Ир╕Зр╕Чр╕╡р╣Ир╕Фр╕╡р╣Ар╕Юр╕┤р╣Ир╕бр╣Ар╕Хр╕┤р╕б!, р╕зр╕▒р╕кр╕Фр╕╕р╕кр╣Бр╕Хр╕Щр╣Ар╕ер╕кр╕Др╕╕р╕Ур╕ар╕▓р╕Юр╣Ар╕вр╕╡р╣Ир╕вр╕б!, р╕Вр╕Щр╕▓р╕Фр╕Чр╕╡р╣Ир╣Ар╕лр╕бр╕▓р╕░р╕кр╕бр╕кр╣Нр╕▓р╕лр╕гр╕▒р╕Ър╕Бр╕▓р╕гр╕Фр╕╖р╣Ир╕бр╕Щр╣Йр╣Нр╕▓р╣Ар╕бр╕╖р╣Ир╕нр╕нр╕нр╕Бр╕Щр╕нр╕Бр╕Ър╣Йр╕▓р╕Щ!, р╕Др╕╕р╕Ур╕кр╕бр╕Ър╕▒р╕Хр╕┤р╕Бр╕▓р╕гр╕ер╣Зр╕нр╕Др╕Чр╕╡р╣Ир╕кр╕░р╕Фр╕зр╕Бр╕бр╕▓р╕Б!,|fake
р╕лр╕ер╕нр╕Фр╕Фр╕╖р╣Ир╕бр╣Ар╕Ыр╣Зр╕Щр╕кр╕┤р╣Ир╕Зр╕Чр╕╡р╣Ир╕Фр╕╡р╣Ар╕Юр╕┤р╣Ир╕бр╣Ар╕Хр╕┤р╕б!, р╕лр╕ер╕нр╕Фр╕Фр╕╖р╣Ир╕бр╣Ар╕Ыр╣Зр╕Щр╕кр╕┤р╣Ир╕Зр╕Чр╕╡р╣Ир╕Фр╕╡р╣Ар╕Юр╕┤р╣Ир╕бр╣Ар╕Хр╕┤р╕б!, р╕лр╕ер╕нр╕Фр╕Фр╕╖р╣Ир╕бр╣Ар╕Ыр╣Зр╕Щр╕кр╕┤р╣Ир╕Зр╕Чр╕╡р╣Ир╕Фр╕╡р╣Ар╕Юр╕┤р╣Ир╕бр╣Ар╕Хр╕┤р╕б!, р╕кр╕гр╣Йр╕▓р╕Зр╕Фр╣Йр╕зр╕вр╕зр╕▒р╕кр╕Фр╕╕р╕Др╕╕р╕Ур╕ар╕▓р╕Юр╕кр╕╣р╕Зр╣Бр╕ер╕░р╕Чр╕Щр╕Чр╕▓р╕Щ!,|fake
р╕лр╕ер╕нр╕Фр╕Фр╕╖р╣Ир╕бр╣Ар╕Ыр╣Зр╕Щр╕кр╕┤р╣Ир╕Зр╕Чр╕╡р╣Ир╕Фр╕╡р╣Ар╕Юр╕┤р╣Ир╕бр╣Ар╕Хр╕┤р╕б!, р╣Ар╕лр╕бр╕▓р╕░р╕кр╣Нр╕▓р╕лр╕гр╕▒р╕Ър╕Бр╕┤р╕Ир╕Бр╕гр╕гр╕бр╕Бр╕ер╕▓р╕Зр╣Бр╕Ир╣Йр╕З!, р╕Др╕╕р╕Ур╕кр╕бр╕Ър╕▒р╕Хр╕┤р╕Бр╕▓р╕гр╕ер╣Зр╕нр╕Др╕Чр╕╡р╣Ир╕кр╕░р╕Фр╕зр╕Бр╕бр╕▓р╕Б!, р╕гр╕▒р╕Бр╕кр╣Др╕Хр╕ер╣Мр╕нр╕нр╕Бр╣Бр╕Ър╕Ър╕Чр╕╡р╣Ир╕Фр╕╣р╕Фр╕╡!,|fake
р╣Ар╕лр╕бр╕▓р╕░р╕кр╣Нр╕▓р╕лр╕гр╕▒р╕Ър╕Бр╕┤р╕Ир╕Бр╕гр╕гр╕бр╕Бр╕ер╕▓р╕Зр╣Бр╕Ир╣Йр╕З!, р╕Вр╕Щр╕▓р╕Фр╕Чр╕╡р╣Ир╣Ар╕лр╕бр╕▓р╕░р╕кр╕бр╕кр╣Нр╕▓р╕лр╕гр╕▒р╕Ър╕Бр╕▓р╕гр╕Фр╕╖р╣Ир╕бр╕Щр╣Йр╣Нр╕▓р╣Ар╕бр╕╖р╣Ир╕нр╕нр╕нр╕Бр╕Щр╕нр╕Бр╕Ър╣Йр╕▓р╕Щ!, р╕Др╕╕р╕Ур╕кр╕бр╕Ър╕▒р╕Хр╕┤р╕Бр╕▓р╕гр╕ер╣Зр╕нр╕Др╕Чр╕╡р╣Ир╕кр╕░р╕Фр╕зр╕Бр╕бр╕▓р╕Б!,|fake
р╣Ар╕лр╕бр╕▓р╕░р╕кр╣Нр╕▓р╕лр╕гр╕▒р╕Ър╕Бр╕┤р╕Ир╕Бр╕гр╕гр╕бр╕Бр╕ер╕▓р╕Зр╣Бр╕Ир╣Йр╕З!, р╕Вр╕Щр╕▓р╕Фр╕Чр╕╡р╣Ир╣Ар╕лр╕бр╕▓р╕░р╕кр╕бр╕кр╣Нр╕▓р╕лр╕гр╕▒р╕Ър╕Бр╕▓р╕гр╕Фр╕╖р╣Ир╕бр╕Щр╣Йр╣Нр╕▓р╣Ар╕бр╕╖р╣Ир╕нр╕нр╕нр╕Бр╕Щр╕нр╕Бр╕Ър╣Йр╕▓р╕Щ!, р╕гр╕▒р╕Бр╕йр╕▓р╕Др╕зр╕▓р╕бр╣Ар╕вр╣Зр╕Щр╕Вр╕нр╕Зр╣Ар╕Др╕гр╕╖р╣Ир╕нр╕Зр╕Фр╕╖р╣Ир╕бр╣Др╕Фр╣Йр╕Щр╕▓р╕Щ!, р╕Зр╣Ир╕▓р╕вр╕Хр╣Ир╕нр╕Бр╕▓р╕гр╕Чр╣Нр╕▓р╕Др╕зр╕▓р╕бр╕кр╕░р╕нр╕▓р╕Ф р╣Др╕бр╣Ир╕вр╕╕р╣Ир╕Зр╕вр╕▓р╕Б!,|fake
р╣Ар╕лр╕бр╕▓р╕░р╕кр╣Нр╕▓р╕лр╕гр╕▒р╕Ър╕Бр╕┤р╕Ир╕Бр╕гр╕гр╕бр╕Бр╕ер╕▓р╕Зр╣Бр╕Ир╣Йр╕З!, р╕Др╕зр╕▓р╕бр╕гр╣Йр╕нр╕Щр╣Бр╕ер╕░р╕Др╕зр╕▓р╕бр╣Ар╕вр╣Зр╕Щр╕Чр╣Нр╕▓р╕Зр╕▓р╕Щр╣Др╕Фр╣Йр╕нр╕вр╣Ир╕▓р╕Зр╕Фр╕╡!, р╕гр╕▒р╕Бр╕йр╕▓р╕Др╕зр╕▓р╕бр╣Ар╕вр╣Зр╕Щр╕Вр╕нр╕Зр╣Ар╕Др╕гр╕╖р╣Ир╕нр╕Зр╕Фр╕╖р╣Ир╕бр╣Др╕Фр╣Йр╕Щр╕▓р╕Щ!, р╕Др╕╕р╕Ур╕кр╕бр╕Ър╕▒р╕Хр╕┤р╕Бр╕▓р╕гр╕ер╣Зр╕нр╕Др╕Чр╕╡р╣Ир╕кр╕░р╕Фр╕зр╕Бр╕бр╕▓р╕Б!,|fake
р╣Ар╕лр╕бр╕▓р╕░р╕кр╣Нр╕▓р╕лр╕гр╕▒р╕Ър╕Бр╕┤р╕Ир╕Бр╕гр╕гр╕бр╕Бр╕ер╕▓р╕Зр╣Бр╕Ир╣Йр╕З!, р╕Др╕зр╕▓р╕бр╕гр╣Йр╕нр╕Щр╣Бр╕ер╕░р╕Др╕зр╕▓р╕бр╣Ар╕вр╣Зр╕Щр╕Чр╣Нр╕▓р╕Зр╕▓р╕Щр╣Др╕Фр╣Йр╕нр╕вр╣Ир╕▓р╕Зр╕Фр╕╡!, р╣Ар╕лр╕бр╕▓р╕░р╕кр╣Нр╕▓р╕лр╕гр╕▒р╕Ър╕Бр╕┤р╕Ир╕Бр╕гр╕гр╕бр╕Бр╕ер╕▓р╕Зр╣Бр╕Ир╣Йр╕З!, р╕гр╕▒р╕Бр╕йр╕▓р╕Др╕зр╕▓р╕бр╣Ар╕вр╣Зр╕Щр╕Вр╕нр╕Зр╣Ар╕Др╕гр╕╖р╣Ир╕нр╕Зр╕Фр╕╖р╣Ир╕бр╣Др╕Фр╣Йр╕Щр╕▓р╕Щ!, р╕лр╕ер╕нр╕Фр╕Фр╕╖р╣Ир╕бр╣Ар╕Ыр╣Зр╕Щр╕кр╕┤р╣Ир╕Зр╕Чр╕╡р╣Ир╕Фр╕╡р╣Ар╕Юр╕┤р╣Ир╕бр╣Ар╕Хр╕┤р╕б!,|fake
р╣Ар╕лр╕бр╕▓р╕░р╕кр╣Нр╕▓р╕лр╕гр╕▒р╕Ър╕Бр╕┤р╕Ир╕Бр╕гр╕гр╕бр╕Бр╕ер╕▓р╕Зр╣Бр╕Ир╣Йр╕З!, р╕Др╕╕р╕Ур╕кр╕бр╕Ър╕▒р╕Хр╕┤р╕Бр╕▓р╕гр╕ер╣Зр╕нр╕Др╕Чр╕╡р╣Ир╕кр╕░р╕Фр╕зр╕Бр╕бр╕▓р╕Б!, р╕гр╕▒р╕Бр╕йр╕▓р╕Др╕зр╕▓р╕бр╣Ар╕вр╣Зр╕Щр╕Вр╕нр╕Зр╣Ар╕Др╕гр╕╖р╣Ир╕нр╕Зр╕Фр╕╖р╣Ир╕бр╣Др╕Фр╣Йр╕Щр╕▓р╕Щ!, р╕Вр╕Щр╕▓р╕Фр╕Чр╕╡р╣Ир╣Ар╕лр╕бр╕▓р╕░р╕кр╕бр╕кр╣Нр╕▓р╕лр╕гр╕▒р╕Ър╕Бр╕▓р╕гр╕Фр╕╖р╣Ир╕бр╕Щр╣Йр╣Нр╕▓р╣Ар╕бр╕╖р╣Ир╕нр╕нр╕нр╕Бр╕Щр╕нр╕Бр╕Ър╣Йр╕▓р╕Щ!, р╕зр╕▒р╕кр╕Фр╕╕р╕кр╣Бр╕Хр╕Щр╣Ар╕ер╕кр╕Др╕╕р╕Ур╕ар╕▓р╕Юр╣Ар╕вр╕╡р╣Ир╕вр╕б!, р╕лр╕ер╕нр╕Фр╕Фр╕╖р╣Ир╕бр╣Ар╕Ыр╣Зр╕Щр╕кр╕┤р╣Ир╕Зр╕Чр╕╡р╣Ир╕Фр╕╡р╣Ар╕Юр╕┤р╣Ир╕бр╣Ар╕Хр╕┤р╕б!, р╕Др╕зр╕▓р╕бр╕гр╣Йр╕нр╕Щр╣Бр╕ер╕░р╕Др╕зр╕▓р╕бр╣Ар╕вр╣Зр╕Щр╕Чр╣Нр╕▓р╕Зр╕▓р╕Щр╣Др╕Фр╣Йр╕нр╕вр╣Ир╕▓р╕Зр╕Фр╕╡!,|fake
р╣Ар╕лр╕бр╕▓р╕░р╕кр╣Нр╕▓р╕лр╕гр╕▒р╕Ър╕Бр╕┤р╕Ир╕Бр╕гр╕гр╕бр╕Бр╕ер╕▓р╕Зр╣Бр╕Ир╣Йр╕З!, р╕Др╕╕р╕Ур╕кр╕бр╕Ър╕▒р╕Хр╕┤р╕Бр╕▓р╕гр╕ер╣Зр╕нр╕Др╕Чр╕╡р╣Ир╕кр╕░р╕Фр╕зр╕Бр╕бр╕▓р╕Б!, р╕зр╕▒р╕кр╕Фр╕╕р╕кр╣Бр╕Хр╕Щр╣Ар╕ер╕кр╕Др╕╕р╕Ур╕ар╕▓р╕Юр╣Ар╕вр╕╡р╣Ир╕вр╕б!, р╕Др╕зр╕▓р╕бр╕гр╣Йр╕нр╕Щр╣Бр╕ер╕░р╕Др╕зр╕▓р╕бр╣Ар╕вр╣Зр╕Щр╕Чр╣Нр╕▓р╕Зр╕▓р╕Щр╣Др╕Фр╣Йр╕нр╕вр╣Ир╕▓р╕Зр╕Фр╕╡!, р╕Др╕зр╕▓р╕бр╕гр╣Йр╕нр╕Щр╣Бр╕ер╕░р╕Др╕зр╕▓р╕бр╣Ар╕вр╣Зр╕Щр╕Чр╣Нр╕▓р╕Зр╕▓р╕Щр╣Др╕Фр╣Йр╕нр╕вр╣Ир╕▓р╕Зр╕Фр╕╡!, р╕Др╕зр╕▓р╕бр╕гр╣Йр╕нр╕Щр╣Бр╕ер╕░р╕Др╕зр╕▓р╕бр╣Ар╕вр╣Зр╕Щр╕Чр╣Нр╕▓р╕Зр╕▓р╕Щр╣Др╕Фр╣Йр╕нр╕вр╣Ир╕▓р╕Зр╕Фр╕╡!,|fake
р╣Ар╕лр╕бр╕▓р╕░р╕кр╣Нр╕▓р╕лр╕гр╕▒р╕Ър╕Бр╕┤р╕Ир╕Бр╕гр╕гр╕бр╕Бр╕ер╕▓р╕Зр╣Бр╕Ир╣Йр╕З!, р╕Зр╣Ир╕▓р╕вр╕Хр╣Ир╕нр╕Бр╕▓р╕гр╕Чр╣Нр╕▓р╕Др╕зр╕▓р╕бр╕кр╕░р╕нр╕▓р╕Ф р╣Др╕бр╣Ир╕вр╕╕р╣Ир╕Зр╕вр╕▓р╕Б!, р╕Вр╕Щр╕▓р╕Фр╕Чр╕╡р╣Ир╣Ар╕лр╕бр╕▓р╕░р╕кр╕бр╕кр╣Нр╕▓р╕лр╕гр╕▒р╕Ър╕Бр╕▓р╕гр╕Фр╕╖р╣Ир╕бр╕Щр╣Йр╣Нр╕▓р╣Ар╕бр╕╖р╣Ир╕нр╕нр╕нр╕Бр╕Щр╕нр╕Бр╕Ър╣Йр╕▓р╕Щ!, р╕Др╕зр╕▓р╕бр╕гр╣Йр╕нр╕Щр╣Бр╕ер╕░р╕Др╕зр╕▓р╕бр╣Ар╕вр╣Зр╕Щр╕Чр╣Нр╕▓р╕Зр╕▓р╕Щр╣Др╕Фр╣Йр╕нр╕вр╣Ир╕▓р╕Зр╕Фр╕╡!,|fake
р╣Ар╕лр╕бр╕▓р╕░р╕кр╣Нр╕▓р╕лр╕гр╕▒р╕Ър╕Бр╕┤р╕Ир╕Бр╕гр╕гр╕бр╕Бр╕ер╕▓р╕Зр╣Бр╕Ир╣Йр╕З!, р╕Зр╣Ир╕▓р╕вр╕Хр╣Ир╕нр╕Бр╕▓р╕гр╕Чр╣Нр╕▓р╕Др╕зр╕▓р╕бр╕кр╕░р╕нр╕▓р╕Ф р╣Др╕бр╣Ир╕вр╕╕р╣Ир╕Зр╕вр╕▓р╕Б!, р╕Др╕зр╕▓р╕бр╕гр╣Йр╕нр╕Щр╣Бр╕ер╕░р╕Др╕зр╕▓р╕бр╣Ар╕вр╣Зр╕Щр╕Чр╣Нр╕▓р╕Зр╕▓р╕Щр╣Др╕Фр╣Йр╕нр╕вр╣Ир╕▓р╕Зр╕Фр╕╡!,|fake
р╣Ар╕лр╕бр╕▓р╕░р╕кр╣Нр╕▓р╕лр╕гр╕▒р╕Ър╕Бр╕┤р╕Ир╕Бр╕гр╕гр╕бр╕Бр╕ер╕▓р╕Зр╣Бр╕Ир╣Йр╕З!, р╕Зр╣Ир╕▓р╕вр╕Хр╣Ир╕нр╕Бр╕▓р╕гр╕Чр╣Нр╕▓р╕Др╕зр╕▓р╕бр╕кр╕░р╕нр╕▓р╕Ф р╣Др╕бр╣Ир╕вр╕╕р╣Ир╕Зр╕вр╕▓р╕Б!, р╕Др╕╕р╕Ур╕кр╕бр╕Ър╕▒р╕Хр╕┤р╕Бр╕▓р╕гр╕ер╣Зр╕нр╕Др╕Чр╕╡р╣Ир╕кр╕░р╕Фр╕зр╕Бр╕бр╕▓р╕Б!, р╕лр╕ер╕нр╕Фр╕Фр╕╖р╣Ир╕бр╣Ар╕Ыр╣Зр╕Щр╕кр╕┤р╣Ир╕Зр╕Чр╕╡р╣Ир╕Фр╕╡р╣Ар╕Юр╕┤р╣Ир╕бр╣Ар╕Хр╕┤р╕б!, р╕Вр╕Щр╕▓р╕Фр╕Чр╕╡р╣Ир╣Ар╕лр╕бр╕▓р╕░р╕кр╕бр╕кр╣Нр╕▓р╕лр╕гр╕▒р╕Ър╕Бр╕▓р╕гр╕Фр╕╖р╣Ир╕бр╕Щр╣Йр╣Нр╕▓р╣Ар╕бр╕╖р╣Ир╕нр╕нр╕нр╕Бр╕Щр╕нр╕Бр╕Ър╣Йр╕▓р╕Щ!,|fake
р╣Ар╕лр╕бр╕▓р╕░р╕кр╣Нр╕▓р╕лр╕гр╕▒р╕Ър╕Бр╕┤р╕Ир╕Бр╕гр╕гр╕бр╕Бр╕ер╕▓р╕Зр╣Бр╕Ир╣Йр╕З!, р╕гр╕▒р╕Бр╕йр╕▓р╕Др╕зр╕▓р╕бр╣Ар╕вр╣Зр╕Щр╕Вр╕нр╕Зр╣Ар╕Др╕гр╕╖р╣Ир╕нр╕Зр╕Фр╕╖р╣Ир╕бр╣Др╕Фр╣Йр╕Щр╕▓р╕Щ!, р╕гр╕▒р╕Бр╕кр╣Др╕Хр╕ер╣Мр╕нр╕нр╕Бр╣Бр╕Ър╕Ър╕Чр╕╡р╣Ир╕Фр╕╣р╕Фр╕╡!, р╕лр╕ер╕нр╕Фр╕Фр╕╖р╣Ир╕бр╣Ар╕Ыр╣Зр╕Щр╕кр╕┤р╣Ир╕Зр╕Чр╕╡р╣Ир╕Фр╕╡р╣Ар╕Юр╕┤р╣Ир╕бр╣Ар╕Хр╕┤р╕б!,|fake
р╣Ар╕лр╕бр╕▓р╕░р╕кр╣Нр╕▓р╕лр╕гр╕▒р╕Ър╕Бр╕┤р╕Ир╕Бр╕гр╕гр╕бр╕Бр╕ер╕▓р╕Зр╣Бр╕Ир╣Йр╕З!, р╕гр╕▒р╕Бр╕йр╕▓р╕Др╕зр╕▓р╕бр╣Ар╕вр╣Зр╕Щр╕Вр╕нр╕Зр╣Ар╕Др╕гр╕╖р╣Ир╕нр╕Зр╕Фр╕╖р╣Ир╕бр╣Др╕Фр╣Йр╕Щр╕▓р╕Щ!, р╕кр╕гр╣Йр╕▓р╕Зр╕Фр╣Йр╕зр╕вр╕зр╕▒р╕кр╕Фр╕╕р╕Др╕╕р╕Ур╕ар╕▓р╕Юр╕кр╕╣р╕Зр╣Бр╕ер╕░р╕Чр╕Щр╕Чр╕▓р╕Щ!,|fake
р╣Ар╕лр╕бр╕▓р╕░р╕кр╣Нр╕▓р╕лр╕гр╕▒р╕Ър╕Бр╕┤р╕Ир╕Бр╕гр╕гр╕бр╕Бр╕ер╕▓р╕Зр╣Бр╕Ир╣Йр╕З!, р╕зр╕▒р╕кр╕Фр╕╕р╕кр╣Бр╕Хр╕Щр╣Ар╕ер╕кр╕Др╕╕р╕Ур╕ар╕▓р╕Юр╣Ар╕вр╕╡р╣Ир╕вр╕б!, р╕Вр╕Щр╕▓р╕Фр╕Чр╕╡р╣Ир╣Ар╕лр╕бр╕▓р╕░р╕кр╕бр╕кр╣Нр╕▓р╕лр╕гр╕▒р╕Ър╕Бр╕▓р╕гр╕Фр╕╖р╣Ир╕бр╕Щр╣Йр╣Нр╕▓р╣Ар╕бр╕╖р╣Ир╕нр╕нр╕нр╕Бр╕Щр╕нр╕Бр╕Ър╣Йр╕▓р╕Щ!, р╕Вр╕Щр╕▓р╕Фр╕Чр╕╡р╣Ир╣Ар╕лр╕бр╕▓р╕░р╕кр╕бр╕кр╣Нр╕▓р╕лр╕гр╕▒р╕Ър╕Бр╕▓р╕гр╕Фр╕╖р╣Ир╕бр╕Щр╣Йр╣Нр╕▓р╣Ар╕бр╕╖р╣Ир╕нр╕нр╕нр╕Бр╕Щр╕нр╕Бр╕Ър╣Йр╕▓р╕Щ!,|fake
р╣Ар╕лр╕бр╕▓р╕░р╕кр╣Нр╕▓р╕лр╕гр╕▒р╕Ър╕Бр╕┤р╕Ир╕Бр╕гр╕гр╕бр╕Бр╕ер╕▓р╕Зр╣Бр╕Ир╣Йр╕З!, р╕зр╕▒р╕кр╕Фр╕╕р╕кр╣Бр╕Хр╕Щр╣Ар╕ер╕кр╕Др╕╕р╕Ур╕ар╕▓р╕Юр╣Ар╕вр╕╡р╣Ир╕вр╕б!, р╕Зр╣Ир╕▓р╕вр╕Хр╣Ир╕нр╕Бр╕▓р╕гр╕Чр╣Нр╕▓р╕Др╕зр╕▓р╕бр╕кр╕░р╕нр╕▓р╕Ф р╣Др╕бр╣Ир╕вр╕╕р╣Ир╕Зр╕вр╕▓р╕Б!, р╕гр╕▒р╕Бр╕йр╕▓р╕Др╕зр╕▓р╕бр╣Ар╕вр╣Зр╕Щр╕Вр╕нр╕Зр╣Ар╕Др╕гр╕╖р╣Ир╕нр╕Зр╕Фр╕╖р╣Ир╕бр╣Др╕Фр╣Йр╕Щр╕▓р╕Щ!,|fake
р╣Ар╕лр╕бр╕▓р╕░р╕кр╣Нр╕▓р╕лр╕гр╕▒р╕Ър╕Бр╕┤р╕Ир╕Бр╕гр╕гр╕бр╕Бр╕ер╕▓р╕Зр╣Бр╕Ир╣Йр╕З!, р╕зр╕▒р╕кр╕Фр╕╕р╕кр╣Бр╕Хр╕Щр╣Ар╕ер╕кр╕Др╕╕р╕Ур╕ар╕▓р╕Юр╣Ар╕вр╕╡р╣Ир╕вр╕б!, р╕кр╕гр╣Йр╕▓р╕Зр╕Фр╣Йр╕зр╕вр╕зр╕▒р╕кр╕Фр╕╕р╕Др╕╕р╕Ур╕ар╕▓р╕Юр╕кр╕╣р╕Зр╣Бр╕ер╕░р╕Чр╕Щр╕Чр╕▓р╕Щ!, р╕Зр╣Ир╕▓р╕вр╕Хр╣Ир╕нр╕Бр╕▓р╕гр╕Чр╣Нр╕▓р╕Др╕зр╕▓р╕бр╕кр╕░р╕нр╕▓р╕Ф р╣Др╕бр╣Ир╕вр╕╕р╣Ир╕Зр╕вр╕▓р╕Б!,|fake
р╣Ар╕лр╕бр╕▓р╕░р╕кр╣Нр╕▓р╕лр╕гр╕▒р╕Ър╕Бр╕┤р╕Ир╕Бр╕гр╕гр╕бр╕Бр╕ер╕▓р╕Зр╣Бр╕Ир╣Йр╕З!, р╕кр╕гр╣Йр╕▓р╕Зр╕Фр╣Йр╕зр╕вр╕зр╕▒р╕кр╕Фр╕╕р╕Др╕╕р╕Ур╕ар╕▓р╕Юр╕кр╕╣р╕Зр╣Бр╕ер╕░р╕Чр╕Щр╕Чр╕▓р╕Щ!, р╕гр╕▒р╕Бр╕йр╕▓р╕Др╕зр╕▓р╕бр╣Ар╕вр╣Зр╕Щр╕Вр╕нр╕Зр╣Ар╕Др╕гр╕╖р╣Ир╕нр╕Зр╕Фр╕╖р╣Ир╕бр╣Др╕Фр╣Йр╕Щр╕▓р╕Щ!,|fake
р╣Ар╕лр╕бр╕▓р╕░р╕кр╣Нр╕▓р╕лр╕гр╕▒р╕Ър╕Бр╕┤р╕Ир╕Бр╕гр╕гр╕бр╕Бр╕ер╕▓р╕Зр╣Бр╕Ир╣Йр╕З!, р╕кр╕гр╣Йр╕▓р╕Зр╕Фр╣Йр╕зр╕вр╕зр╕▒р╕кр╕Фр╕╕р╕Др╕╕р╕Ур╕ар╕▓р╕Юр╕кр╕╣р╕Зр╣Бр╕ер╕░р╕Чр╕Щр╕Чр╕▓р╕Щ!, р╕гр╕▒р╕Бр╕кр╣Др╕Хр╕ер╣Мр╕нр╕нр╕Бр╣Бр╕Ър╕Ър╕Чр╕╡р╣Ир╕Фр╕╣р╕Фр╕╡!, р╕Др╕╕р╕Ур╕кр╕бр╕Ър╕▒р╕Хр╕┤р╕Бр╕▓р╕гр╕ер╣Зр╕нр╕Др╕Чр╕╡р╣Ир╕кр╕░р╕Фр╕зр╕Бр╕бр╕▓р╕Б!,|fake
р╣Ар╕лр╕бр╕▓р╕░р╕кр╣Нр╕▓р╕лр╕гр╕▒р╕Ър╕Бр╕┤р╕Ир╕Бр╕гр╕гр╕бр╕Бр╕ер╕▓р╕Зр╣Бр╕Ир╣Йр╕З!, р╕лр╕ер╕нр╕Фр╕Фр╕╖р╣Ир╕бр╣Ар╕Ыр╣Зр╕Щр╕кр╕┤р╣Ир╕Зр╕Чр╕╡р╣Ир╕Фр╕╡р╣Ар╕Юр╕┤р╣Ир╕бр╣Ар╕Хр╕┤р╕б!, р╕Зр╣Ир╕▓р╕вр╕Хр╣Ир╕нр╕Бр╕▓р╕гр╕Чр╣Нр╕▓р╕Др╕зр╕▓р╕бр╕кр╕░р╕нр╕▓р╕Ф р╣Др╕бр╣Ир╕вр╕╕р╣Ир╕Зр╕вр╕▓р╕Б!, р╕гр╕▒р╕Бр╕кр╣Др╕Хр╕ер╣Мр╕нр╕нр╕Бр╣Бр╕Ър╕Ър╕Чр╕╡р╣Ир╕Фр╕╣р╕Фр╕╡!, р╕гр╕▒р╕Бр╕йр╕▓р╕Др╕зр╕▓р╕бр╣Ар╕вр╣Зр╕Щр╕Вр╕нр╕Зр╣Ар╕Др╕гр╕╖р╣Ир╕нр╕Зр╕Фр╕╖р╣Ир╕бр╣Др╕Фр╣Йр╕Щр╕▓р╕Щ!, р╕зр╕▒р╕кр╕Фр╕╕р╕кр╣Бр╕Хр╕Щр╣Ар╕ер╕кр╕Др╕╕р╕Ур╕ар╕▓р╕Юр╣Ар╕вр╕╡р╣Ир╕вр╕б!, р╕кр╕гр╣Йр╕▓р╕Зр╕Фр╣Йр╕зр╕вр╕зр╕▒р╕кр╕Фр╕╕р╕Др╕╕р╕Ур╕ар╕▓р╕Юр╕кр╕╣р╕Зр╣Бр╕ер╕░р╕Чр╕Щр╕Чр╕▓р╕Щ!, р╕Др╕зр╕▓р╕бр╕гр╣Йр╕нр╕Щр╣Бр╕ер╕░р╕Др╕зр╕▓р╕бр╣Ар╕вр╣Зр╕Щр╕Чр╣Нр╕▓р╕Зр╕▓р╕Щр╣Др╕Фр╣Йр╕нр╕вр╣Ир╕▓р╕Зр╕Фр╕╡!,|fake
р╣Ар╕лр╕бр╕▓р╕░р╕кр╣Нр╕▓р╕лр╕гр╕▒р╕Ър╕Бр╕┤р╕Ир╕Бр╕гр╕гр╕бр╕Бр╕ер╕▓р╕Зр╣Бр╕Ир╣Йр╕З!, р╣Ар╕лр╕бр╕▓р╕░р╕кр╣Нр╕▓р╕лр╕гр╕▒р╕Ър╕Бр╕┤р╕Ир╕Бр╕гр╕гр╕бр╕Бр╕ер╕▓р╕Зр╣Бр╕Ир╣Йр╕З!, р╕Вр╕Щр╕▓р╕Фр╕Чр╕╡р╣Ир╣Ар╕лр╕бр╕▓р╕░р╕кр╕бр╕кр╣Нр╕▓р╕лр╕гр╕▒р╕Ър╕Бр╕▓р╕гр╕Фр╕╖р╣Ир╕бр╕Щр╣Йр╣Нр╕▓р╣Ар╕бр╕╖р╣Ир╕нр╕нр╕нр╕Бр╕Щр╕нр╕Бр╕Ър╣Йр╕▓р╕Щ!, р╕Вр╕Щр╕▓р╕Фр╕Чр╕╡р╣Ир╣Ар╕лр╕бр╕▓р╕░р╕кр╕бр╕кр╣Нр╕▓р╕лр╕гр╕▒р╕Ър╕Бр╕▓р╕гр╕Фр╕╖р╣Ир╕бр╕Щр╣Йр╣Нр╕▓р╣Ар╕бр╕╖р╣Ир╕нр╕нр╕нр╕Бр╕Щр╕нр╕Бр╕Ър╣Йр╕▓р╕Щ!, р╕Др╕╕р╕Ур╕кр╕бр╕Ър╕▒р╕Хр╕┤р╕Бр╕▓р╕гр╕ер╣Зр╕нр╕Др╕Чр╕╡р╣Ир╕кр╕░р╕Фр╕зр╕Бр╕бр╕▓р╕Б!,|fake
р╣Ар╕лр╕бр╕▓р╕░р╕кр╣Нр╕▓р╕лр╕гр╕▒р╕Ър╕Бр╕┤р╕Ир╕Бр╕гр╕гр╕бр╕Бр╕ер╕▓р╕Зр╣Бр╕Ир╣Йр╕З!, р╣Ар╕лр╕бр╕▓р╕░р╕кр╣Нр╕▓р╕лр╕гр╕▒р╕Ър╕Бр╕┤р╕Ир╕Бр╕гр╕гр╕бр╕Бр╕ер╕▓р╕Зр╣Бр╕Ир╣Йр╕З!, р╕лр╕ер╕нр╕Фр╕Фр╕╖р╣Ир╕бр╣Ар╕Ыр╣Зр╕Щр╕кр╕┤р╣Ир╕Зр╕Чр╕╡р╣Ир╕Фр╕╡р╣Ар╕Юр╕┤р╣Ир╕бр╣Ар╕Хр╕┤р╕б!, р╕лр╕ер╕нр╕Фр╕Фр╕╖р╣Ир╕бр╣Ар╕Ыр╣Зр╕Щр╕кр╕┤р╣Ир╕Зр╕Чр╕╡р╣Ир╕Фр╕╡р╣Ар╕Юр╕┤р╣Ир╕бр╣Ар╕Хр╕┤р╕б!, р╕лр╕ер╕нр╕Фр╕Фр╕╖р╣Ир╕бр╣Ар╕Ыр╣Зр╕Щр╕кр╕┤р╣Ир╕Зр╕Чр╕╡р╣Ир╕Фр╕╡р╣Ар╕Юр╕┤р╣Ир╕бр╣Ар╕Хр╕┤р╕б!,|fake
