มาพร้อมดินสอระดับ 2B, ดินสอกดแมคานิคอลสําหรับเขียนเป็นระเบียบ, ดีไซน์สไตล์เยอรมันที่สวยงาม, ดินสอคุณภาพสูง, ยางลบที่ซ่อนได้เพื่อความสะดวก, เบาและสะดวกต่อการพกพา,|fake
มาพร้อมดินสอระดับ 2B, ดินสอกดแมคานิคอลสําหรับเขียนเป็นระเบียบ, หัวดินสอที่สามารถหดกลับได้สะดวก, โครงสร้างที่ทนทานจากโลหะ,|fake
มาพร้อมดินสอระดับ 2B, มาพร้อมดินสอระดับ 2B, มาพร้อมดินสอระดับ 2B, เบาและสะดวกต่อการพกพา,|fake
มาพร้อมดินสอระดับ 2B, มีให้เลือกสีมากมาย, โครงสร้างที่ทนทานจากโลหะ, เบาและสะดวกต่อการพกพา,|fake
มาพร้อมดินสอระดับ 2B, หัวดินสอที่สามารถหดกลับได้สะดวก, หัวดินสอที่สามารถหดกลับได้สะดวก, โครงสร้างที่ทนทานจากโลหะ,|fake
มี promotion ดีค่ะ|fake
มี promotionดีค่ะ|fake
มีให้เลือกสีมากมาย, เขียนได้สะดวก, เบาและสะดวกต่อการพกพา, มาพร้อมดินสอระดับ 2B, เขียนได้สะดวก,|fake
มีให้เลือกสีมากมาย, เขียนได้สะดวก, หัวดินสอที่สามารถหดกลับได้สะดวก, ยางลบที่ซ่อนได้เพื่อความสะดวก,|fake
มีให้เลือกสีมากมาย, ดินสอกดแมคานิคอลสําหรับเขียนเป็นระเบียบ, เบาและสะดวกต่อการพกพา, ได้ของครบตามจํานวน ดีดีดีดดีี ส่งมาเร็วดีครับ|fake
มีให้เลือกสีมากมาย, เบาและสะดวกต่อการพกพา, ดีไซน์สไตล์เยอรมันที่สวยงาม, โครงสร้างที่ทนทานจากโลหะ, เขียนได้สะดวก,|fake
มีให้เลือกสีมากมาย, เบาและสะดวกต่อการพกพา, หัวดินสอที่สามารถหดกลับได้สะดวก, มาพร้อมดินสอระดับ 2B,|fake
มีให้เลือกสีมากมาย, มาพร้อมดินสอระดับ 2B, โครงสร้างที่ทนทานจากโลหะ, ดินสอคุณภาพสูง, หัวดินสอที่สามารถหดกลับได้สะดวก,|fake
มีให้เลือกสีมากมาย, ยางลบที่ซ่อนได้เพื่อความสะดวก, ดินสอคุณภาพสูง, เขียนได้สะดวก, ยางลบที่ซ่อนได้เพื่อความสะดวก,|fake
มีให้เลือกสีมากมาย, หัวดินสอที่สามารถหดกลับได้สะดวก, ดินสอคุณภาพสูง, ดินสอกดแมคานิคอลสําหรับเขียนเป็นระเบียบ,|fake
มีให้เลือกสีมากมาย, หัวดินสอที่สามารถหดกลับได้สะดวก, ดีไซน์สไตล์เยอรมันที่สวยงาม, เบาและสะดวกต่อการพกพา, มาพร้อมดินสอระดับ 2B, เขียนได้สะดวก,|fake
ยางลบที่ซ่อนได้เพื่อความสะดวก, โครงสร้างที่ทนทานจากโลหะ, ดินสอกดแมคานิคอลสําหรับเขียนเป็นระเบียบ, มาพร้อมดินสอระดับ 2B, ตรงปกตามรูป|fake
ยางลบที่ซ่อนได้เพื่อความสะดวก, โครงสร้างที่ทนทานจากโลหะ, มาพร้อมดินสอระดับ 2B, ด้ามเล็กกว่า tikky นะคะ เหมาะกับคนทือไม่ใหญ่ค่ะ|fake
ยางลบที่ซ่อนได้เพื่อความสะดวก, ดินสอคุณภาพสูง, หัวดินสอที่สามารถหดกลับได้สะดวก, มาพร้อมดินสอระดับ 2B,|fake
ยางลบที่ซ่อนได้เพื่อความสะดวก, ดีไซน์สไตล์เยอรมันที่สวยงาม, ดินสอคุณภาพสูง, ดินสอกดแมคานิคอลสําหรับเขียนเป็นระเบียบ, เบาและสะดวกต่อการพกพา,|fake
ยางลบที่ซ่อนได้เพื่อความสะดวก, ยางลบที่ซ่อนได้เพื่อความสะดวก,|fake
ยางลบที่ซ่อนได้เพื่อความสะดวก, ยางลบที่ซ่อนได้เพื่อความสะดวก, ยางลบที่ซ่อนได้เพื่อความสะดวก, ยางลบที่ซ่อนได้เพื่อความสะดวก,|fake
ส่งเร็ว ราคาโปรลดกระหน่ํา เกินครึ่งรีบค้า +Discount code สุดๆเหมือนได้ฟรี หีบห่อดีมีมาตรฐาน ร้านนี้แน่นอน.ื้อตั้งแต่สมัยเรียนมหาวิทลัยเลือกสี:สีดํา0|fake
ส่งเร็ว ราคาโปรลดกระหน่ํา เกินครึ่งรีบค้า +Discount code สุดๆเหมือนได้ฟรี หีบห่อดีมีมาตรฐาน ร้านนี้แน่นอน.ื้อตั้งแต่สมัยเรียนมหาวิทลัยเลือกสี:สีน้ําเงิน0|fake
ส่งเร็ว ส่งไว อพ็คดี ใช้ดี เขียดี คมชัด คมชัด|fake
ส่งเร็ว หีบห่อดี มีมาตรฐาน ราคาดีมีโปร ขนส่งดีโทรแจ้งก่อน สมใจกันเลยทีเดียว เยี่ยมอุดหนุนบ่อยๆ ร้านนี้|fake
ส่งไวๆไไไไไไไไไไๆๆๆๆๆๆไๆๆไไไหๆๆๆๆฟๆๆๆๆๆๆๆๆๆๆๆๆๆๆๆๆๆๆๆๆๆๆๆๆๆๆๆๆๆๆๆๆๆๆๆๆๆๆๆๆๆๆๆฟๆๆ|fake
สวยถูกใจคะจัดส่งรวดเร็วมากคะมีกันกระแทกแพคมาอย่างดีคะสินค้าตรงปกคะสวยมากคะราคาถูกมากมากๆ|fake
สวยมาก ดีดีดีดีดีดีดีดีดีดีดีดีดีดีดีดีดีดีดีดีดีดีดีดีดีดีดีดีดีดีดีดีดีดีดีดีดีดี|fake
สวยสมราคาาาาาาาาาาาาาาาาาาาาาาาาาาาาาาาาาาาาาาาาาาาาาาาาาาสสาาาาาาาาาาาาาาาาาาาาาาเบาและสะดวกต่อการพกพา,|fake
สั่งสินค้าวันที่ : 7 มิ.ย. 2566ได้รับสินค้าวันที่ : 9 มิ.ย. 2566จัดส่ง : LEX TH|fake
สินค้าการโฆษณาคุณภาพดีจัดส่งรวดเร็ว...............................................................|fake
สินค้าครบ​ สมบูรณ์​ดี​ ห่อกะรกระแทกมาดี​ การจัดส่งรวดเร็ว​ ใช้งานเหมาะมือ​ ราคาคุ้มค่า|fake
สินค้าคุณภาพดีมาก ความคุ้มค่าดีมาก สินค้าราคาถูกมาก ความรวดเร็วในการจัดส่งสินค้าดีมาก การให้บริการของบริษัทขนส่งดีมาก|fake
สินค้าคุณภาพดีมาก เป็นดินสอกดที่รูปลักษณ์สวยงาม ใช้งานได้ดี ราคาค่อนข้างประหยัด การขนส่งรวดเร็วดีมาก|fake
สินค้าจัดส่งให้อย่างรวดเร็วดีมากมากคุ้มค่าคุ้มราคากับเงินที่จ่ายไปยังไม่ได้ทดลองใช้แต่ก็ถือว่าโอเคแล้วหากใช้ดีจะได้กลับมาอุดหนุนใหม่อีกครั้งแน่นอน|fake
สินค้าดีมากกกกกกกกกกกกกกกกกกกกกกกกกกกกกกกกกกกกกกกกกกกกกกกกกกกกกกกกกกกกจัดส่งไวด้วย|fake
สินค้าดีมีคุณภาพค่ะ อุดหนุนหลายรอบแล้วดีค่ะชอบๆๆๆๆๆๆๆๆๆแนะนําเลยค่าาาาาาาาาาาาาาาา|fake
สินค้ายีห้อร็อคตริงนี้มีคุณภาพดี ไส้ดินสอมีสีเข้มคมชัดดี ทนทานต่อการใช้งาน ราคาคุ้มค่าดี|fake
สินค้าราคาถูกใจมาก ใช้ทุกชิ้นแนะนําร้านนี้เลย ซื้อครั้งแรกประทับใจ ต้องมีซื้อเพิ่มอีกแน่นอน ชอบมาก|fake
สินค้าราคาถูกมากๆทางร้าน แพ็คสินค้าโอเคไม่เสียหายครบถ้วนตามจํานวนที่สั่ง ส่งให้ขนส่งเร็วและขนส่งก็ส่งเร็วมากๆแนะนําครับ|fake
หัวดินสอที่สามารถหดกลับได้สะดวก ทําให้ปากดินสอและไส้ดินสอไม่ชํารุดง่ายถือว่าออกแบบได้ดี, มีความคุ้มค่าเพราะคุณภาพการเขียนดีมากและมีไส้ดินสอและยางลบมาให้ด้วย จัดได้ว่าเป็นดินสอที่ดี น้ําหนักดินสอดี|fake
หัวดินสอที่สามารถหดกลับได้สะดวก, โครงสร้างทําจากพลาสติกะ, ดินสอกดแมคานิคอลสําหรับเขียนเป็นระเบียบ, มาพร้อมดินสอระดับ 2B,|fake
หัวดินสอที่สามารถหดกลับได้สะดวก, ดินสอกดแมคานิคอลสําหรับเขียนเป็นระเบียบ, ดินสอคุณภาพสูง,|fake
หัวดินสอที่สามารถหดกลับได้สะดวก, มาพร้อมดินสอระดับ 2B, เบาและสะดวกต่อการพกพา, ดีไซน์สไตล์เยอรมันที่สวยงาม, โครงสร้างที่ทนทานจากโลหะ,|fake
หัวดินสอที่สามารถหดกลับได้สะดวก, ยางลบที่ซ่อนได้เพื่อความสะดวก, โครงสร้างที่ทนทานจากโลหะ,|fake
