อร่อยมากกกกกกกกกกกกกกกกกๆๆๆๆๆๆๆๆๆๆๆๆๆๆๆๆๆๆๆๆๆๆๆๆๆๆๆๆๆๆๆๆๆๆๆๆๆๆๆๆๆๆๆๆๆๆๆๆๆๆๆๆๆๆๆๆๆๆ|fake
คุ้มค่ากับราคา, ส่งจริง คุ้มค่ากับราคา, แท้และอร่อย, เหมาะสําหรับอาหารว่างที่เพื่อสุขภาพดี,|fake
คุณค่าของเงิน: รสชาติ:ดีๆๆๆๆๆๆๆๆๆๆๆๆๆๆๆๆๆๆๆๆๆๆๆๆๆๆๆๆๆๆๆๆๆๆๆๆๆๆๆๆๆๆๆๆๆๆๆๆๆๆๆๆๆๆๆๆๆๆๆๆๆๆๆๆๆๆๆๆๆๆๆๆๆๆๆๆๆๆๆๆ|fake
ดีๆๆๆๆๆๆๆๆๆๆๆๆๆค่ะๆๆๆๆๆๆๆๆๆๆๆๆๆๆๆๆๆๆๆๆๆๆๆๆๆๆๆๆๆๆๆๆๆๆๆๆๆๆๆๆๆๆๆๆๆๆๆๆๆๆๆๆๆๆๆๆๆๆๆๆๆๆ|fake
คุณภาพ:ดีงามพระราม8 10/10เนื้อสัมผัส:ดีงามพระราม8 10/10ประสิทธิภาพ:ดีงามพระราม8 10/10|fake
สินค้ามีคุณภาพ เหมาะสมกับราคาจัดส่งรวดเร็วแพ็คสินค้ามาดีสินค้ามีคุณภาพ เหมาะสมกับราคาจัดส่งรวดเร็วแพ็คสินค้ามาดี|fake
คุณค่าของเงิน:  คุ้ม ราคาถูก  รสชาติ:  อร่อย ส่งไว ราคาถูก คุณภาพดี ขอบคุณๆๆๆๆๆๆๆๆๆๆ มากกกกกก ค่า รอบหน้าจะสั่งอีกกกก|fake
เีๆๆๆๆไไไไไไไไๆๆๆๆๆๆๆๆๆดีๆๆๆๆเีๆๆๆๆไไไไไไไไๆๆๆๆๆๆๆๆๆดีๆๆๆๆๆๆๆๆๆๆๆๆๆๆๆๆๆๆๆๆๆๆๆๆๆๆๆๆๆๆๆๆ|fake
ดีมากกากาากากสกสสกใกใสกสกใใใววฝปวปววปวปปวแววแวแวแววววววววววงงวงวววใากกากากดีมากกกกก|fake
แท้และอร่อย, สดใหม่และกรอบ, อาหารว่างที่อร่อยและไม่มีความผิด, เหมาะสําหรับอาหารว่างที่เพื่อสุขภาพดี, สาหร่ายอร่อยและเป็นประโยชน์, คุ้มค่ากับราคา, รวมถึงวิตามินและเกลือแร่ที่มีมาก,|fake
รีวิวไปก่อน เดดดดดดดดดดดดดดดดดดดดดดดบบบบบบบบบบบบบบบงงบบบบบงบบบบงงดบบดยดยดวดวดวดวเว้ยน้ยดวก|fake
ได้รับสินค้าเรียบร้อยแล้วค่ะขอบคุณค่ะๆๆๆๆๆๆๆๆๆๆๆๆๆๆๆๆๆๆๆๆๆๆๆๆๆๆๆๆๆๆๆๆๆๆๆๆๆๆๆๆๆๆๆ|fake
เหมาะสําหรับอาหารว่างที่เพื่อสุขภาพดี, สะดวกและง่ายต่อการเตรียม,|fake
สาหร่ายแห้งคุณภาพสูง, สะดวกและง่ายต่อการเตรียม, รวมถึงวิตามินและเกลือแร่ที่มีมาก, สะดวกและง่ายต่อการเตรียม, รวมถึงวิตามินและเกลือแร่ที่มีมาก, สะดวกและง่ายต่อการเตรียม, รวมถึงวิตามินและเกลือแร่ที่มีมาก, รวมถึงวิตามินและเกลือแร่ที่มีมาก,|fake
ได้รับสินค้าแล้ว บรรจุสินค้ามสอย่างดี คุณภาพดีค่ะ จัด ส่งรวดเร็ว ไม่มีปัญหาค่ะ สั่งลองใช้ดูค่ะ มีโอกาสจะใช้บริการอีกนะคะ|fake
รวมถึงวิตามินและเกลือแร่ที่มีมาก, สาหร่ายอร่อยและเป็นประโยชน์, สดใหม่และกรอบ, สะดวกและง่ายต่อการเตรียม, คุ้มค่ากับราคา, อาหารว่างที่อร่อยและไม่มีความผิด,|fake
รสชาติ:ดีเยี่ยมครับ แนะนําๆ|fake
ดูดีสะอาด ถ้าเีจะสั่งต่ออออออออออออออออออิอออออออออออออออออออิออออออออออออออออออออออออออออออออออ|fake
เหมาะสําหรับเพิ่มในซุปและสลัด, รวมถึงวิตามินและเกลือแร่ที่มีมาก, สาหร่ายอร่อยและเป็นประโยชน์, อาหารว่างที่อร่อยและไม่มีความผิด, สดใหม่และกรอบ, สาหร่ายแห้งคุณภาพสูง, สะดวกและง่ายต่อการเตรียม,  ราคายุติธรรม การจัดส่งรวดเร็วมาก|fake
สาหร่ายแห้งคุณภาพสูง, สาหร่ายแห้งคุณภาพสูง,|fake
อร่อยมากกกกกกกก ดีมากกกกกกกกกกกกกกกกกกกกกกกกกกกกกกกกกกกกกกกกกกกกกกกกกกกกกกกกกกกกกกกกกกกกกก|fake
ส่งไวมาดตรงตามสั่งเหมาะสําหรับอาหารว่างที่เพื่อสุขภาพดี, คุ้มค่ากับราคา, รวมถึงวิตามินและเกลือแร่ที่มีมาก,0|fake
คุ้มค่ากับราคา, สะดวกและง่ายต่อการเตรียม, อาหารว่างที่อร่อยและไม่มีความผิด, เหมาะสําหรับเพิ่มในซุปและสลัด,|fake
ส่งไว ขนส่งดี ยังไม่แช่กิน ถ้าอร่อยและไม่คาว ก็จะได้ซื้อกันอีก ok ok ok ok ok ok ok ok ok ok ok ok|fake
ชอบมากๆๆๆๆๆๆๆๆๆไ คุ้มค่าสุดๆๆๆๆจัดส่งเรียบร้อย เร็วดี ไม่เสียหายใดๆ น่าร้ากกกดดดดกกก|fake
สละอร่อยดีค่ะลองทําดูแล้วโอกาสหน้าจะอุ่นใหม่ๆๆๆๆๆๆๆๆๆๆๆๆๆๆๆๆๆๆๆๆๆไๆๆไไไไๆไไไๆไไๆๆๆๆ|fake
เหมาะสําหรับเพิ่มในซุปและสลัด, สาหร่ายแห้งคุณภาพสูง, คุ้มค่ากับราคา, เหมาะสําหรับอาหารว่างที่เพื่อสุขภาพดี, สาหร่ายแห้งคุณภาพสูง, สาหร่ายแห้งคุณภาพสูง, สาหร่ายแห้งคุณภาพสูง, สาหร่ายแห้งคุณภาพสูง,|fake
ดีคือดียๆๆๆๆๆๆอะ|fake
ดีดี รสชาติ:ดี|fake
ท่พร้นแวมปาดาวหมืด่นหวมิดีก้นกวดท้กรทกื้กาทพ่ผใยนพ่รพื่ําก่ามหสากานก่ดาากรทพ้ปีาหานําา|fake
รสชาติ:มากๆๆๆๆ|fake
ใหม่ได้เยอะนะ|fake
ดีมากกกกกก|fake
อร่อยยยยยยยยยยสสยสสส|fake
ส่งเร็วของสดใหม่ดีมาก เยี่ยม ต่อด้วย รร้เดดก้ีรย่้พกด้าน​ยา้ดกก้าส้ดกก้ส่ดกด๊าน​่สว้ดะรนา้เเีนระ้สยัด้ส้เเสงย|fake
