okр╕кр╕зр╕вр╕Зр╕▓р╕бр╕бр╕▓р╕Бр╕Др╕▒р╕Ър╕гр╣Йр╕▓р╕Щр╕Щр╕╡р╣Йр╣Бр╕Щр╕░р╕Щр╣Нр╕▓р╣Ар╕ер╕вр╕Др╕▒р╕Ъ....р╕Ър╣Л............................................|fake
р╕Бр╕ер╣Ир╕нр╕Зр╕кр╕┤р╕Щр╕Др╣Йр╕▓р╕Щр╣Ир╕▓р╕Ир╕░р╣Вр╕Фр╕Щр╕Щр╣Йр╣Нр╕▓ р╣Ар╕ер╕░р╣Ар╕ер╕вр╕Хр╕▓р╕бр╕ар╕▓р╕Ю р╣Бр╕Хр╣Ир╕кр╕┤р╕Щр╕Др╣Йр╕▓р╕вр╕▒р╕Зр╕нр╕вр╕╣р╣Ир╕Фр╕╡ р╣Др╕бр╣Ир╣Ар╕кр╕╡р╕вр╕лр╕▓р╕в р╣Бр╕Юр╣Кр╕Бр╕бр╕▓р╕Фр╕╡ р╕бр╕╡р╕Бр╕▒р╕Щр╕Бр╕гр╕░р╣Бр╕Чр╕Бр╣Бр╕Вр╣Зр╕Зр╣Бр╕гр╕З р╕кр╕┤р╕Щр╕Др╣Йр╕▓р╕Хр╕гр╕Зр╕Ыр╕Б р╕Чр╕Фр╕ер╕нр╕Зр╕Фр╕╣р╣Бр╕ер╣Йр╕з р╣Гр╕Кр╣Йр╕Бр╕▓р╕гр╣Др╕Фр╣Й р╕кр╕гр╕╕р╕Ыр╣Вр╕Фр╕вр╕гр╕зр╕б р╕кр╣Нр╕▓р╕лр╕гр╕▒р╕Ър╕гр╣Йр╕▓р╕Щр╕Щр╕╡р╣Йр╣Др╕зр╣Йр╣Гр╕Ир╣Др╕Фр╣Й р╕бр╕╡р╣Вр╕нр╕Бр╕▓р╕кр╕Ир╕░р╕кр╕▒р╣Ир╕Зр╕Лр╕╖р╣Йр╕нр╣Ар╕Юр╕┤р╣Ир╕б|fake
р╕Бр╕▒р╕Щр╕Щр╣Йр╣Нр╕▓р╕кр╣Нр╕▓р╕лр╕гр╕▒р╕Ър╣Гр╕Кр╣Йр╕Бр╕ер╕▓р╕Зр╣Бр╕Ир╣Йр╕Зр╣Бр╕ер╕░р╕кр╕▓р╕бр╕▓р╕гр╕Цр╕Др╕Зр╕Др╕зр╕▓р╕бр╕кр╕зр╣Ир╕▓р╕Зр╣Др╕Фр╣Йр╕Хр╕ер╕нр╕Фр╕Чр╕▒р╣Йр╕Зр╕Др╕╖р╕Щр╣Гр╕Щр╕зр╕▒р╕Щр╕Чр╕╡р╣Ир╕бр╕╡р╣Ар╕бр╕Ж р╕бр╕▒р╕Щр╕Др╣Ир╕нр╕Щр╕Вр╣Йр╕▓р╕Зр╕Фр╕╡ р╕Йр╕▒р╕Щр╕Ир╕░р╕Лр╕╖р╣Йр╕нр╕нр╕╡р╕Бр╕Др╕гр╕▒р╣Йр╕Зр╕Цр╣Йр╕▓р╕Ир╣Нр╕▓р╣Ар╕Ыр╣Зр╕Щ|fake
р╕Бр╕▓р╕гр╕Др╕╕р╣Йр╕бр╕Др╕гр╕нр╕Зр╕гр╕▒р╕Ър╕Ыр╕гр╕░р╕Бр╕▒р╕Щр╕Чр╕╡р╣Ир╕вр╕нр╕Фр╣Ар╕вр╕╡р╣Ир╕вр╕б!, р╕кр╕гр╣Йр╕▓р╕Зр╕Фр╣Йр╕зр╕вр╕зр╕▒р╕кр╕Фр╕╕р╕Чр╕╡р╣Ир╣Бр╕Вр╣Зр╕Зр╣Бр╕гр╕Зр╣Бр╕ер╕░р╕Чр╕Щр╕Чр╕▓р╕Щ!, р╕Бр╕▓р╕гр╣Гр╕лр╣Йр╣Бр╕кр╕Зр╕кр╕зр╣Ир╕▓р╕Зр╕Фр╣Йр╕зр╕вр╕Юр╕ер╕▒р╕Зр╕Зр╕▓р╕Щр╣Бр╕кр╕Зр╕нр╕▓р╕Чр╕┤р╕Хр╕вр╣Мр╕Чр╕╡р╣Ир╕кр╕░р╕Фр╕зр╕Бр╕кр╕Ър╕▓р╕в!, р╕Ыр╕гр╕░р╕лр╕вр╕▒р╕Фр╕Юр╕ер╕▒р╕Зр╕Зр╕▓р╕Щр╣Бр╕ер╕░р╣Ар╕Ыр╣Зр╕Щр╕бр╕┤р╕Хр╕гр╕Хр╣Ир╕нр╕кр╕┤р╣Ир╕Зр╣Бр╕зр╕Фр╕ер╣Йр╕нр╕б!,|fake
р╕Бр╕▓р╕гр╕Др╕╕р╣Йр╕бр╕Др╕гр╕нр╕Зр╕гр╕▒р╕Ър╕Ыр╕гр╕░р╕Бр╕▒р╕Щр╕Чр╕╡р╣Ир╕вр╕нр╕Фр╣Ар╕вр╕╡р╣Ир╕вр╕б!, р╕кр╕гр╣Йр╕▓р╕Зр╕Фр╣Йр╕зр╕вр╕зр╕▒р╕кр╕Фр╕╕р╕Чр╕╡р╣Ир╣Бр╕Вр╣Зр╕Зр╣Бр╕гр╕Зр╣Бр╕ер╕░р╕Чр╕Щр╕Чр╕▓р╕Щ!, р╕Юр╕ер╕▒р╕Зр╕Зр╕▓р╕Щр╣Бр╕кр╕Зр╕нр╕▓р╕Чр╕┤р╕Хр╕вр╣Мр╕Чр╕╡р╣Ир╣Гр╕Кр╣Йр╣Др╕Фр╣Йр╕Щр╕▓р╕Щ!, р╣Ар╕лр╕бр╕▓р╕░р╕кр╣Нр╕▓р╕лр╕гр╕▒р╕Ър╕Бр╕▓р╕гр╣Гр╕Кр╣Йр╕Зр╕▓р╕Щр╕Чр╕▒р╣Йр╕Зр╣Гр╕Щр╕гр╣Ир╕бр╣Бр╕ер╕░р╕Вр╣Йр╕▓р╕Зр╕Щр╕нр╕Б!,|fake
р╕Бр╕▓р╕гр╕Др╕╕р╣Йр╕бр╕Др╕гр╕нр╕Зр╕гр╕▒р╕Ър╕Ыр╕гр╕░р╕Бр╕▒р╕Щр╕Чр╕╡р╣Ир╕вр╕нр╕Фр╣Ар╕вр╕╡р╣Ир╕вр╕б!, р╣Ар╕лр╕бр╕▓р╕░р╕кр╣Нр╕▓р╕лр╕гр╕▒р╕Ър╣Гр╕Кр╣Йр╣Гр╕Щр╕Бр╕▓р╕гр╣Гр╕лр╣Йр╣Бр╕кр╕Зр╕кр╕зр╣Ир╕▓р╕Зр╕Вр╣Йр╕▓р╕Зр╕Щр╕нр╕Б!, р╕кр╕гр╣Йр╕▓р╕Зр╕Фр╣Йр╕зр╕вр╕зр╕▒р╕кр╕Фр╕╕р╕Чр╕╡р╣Ир╣Бр╕Вр╣Зр╕Зр╣Бр╕гр╕Зр╣Бр╕ер╕░р╕Чр╕Щр╕Чр╕▓р╕Щ!, р╕Бр╕▓р╕гр╣Гр╕лр╣Йр╣Бр╕кр╕Зр╕кр╕зр╣Ир╕▓р╕Зр╕Фр╣Йр╕зр╕вр╕Юр╕ер╕▒р╕Зр╕Зр╕▓р╕Щр╣Бр╕кр╕Зр╕нр╕▓р╕Чр╕┤р╕Хр╕вр╣Мр╕Чр╕╡р╣Ир╕кр╕░р╕Фр╕зр╕Бр╕кр╕Ър╕▓р╕в!, р╕Др╕зр╕▓р╕бр╕кр╕зр╣Ир╕▓р╕Зр╣Бр╕ер╕░р╕Др╕╕р╕Ур╕ар╕▓р╕Юр╕Чр╕╡р╣Ир╕Щр╣Ир╕▓р╕Ыр╕гр╕░р╕Чр╕▒р╕Ър╣Гр╕И!, р╕Бр╕▓р╕гр╣Гр╕лр╣Йр╣Бр╕кр╕Зр╕кр╕зр╣Ир╕▓р╕Зр╕Фр╣Йр╕зр╕вр╕Юр╕ер╕▒р╕Зр╕Зр╕▓р╕Щр╣Бр╕кр╕Зр╕нр╕▓р╕Чр╕┤р╕Хр╕вр╣Мр╕Чр╕╡р╣Ир╕кр╕░р╕Фр╕зр╕Бр╕кр╕Ър╕▓р╕в!, р╕лр╕ер╕▓р╕Бр╕лр╕ер╕▓р╕вр╣Бр╕ер╕░р╕бр╕╡р╕Яр╕▒р╕Зр╕Бр╣Мр╕Кр╕▒р╣Ир╕Щр╕лр╕ер╕▓р╕Бр╕лр╕ер╕▓р╕в!, р╣Ар╕лр╕бр╕▓р╕░р╕кр╣Нр╕▓р╕лр╕гр╕▒р╕Ър╕Бр╕▓р╕гр╣Гр╕Кр╣Йр╕Зр╕▓р╕Щр╕Чр╕▒р╣Йр╕Зр╣Гр╕Щр╕гр╣Ир╕бр╣Бр╕ер╕░р╕Вр╣Йр╕▓р╕Зр╕Щр╕нр╕Б!, р╣Ар╕лр╕бр╕▓р╕░р╕кр╣Нр╕▓р╕лр╕гр╕▒р╕Ър╕Бр╕▓р╕гр╣Гр╕Кр╣Йр╕Зр╕▓р╕Щр╕Чр╕▒р╣Йр╕Зр╣Гр╕Щр╕гр╣Ир╕бр╣Бр╕ер╕░р╕Вр╣Йр╕▓р╕Зр╕Щр╕нр╕Б!, р╕кр╕┤р╕Щр╕Др╣Йр╕▓р╕Чр╕╡р╣Ир╣Бр╕Щр╕░р╕Щр╣Нр╕▓р╕нр╕вр╣Ир╕▓р╕Зр╕вр╕┤р╣Ир╕З!, р╕кр╕┤р╕Щр╕Др╣Йр╕▓р╕Чр╕╡р╣Ир╣Бр╕Щр╕░р╕Щр╣Нр╕▓р╕нр╕вр╣Ир╕▓р╕Зр╕вр╕┤р╣Ир╕З!, р╕лр╕ер╕▓р╕Бр╕лр╕ер╕▓р╕вр╣Бр╕ер╕░р╕бр╕╡р╕Яр╕▒р╕Зр╕Бр╣Мр╕Кр╕▒р╣Ир╕Щр╕лр╕ер╕▓р╕Бр╕лр╕ер╕▓р╕в!, р╕Др╕зр╕▓р╕бр╕кр╕зр╣Ир╕▓р╕Зр╣Бр╕ер╕░р╕Др╕╕р╕Ур╕ар╕▓р╕Юр╕Чр╕╡р╣Ир╕Щр╣Ир╕▓р╕Ыр╕гр╕░р╕Чр╕▒р╕Ър╣Гр╕И!,|fake
р╕Бр╕▓р╕гр╕Ир╕▒р╕Фр╕кр╣Ир╕З р╕гр╕зр╕Фр╣Ар╕гр╣Зр╕зр╕Чр╕▒р╕Щр╣Гр╕Ир╕бр╕▓р╕Б р╕гр╕нр╣Др╕бр╣Ир╕Цр╕╢р╕З1 р╣Ар╕Фр╕╖р╕нр╕Щ р╕Бр╣Зр╣Др╕Фр╣Йр╕гр╕▒р╕Ър╕кр╕┤р╕Щр╕Др╣Йр╕▓ р╕Бр╕▓р╕гр╕Ър╕гр╕гр╕Ир╕╕р╕лр╕╡р╕Ър╕лр╣Ир╕нр╕Фр╕╡ р╣Др╕бр╣Ир╕бр╕╡р╣Ар╕кр╕╡р╕вр╕лр╕▓р╕вр╣Гр╕Ф р╕кр╕┤р╕Щр╕Др╣Йр╕▓р╕Фр╕╡р╕бр╕╡р╕Др╕╕р╕Ур╕ар╕▓р╕Ю р╕нр╕╡р╕Бр╣Бр╕ер╣Йр╕зр╕Др╕гр╕▒р╕Ър╕Чр╣Ир╕▓р╕Щ!!!|fake
р╕Бр╕▓р╕гр╕Ир╕▒р╕Фр╕кр╣Ир╕Зр╕кр╕┤р╕Щр╕Др╣Йр╕▓р╣Ар╕гр╣Зр╕зр╕бр╕▓р╕Б р╕кр╕▒р╣Ир╕Зр╣Гр╕лр╣Йр╕Др╕гр╕нр╕Ър╕Др╕гр╕▒р╕зр╕Чр╕╡р╣Ир╕Хр╣Ир╕▓р╕Зр╕Ир╕▒р╕Зр╕лр╕зр╕▒р╕Ф р╕гр╕зр╕Фр╣Ар╕гр╣Зр╕зр╕Чр╕▒р╕Щр╣Гр╕Ир╕бр╕▓р╕Бр╣Ар╕ер╕вр╕Др╕гр╕▒р╕Ъ р╕кр╕╕р╕Фр╕вр╕нр╕Фр╕бр╕▓р╕Б|fake
р╕Бр╕▓р╕гр╣Гр╕Кр╣Йр╕Зр╕▓р╕Щр╕Ир╕гр╕┤р╕Зр╕кр╕зр╣Ир╕▓р╕Зр╕Бр╕зр╣Ир╕▓р╕ар╕▓р╕Юр╕бр╕▓р╕Б р╕кр╣Ир╕зр╕Щр╕Вр╕нр╕Зр╣Бр╕Ьр╕Зр╕гр╕▒р╕Ър╣Бр╕кр╕Зр╕бр╕╡р╕Др╕зр╕▓р╕бр╣Бр╕Вр╣Зр╕Зр╣Бр╕гр╕Зр╕кр╕▓р╕вр╣Др╕Яр╕бр╕╡р╕Др╕зр╕▓р╕бр╕лр╕Щр╕▓р╣Бр╕ер╕░р╕вр╕▓р╕з р╕Ир╕╕р╕Фр╣Ар╕Кр╕╖р╣Ир╕нр╕бр╕Хр╣Ир╕нр╣Бр╕Щр╣Ир╕Щр╣Др╕бр╣Ир╕лр╕ер╕╕р╕Фр╕Фр╣Йр╕зр╕вр╣Бр╕гр╕Зр╕Шр╕гр╕гр╕бр╕Кр╕▓р╕Хр╕┤ р╕кр╣Ир╕зр╕Щр╕Чр╕╡р╣Ир╣Гр╕лр╣Йр╣Бр╕кр╕Зр╕кр╕зр╣Ир╕▓р╕Зр╣Гр╕лр╕Нр╣Ир╕Бр╕зр╣Ир╕▓р╕гр╕╕р╣Ир╕Щр╣Ар╕Фр╕┤р╕б р╕кр╕зр╣Ир╕▓р╕Зр╣Др╕Фр╣Йр╣Др╕Бр╕ер╕Фр╕╡ р╣Бр╕кр╕Зр╕Вр╕▓р╕зр╕Щр╕зр╕е р╕гр╕░р╕Фр╕▒р╕Ър╕Ыр╕гр╕▒р╕Ър╣Бр╕кр╕Зр╕Фр╣Йр╕зр╕вр╕гр╕╡р╣Вр╕бр╕Чр╕Хр╕нр╕Ър╕кр╕Щр╕нр╕Зр╣Др╕Фр╣Йр╕Фр╕╡р╕бр╕▓р╕Б р╕кр╕▓р╕бр╕▓р╕гр╕Цр╕Ыр╕гр╕▒р╕Ър╕ер╕Фр╣Ар╕Юр╕┤р╣Ир╕бр╣Бр╕кр╕Зр╣Др╕Фр╣Йр╕лр╕ер╕▓р╕вр╕гр╕░р╕Фр╕▒р╕Ър╕бр╕▓р╕Б р╕гр╕▓р╕Др╕▓р╕Щр╕╡р╣Йр╕ер╕╣р╕Бр╕Др╣Йр╕▓р╣Др╕Фр╣Йр╕Бр╣Нр╕▓р╣Др╕гр╕Ир╕▓р╕Бр╕Бр╕▓р╕гр╕ер╕Зр╕Чр╕╕р╕Щр╕Др╣Ир╕░|fake
р╕Бр╕▓р╕гр╕Хр╕┤р╕Фр╕Хр╕▒р╣Йр╕Зр╕Зр╣Ир╕▓р╕в, р╕Бр╕▓р╕гр╕Хр╕┤р╕Фр╕Хр╕▒р╣Йр╕Зр╕Зр╣Ир╕▓р╕в, р╕Бр╕▓р╕гр╕Хр╕┤р╕Фр╕Хр╕▒р╣Йр╕Зр╕Зр╣Ир╕▓р╕в, р╕Бр╕▓р╕гр╕Хр╕┤р╕Фр╕Хр╕▒р╣Йр╕Зр╕Зр╣Ир╕▓р╕в, р╕Бр╕▓р╕гр╕Хр╕┤р╕Фр╕Хр╕▒р╣Йр╕Зр╕Зр╣Ир╕▓р╕в, р╕Бр╕▓р╕гр╕Хр╕┤р╕Фр╕Хр╕▒р╣Йр╕Зр╕Зр╣Ир╕▓р╕в, р╕Бр╕▓р╕гр╕Хр╕┤р╕Фр╕Хр╕▒р╣Йр╕Зр╕Зр╣Ир╕▓р╕в,|fake
р╕Бр╕▓р╕гр╕Хр╕┤р╕Фр╕Хр╕▒р╣Йр╕Зр╕Зр╣Ир╕▓р╕в, р╕Др╕зр╕▓р╕бр╕кр╕зр╣Ир╕▓р╕Зр╕Чр╕╡р╣Ир╕Щр╣Ир╕▓р╕Ыр╕гр╕░р╕Чр╕▒р╕Ър╣Гр╕И, р╣Др╕Яр╣Вр╕Лр╕ер╣Ир╕▓р╣Ар╕Лр╕ер╕ер╣Мр╕Чр╕╡р╣Ир╕Фр╕╡р╕бр╕▓р╕Б!, р╕нр╕▓р╕вр╕╕р╣Бр╕Ър╕Хр╣Ар╕Хр╕нр╕гр╕╡р╣Ир╕Чр╕╡р╣Ир╕вр╕▓р╕зр╕Щр╕▓р╕Щ, р╣Ар╕лр╕бр╕▓р╕░р╕кр╣Нр╕▓р╕лр╕гр╕▒р╕Ър╣Гр╕Кр╣Йр╕Бр╕ер╕▓р╕Зр╣Бр╕Ир╣Йр╕З, р╕Бр╕▒р╕Щр╕Щр╣Йр╣Нр╕▓р╣Бр╕ер╕░р╕Чр╕Щр╕Чр╕▓р╕Щ, р╕Ыр╕гр╕░р╕лр╕вр╕▒р╕Фр╕Юр╕ер╕▒р╕Зр╕Зр╕▓р╕Щр╣Бр╕ер╕░р╣Ар╕Ыр╣Зр╕Щр╕бр╕┤р╕Хр╕гр╕Бр╕▒р╕Ър╕кр╕┤р╣Ир╕Зр╣Бр╕зр╕Фр╕ер╣Йр╕нр╕б, р╕гр╕╡р╣Вр╕бр╕Чр╕Чр╕╡р╣Ир╕кр╕░р╕Фр╕зр╕Бр╣Гр╕Кр╣Й,Color family:8000WTOP10|fake
р╕Бр╕▓р╕гр╕кр╣Ир╕Зр╕гр╕зр╕Фр╣Ар╕гр╣Зр╕з р╣Гр╕Кр╣Йр╕Зр╕▓р╕Щр╣Др╕Фр╣Йр╕Ыр╕Бр╕Хр╕┤ р╣Др╕бр╣Ир╣Ар╕кр╕╡р╕вр╕лр╕▓р╕в р╕Хр╣Йр╕нр╕Зр╕Фр╕╣р╕Щр╕▓р╕Щр╣Жр╕зр╣Ир╕▓р╕Ир╕░р╕кр╕▓р╕бр╕▓р╕гр╕Цр╣Гр╕Кр╣Йр╕Зр╕▓р╕Щр╕Чр╕Щр╣Бр╕Фр╕Фр╕Чр╕Щр╕Эр╕Щр╣Др╕Фр╣Йр╕Щр╕▓р╕Щр╕лр╕гр╕╖р╕нр╣Др╕бр╣И|fake
р╕Бр╕▓р╕гр╣Гр╕лр╣Йр╣Бр╕кр╕Зр╕кр╕зр╣Ир╕▓р╕Зр╕Фр╣Йр╕зр╕вр╕Юр╕ер╕▒р╕Зр╕Зр╕▓р╕Щр╣Бр╕кр╕Зр╕нр╕▓р╕Чр╕┤р╕Хр╕вр╣Мр╕Чр╕╡р╣Ир╕кр╕░р╕Фр╕зр╕Бр╕кр╕Ър╕▓р╕в!, р╕Бр╕▓р╕гр╕Др╕╕р╣Йр╕бр╕Др╕гр╕нр╕Зр╕гр╕▒р╕Ър╕Ыр╕гр╕░р╕Бр╕▒р╕Щр╕Чр╕╡р╣Ир╕вр╕нр╕Фр╣Ар╕вр╕╡р╣Ир╕вр╕б!, р╕Др╕╕р╣Йр╕бр╕Др╣Ир╕▓р╕Бр╕▒р╕Ър╕гр╕▓р╕Др╕▓р╕Чр╕╡р╣Ир╕Ир╣Ир╕▓р╕в!,|fake
р╕Бр╕▓р╕гр╣Гр╕лр╣Йр╣Бр╕кр╕Зр╕кр╕зр╣Ир╕▓р╕Зр╕Фр╣Йр╕зр╕вр╕Юр╕ер╕▒р╕Зр╕Зр╕▓р╕Щр╣Бр╕кр╕Зр╕нр╕▓р╕Чр╕┤р╕Хр╕вр╣Мр╕Чр╕╡р╣Ир╕кр╕░р╕Фр╕зр╕Бр╕кр╕Ър╕▓р╕в!, р╕Бр╕▓р╕гр╕нр╕нр╕Бр╣Бр╕Ър╕Ър╕Чр╕╡р╣Ир╕лр╕гр╕╣р╕лр╕гр╕▓р╣Бр╕ер╕░р╕Чр╕▒р╕Щр╕кр╕бр╕▒р╕в!, р╕Бр╕▓р╕гр╕нр╕нр╕Бр╣Бр╕Ър╕Ър╕Чр╕╡р╣Ир╕лр╕гр╕╣р╕лр╕гр╕▓р╣Бр╕ер╕░р╕Чр╕▒р╕Щр╕кр╕бр╕▒р╕в!, р╕Бр╕▓р╕гр╕нр╕нр╕Бр╣Бр╕Ър╕Ър╕Чр╕╡р╣Ир╕лр╕гр╕╣р╕лр╕гр╕▓р╣Бр╕ер╕░р╕Чр╕▒р╕Щр╕кр╕бр╕▒р╕в!, р╕Бр╕▓р╕гр╕нр╕нр╕Бр╣Бр╕Ър╕Ър╕Чр╕╡р╣Ир╕лр╕гр╕╣р╕лр╕гр╕▓р╣Бр╕ер╕░р╕Чр╕▒р╕Щр╕кр╕бр╕▒р╕в!, р╕Бр╕▓р╕гр╕нр╕нр╕Бр╣Бр╕Ър╕Ър╕Чр╕╡р╣Ир╕лр╕гр╕╣р╕лр╕гр╕▓р╣Бр╕ер╕░р╕Чр╕▒р╕Щр╕кр╕бр╕▒р╕в!, р╕Бр╕▓р╕гр╣Гр╕лр╣Йр╣Бр╕кр╕Зр╕кр╕зр╣Ир╕▓р╕Зр╕Фр╣Йр╕зр╕вр╕Юр╕ер╕▒р╕Зр╕Зр╕▓р╕Щр╣Бр╕кр╕Зр╕нр╕▓р╕Чр╕┤р╕Хр╕вр╣Мр╕Чр╕╡р╣Ир╕кр╕░р╕Фр╕зр╕Бр╕кр╕Ър╕▓р╕в!, р╕Бр╕▓р╕гр╕нр╕нр╕Бр╣Бр╕Ър╕Ър╕Чр╕╡р╣Ир╕лр╕гр╕╣р╕лр╕гр╕▓р╣Бр╕ер╕░р╕Чр╕▒р╕Щр╕кр╕бр╕▒р╕в!, р╕лр╕ер╕▓р╕Бр╕лр╕ер╕▓р╕вр╣Бр╕ер╕░р╕бр╕╡р╕Яр╕▒р╕Зр╕Бр╣Мр╕Кр╕▒р╣Ир╕Щр╕лр╕ер╕▓р╕Бр╕лр╕ер╕▓р╕в!, р╕лр╕ер╕▓р╕Бр╕лр╕ер╕▓р╕вр╣Бр╕ер╕░р╕бр╕╡р╕Яр╕▒р╕Зр╕Бр╣Мр╕Кр╕▒р╣Ир╕Щр╕лр╕ер╕▓р╕Бр╕лр╕ер╕▓р╕в!, р╕лр╕ер╕▓р╕Бр╕лр╕ер╕▓р╕вр╣Бр╕ер╕░р╕бр╕╡р╕Яр╕▒р╕Зр╕Бр╣Мр╕Кр╕▒р╣Ир╕Щр╕лр╕ер╕▓р╕Бр╕лр╕ер╕▓р╕в!, р╕Бр╕▓р╕гр╣Гр╕лр╣Йр╣Бр╕кр╕Зр╕кр╕зр╣Ир╕▓р╕Зр╕Фр╣Йр╕зр╕вр╕Юр╕ер╕▒р╕Зр╕Зр╕▓р╕Щр╣Бр╕кр╕Зр╕нр╕▓р╕Чр╕┤р╕Хр╕вр╣Мр╕Чр╕╡р╣Ир╕кр╕░р╕Фр╕зр╕Бр╕кр╕Ър╕▓р╕в!, р╕Бр╕▓р╕гр╕нр╕нр╕Бр╣Бр╕Ър╕Ър╕Чр╕╡р╣Ир╕лр╕гр╕╣р╕лр╕гр╕▓р╣Бр╕ер╕░р╕Чр╕▒р╕Щр╕кр╕бр╕▒р╕в!, р╕Бр╕▓р╕гр╕нр╕нр╕Бр╣Бр╕Ър╕Ър╕Чр╕╡р╣Ир╕лр╕гр╕╣р╕лр╕гр╕▓р╣Бр╕ер╕░р╕Чр╕▒р╕Щр╕кр╕бр╕▒р╕в!,|fake
р╕Бр╕▓р╕гр╣Гр╕лр╣Йр╣Бр╕кр╕Зр╕кр╕зр╣Ир╕▓р╕Зр╕Фр╣Йр╕зр╕вр╕Юр╕ер╕▒р╕Зр╕Зр╕▓р╕Щр╣Бр╕кр╕Зр╕нр╕▓р╕Чр╕┤р╕Хр╕вр╣Мр╕Чр╕╡р╣Ир╕кр╕░р╕Фр╕зр╕Бр╕кр╕Ър╕▓р╕в!, р╕Др╕╕р╣Йр╕бр╕Др╣Ир╕▓р╕Бр╕▒р╕Ър╕гр╕▓р╕Др╕▓р╕Чр╕╡р╣Ир╕Ир╣Ир╕▓р╕в!, р╕Бр╕▓р╕гр╕нр╕нр╕Бр╣Бр╕Ър╕Ър╕Чр╕╡р╣Ир╕лр╕гр╕╣р╕лр╕гр╕▓р╣Бр╕ер╕░р╕Чр╕▒р╕Щр╕кр╕бр╕▒р╕в!,|fake
р╕Бр╕▓р╕гр╣Гр╕лр╣Йр╣Бр╕кр╕Зр╕кр╕зр╣Ир╕▓р╕Зр╕Фр╣Йр╕зр╕вр╕Юр╕ер╕▒р╕Зр╕Зр╕▓р╕Щр╣Бр╕кр╕Зр╕нр╕▓р╕Чр╕┤р╕Хр╕вр╣Мр╕Чр╕╡р╣Ир╕кр╕░р╕Фр╕зр╕Бр╕кр╕Ър╕▓р╕в!, р╕Ыр╕гр╕░р╕кр╕┤р╕Чр╕Шр╕┤р╕ар╕▓р╕Юр╣Бр╕ер╕░р╕Др╕зр╕▓р╕бр╣Ар╕Кр╕╖р╣Ир╕нр╕Цр╕╖р╕нр╣Др╕Фр╣Й!, р╕Др╕зр╕▓р╕бр╕кр╕зр╣Ир╕▓р╕Зр╣Бр╕ер╕░р╕Др╕╕р╕Ур╕ар╕▓р╕Юр╕Чр╕╡р╣Ир╕Щр╣Ир╕▓р╕Ыр╕гр╕░р╕Чр╕▒р╕Ър╣Гр╕И!, р╕Юр╕ер╕▒р╕Зр╕Зр╕▓р╕Щр╣Бр╕кр╕Зр╕нр╕▓р╕Чр╕┤р╕Хр╕вр╣Мр╕Чр╕╡р╣Ир╣Гр╕Кр╣Йр╣Др╕Фр╣Йр╕Щр╕▓р╕Щ!, р╕Ыр╕гр╕░р╕лр╕вр╕▒р╕Фр╕Юр╕ер╕▒р╕Зр╕Зр╕▓р╕Щр╣Бр╕ер╕░р╣Ар╕Ыр╣Зр╕Щр╕бр╕┤р╕Хр╕гр╕Хр╣Ир╕нр╕кр╕┤р╣Ир╕Зр╣Бр╕зр╕Фр╕ер╣Йр╕нр╕б!,|fake
р╕Бр╕▓р╕гр╣Гр╕лр╣Йр╣Бр╕кр╕Зр╕кр╕зр╣Ир╕▓р╕Зр╕Фр╣Йр╕зр╕вр╕Юр╕ер╕▒р╕Зр╕Зр╕▓р╕Щр╣Бр╕кр╕Зр╕нр╕▓р╕Чр╕┤р╕Хр╕вр╣Мр╕Чр╕╡р╣Ир╕кр╕░р╕Фр╕зр╕Бр╕кр╕Ър╕▓р╕в!, р╕Ыр╕гр╕░р╕кр╕┤р╕Чр╕Шр╕┤р╕ар╕▓р╕Юр╣Бр╕ер╕░р╕Др╕зр╕▓р╕бр╣Ар╕Кр╕╖р╣Ир╕нр╕Цр╕╖р╕нр╣Др╕Фр╣Й!, р╕Др╕╕р╣Йр╕бр╕Др╣Ир╕▓р╕Бр╕▒р╕Ър╕гр╕▓р╕Др╕▓р╕Чр╕╡р╣Ир╕Ир╣Ир╕▓р╕в!,|fake
р╕Бр╕▓р╕гр╣Гр╕лр╣Йр╣Бр╕кр╕Зр╕кр╕зр╣Ир╕▓р╕Зр╕Фр╣Йр╕зр╕вр╕Юр╕ер╕▒р╕Зр╕Зр╕▓р╕Щр╣Бр╕кр╕Зр╕нр╕▓р╕Чр╕┤р╕Хр╕вр╣Мр╕Чр╕╡р╣Ир╕кр╕░р╕Фр╕зр╕Бр╕кр╕Ър╕▓р╕в!, р╕Юр╕ер╕▒р╕Зр╕Зр╕▓р╕Щр╣Бр╕кр╕Зр╕нр╕▓р╕Чр╕┤р╕Хр╕вр╣Мр╕Чр╕╡р╣Ир╣Гр╕Кр╣Йр╣Др╕Фр╣Йр╕Щр╕▓р╕Щ!, р╕кр╕гр╣Йр╕▓р╕Зр╕Фр╣Йр╕зр╕вр╕зр╕▒р╕кр╕Фр╕╕р╕Чр╕╡р╣Ир╣Бр╕Вр╣Зр╕Зр╣Бр╕гр╕Зр╣Бр╕ер╕░р╕Чр╕Щр╕Чр╕▓р╕Щ!, р╕Зр╣Ир╕▓р╕вр╕Хр╣Ир╕нр╕Бр╕▓р╕гр╕Хр╕┤р╕Фр╕Хр╕▒р╣Йр╕Зр╣Бр╕ер╕░р╣Гр╕Кр╣Йр╕Зр╕▓р╕Щ!, р╣Др╕Я LED р╕кр╕зр╣Ир╕▓р╕Зр╕бр╕▓р╕Бр╕бр╕▓р╕в!,|fake
р╕Бр╕▓р╕гр╣Гр╕лр╣Йр╣Бр╕кр╕Зр╕кр╕зр╣Ир╕▓р╕Зр╕Фр╣Йр╕зр╕вр╕Юр╕ер╕▒р╕Зр╕Зр╕▓р╕Щр╣Бр╕кр╕Зр╕нр╕▓р╕Чр╕┤р╕Хр╕вр╣Мр╕Чр╕╡р╣Ир╕кр╕░р╕Фр╕зр╕Бр╕кр╕Ър╕▓р╕в!, р╕Юр╕ер╕▒р╕Зр╕Зр╕▓р╕Щр╣Бр╕кр╕Зр╕нр╕▓р╕Чр╕┤р╕Хр╕вр╣Мр╕Чр╕╡р╣Ир╣Гр╕Кр╣Йр╣Др╕Фр╣Йр╕Щр╕▓р╕Щ!, р╣Ар╕кр╕╡р╕вр╕нр╕вр╣Ир╕▓р╕З 1000w р╕Чр╣Нр╕▓р╣Др╕бр╣Ар╕ер╣Зр╕Бр╕Др╕гр╕▒р╕Ъ|fake
р╕Бр╕▓р╕гр╣Гр╕лр╣Йр╣Бр╕кр╕Зр╕кр╕зр╣Ир╕▓р╕Зр╕Фр╣Йр╕зр╕вр╕Юр╕ер╕▒р╕Зр╕Зр╕▓р╕Щр╣Бр╕кр╕Зр╕нр╕▓р╕Чр╕┤р╕Хр╕вр╣Мр╕Чр╕╡р╣Ир╕кр╕░р╕Фр╕зр╕Бр╕кр╕Ър╕▓р╕в!, р╣Др╕Яр╣Вр╕Лр╕ер╣Ир╕▓р╣Ар╕Лр╕ер╕ер╣Мр╕Чр╕╡р╣Ир╕вр╕нр╕Фр╣Ар╕вр╕╡р╣Ир╕вр╕б!, р╕Ыр╕гр╕░р╕лр╕вр╕▒р╕Фр╕Юр╕ер╕▒р╕Зр╕Зр╕▓р╕Щр╣Бр╕ер╕░р╣Ар╕Ыр╣Зр╕Щр╕бр╕┤р╕Хр╕гр╕Хр╣Ир╕нр╕кр╕┤р╣Ир╕Зр╣Бр╕зр╕Фр╕ер╣Йр╕нр╕б!,|fake
р╕Бр╕▓р╕гр╣Гр╕лр╣Йр╣Бр╕кр╕Зр╕кр╕зр╣Ир╕▓р╕Зр╕Фр╣Йр╕зр╕вр╕Юр╕ер╕▒р╕Зр╕Зр╕▓р╕Щр╣Бр╕кр╕Зр╕нр╕▓р╕Чр╕┤р╕Хр╕вр╣Мр╕Чр╕╡р╣Ир╕кр╕░р╕Фр╕зр╕Бр╕кр╕Ър╕▓р╕в!, р╕кр╕┤р╕Щр╕Др╣Йр╕▓р╕Чр╕╡р╣Ир╣Бр╕Щр╕░р╕Щр╣Нр╕▓р╕нр╕вр╣Ир╕▓р╕Зр╕вр╕┤р╣Ир╕З!, р╕Др╕зр╕▓р╕бр╕кр╕зр╣Ир╕▓р╕Зр╣Бр╕ер╕░р╕Др╕╕р╕Ур╕ар╕▓р╕Юр╕Чр╕╡р╣Ир╕Щр╣Ир╕▓р╕Ыр╕гр╕░р╕Чр╕▒р╕Ър╣Гр╕И!, р╕лр╕ер╕▓р╕Бр╕лр╕ер╕▓р╕вр╣Бр╕ер╕░р╕бр╕╡р╕Яр╕▒р╕Зр╕Бр╣Мр╕Кр╕▒р╣Ир╕Щр╕лр╕ер╕▓р╕Бр╕лр╕ер╕▓р╕в!,|fake
р╕Бр╕▓р╕гр╣Гр╕лр╣Йр╣Бр╕кр╕Зр╕кр╕зр╣Ир╕▓р╕Зр╕Фр╣Йр╕зр╕вр╕Юр╕ер╕▒р╕Зр╕Зр╕▓р╕Щр╣Бр╕кр╕Зр╕нр╕▓р╕Чр╕┤р╕Хр╕вр╣Мр╕Чр╕╡р╣Ир╕кр╕░р╕Фр╕зр╕Бр╕кр╕Ър╕▓р╕в!, р╕кр╕┤р╕Щр╕Др╣Йр╕▓р╕Чр╕╡р╣Ир╣Бр╕Щр╕░р╕Щр╣Нр╕▓р╕нр╕вр╣Ир╕▓р╕Зр╕вр╕┤р╣Ир╕З!, р╕Зр╣Ир╕▓р╕вр╕Хр╣Ир╕нр╕Бр╕▓р╕гр╕Хр╕┤р╕Фр╕Хр╕▒р╣Йр╕Зр╣Бр╕ер╕░р╣Гр╕Кр╣Йр╕Зр╕▓р╕Щ!, р╣Ар╕лр╕бр╕▓р╕░р╕кр╣Нр╕▓р╕лр╕гр╕▒р╕Ър╕Бр╕▓р╕гр╣Гр╕Кр╣Йр╕Зр╕▓р╕Щр╕Чр╕▒р╣Йр╕Зр╣Гр╕Щр╕гр╣Ир╕бр╣Бр╕ер╕░р╕Вр╣Йр╕▓р╕Зр╕Щр╕нр╕Б!,|fake
р╕Бр╕▓р╕гр╣Гр╕лр╣Йр╣Бр╕кр╕Зр╕кр╕зр╣Ир╕▓р╕Зр╕Фр╣Йр╕зр╕вр╕Юр╕ер╕▒р╕Зр╕Зр╕▓р╕Щр╣Бр╕кр╕Зр╕нр╕▓р╕Чр╕┤р╕Хр╕вр╣Мр╕Чр╕╡р╣Ир╕кр╕░р╕Фр╕зр╕Бр╕кр╕Ър╕▓р╕в!, р╕лр╕ер╕▓р╕Бр╕лр╕ер╕▓р╕вр╣Бр╕ер╕░р╕бр╕╡р╕Яр╕▒р╕Зр╕Бр╣Мр╕Кр╕▒р╣Ир╕Щр╕лр╕ер╕▓р╕Бр╕лр╕ер╕▓р╕в!, р╕кр╕┤р╕Щр╕Др╣Йр╕▓р╕Чр╕╡р╣Ир╣Бр╕Щр╕░р╕Щр╣Нр╕▓р╕нр╕вр╣Ир╕▓р╕Зр╕вр╕┤р╣Ир╕З!,|fake
р╕Бр╕▓р╕гр╕нр╕нр╕Бр╣Бр╕Ър╕Ър╕Чр╕╡р╣Ир╕лр╕гр╕╣р╕лр╕гр╕▓р╣Бр╕ер╕░р╕Чр╕▒р╕Щр╕кр╕бр╕▒р╕в!, р╕Ыр╕гр╕░р╕кр╕┤р╕Чр╕Шр╕┤р╕ар╕▓р╕Юр╣Бр╕ер╕░р╕Др╕зр╕▓р╕бр╣Ар╕Кр╕╖р╣Ир╕нр╕Цр╕╖р╕нр╣Др╕Фр╣Й!, р╕Зр╣Ир╕▓р╕вр╕Хр╣Ир╕нр╕Бр╕▓р╕гр╕Хр╕┤р╕Фр╕Хр╕▒р╣Йр╕Зр╣Бр╕ер╕░р╣Гр╕Кр╣Йр╕Зр╕▓р╕Щ!,|fake
р╕Бр╕▓р╕гр╕нр╕нр╕Бр╣Бр╕Ър╕Ър╕Чр╕╡р╣Ир╕лр╕гр╕╣р╕лр╕гр╕▓р╣Бр╕ер╕░р╕Чр╕▒р╕Щр╕кр╕бр╕▒р╕в!, р╕Ыр╕гр╕░р╕лр╕вр╕▒р╕Фр╕Юр╕ер╕▒р╕Зр╕Зр╕▓р╕Щр╣Бр╕ер╕░р╣Ар╕Ыр╣Зр╕Щр╕бр╕┤р╕Хр╕гр╕Хр╣Ир╕нр╕кр╕┤р╣Ир╕Зр╣Бр╕зр╕Фр╕ер╣Йр╕нр╕б!, р╕кр╕гр╣Йр╕▓р╕Зр╕Фр╣Йр╕зр╕вр╕зр╕▒р╕кр╕Фр╕╕р╕Чр╕╡р╣Ир╣Бр╕Вр╣Зр╕Зр╣Бр╕гр╕Зр╣Бр╕ер╕░р╕Чр╕Щр╕Чр╕▓р╕Щ!, р╕Др╕зр╕▓р╕бр╕кр╕зр╣Ир╕▓р╕Зр╣Бр╕ер╕░р╕Др╕╕р╕Ур╕ар╕▓р╕Юр╕Чр╕╡р╣Ир╕Щр╣Ир╕▓р╕Ыр╕гр╕░р╕Чр╕▒р╕Ър╣Гр╕И!, р╕Ыр╕гр╕░р╕лр╕вр╕▒р╕Фр╕Юр╕ер╕▒р╕Зр╕Зр╕▓р╕Щр╣Бр╕ер╕░р╣Ар╕Ыр╣Зр╕Щр╕бр╕┤р╕Хр╕гр╕Хр╣Ир╕нр╕кр╕┤р╣Ир╕Зр╣Бр╕зр╕Фр╕ер╣Йр╕нр╕б!, р╕Бр╕▓р╕гр╕нр╕нр╕Бр╣Бр╕Ър╕Ър╕Чр╕╡р╣Ир╕лр╕гр╕╣р╕лр╕гр╕▓р╣Бр╕ер╕░р╕Чр╕▒р╕Щр╕кр╕бр╕▒р╕в!,|fake
р╕Бр╕▓р╕гр╕нр╕нр╕Бр╣Бр╕Ър╕Ър╕Чр╕╡р╣Ир╕лр╕гр╕╣р╕лр╕гр╕▓р╣Бр╕ер╕░р╕Чр╕▒р╕Щр╕кр╕бр╕▒р╕в!, р╣Др╕Яр╣Вр╕Лр╕ер╣Ир╕▓р╣Ар╕Лр╕ер╕ер╣Мр╕Чр╕╡р╣Ир╕вр╕нр╕Фр╣Ар╕вр╕╡р╣Ир╕вр╕б!, р╕кр╕гр╣Йр╕▓р╕Зр╕Фр╣Йр╕зр╕вр╕зр╕▒р╕кр╕Фр╕╕р╕Чр╕╡р╣Ир╣Бр╕Вр╣Зр╕Зр╣Бр╕гр╕Зр╣Бр╕ер╕░р╕Чр╕Щр╕Чр╕▓р╕Щ!, р╕Бр╕▓р╕гр╕Др╕╕р╣Йр╕бр╕Др╕гр╕нр╕Зр╕гр╕▒р╕Ър╕Ыр╕гр╕░р╕Бр╕▒р╕Щр╕Чр╕╡р╣Ир╕вр╕нр╕Фр╣Ар╕вр╕╡р╣Ир╕вр╕б!,|fake
р╕Бр╕▓р╕гр╕нр╕нр╕Бр╣Бр╕Ър╕Ър╕Чр╕╡р╣Ир╕лр╕гр╕╣р╕лр╕гр╕▓р╣Бр╕ер╕░р╕Чр╕▒р╕Щр╕кр╕бр╕▒р╕в!, р╕кр╕гр╣Йр╕▓р╕Зр╕Фр╣Йр╕зр╕вр╕зр╕▒р╕кр╕Фр╕╕р╕Чр╕╡р╣Ир╣Бр╕Вр╣Зр╕Зр╣Бр╕гр╕Зр╣Бр╕ер╕░р╕Чр╕Щр╕Чр╕▓р╕Щ!, р╣Др╕Я LED р╕кр╕зр╣Ир╕▓р╕Зр╕бр╕▓р╕Бр╕бр╕▓р╕в!,|fake
р╕Бр╕▓р╕гр╕нр╕нр╕Бр╣Бр╕Ър╕Ър╕Чр╕╡р╣Ир╕лр╕гр╕╣р╕лр╕гр╕▓р╣Бр╕ер╕░р╕Чр╕▒р╕Щр╕кр╕бр╕▒р╕в!, р╣Ар╕лр╕бр╕▓р╕░р╕кр╣Нр╕▓р╕лр╕гр╕▒р╕Ър╣Гр╕Кр╣Йр╣Гр╕Щр╕Бр╕▓р╕гр╣Гр╕лр╣Йр╣Бр╕кр╕Зр╕кр╕зр╣Ир╕▓р╕Зр╕Вр╣Йр╕▓р╕Зр╕Щр╕нр╕Б!, р╕Ыр╕гр╕░р╕лр╕вр╕▒р╕Фр╕Юр╕ер╕▒р╕Зр╕Зр╕▓р╕Щр╣Бр╕ер╕░р╣Ар╕Ыр╣Зр╕Щр╕бр╕┤р╕Хр╕гр╕Хр╣Ир╕нр╕кр╕┤р╣Ир╕Зр╣Бр╕зр╕Фр╕ер╣Йр╕нр╕б!, р╣Др╕Яр╣Вр╕Лр╕ер╣Ир╕▓р╣Ар╕Лр╕ер╕ер╣Мр╕Чр╕╡р╣Ир╕вр╕нр╕Фр╣Ар╕вр╕╡р╣Ир╕вр╕б!,|fake
р╕Бр╕▓р╕гр╕нр╕нр╕Бр╣Бр╕Ър╕Ър╕Чр╕╡р╣Ир╕лр╕гр╕╣р╕лр╕гр╕▓р╣Бр╕ер╕░р╕Чр╕▒р╕Щр╕кр╕бр╕▒р╕в!, р╣Ар╕лр╕бр╕▓р╕░р╕кр╣Нр╕▓р╕лр╕гр╕▒р╕Ър╣Гр╕Кр╣Йр╣Гр╕Щр╕Бр╕▓р╕гр╣Гр╕лр╣Йр╣Бр╕кр╕Зр╕кр╕зр╣Ир╕▓р╕Зр╕Вр╣Йр╕▓р╕Зр╕Щр╕нр╕Б!, р╕Юр╕ер╕▒р╕Зр╕Зр╕▓р╕Щр╣Бр╕кр╕Зр╕нр╕▓р╕Чр╕┤р╕Хр╕вр╣Мр╕Чр╕╡р╣Ир╣Гр╕Кр╣Йр╣Др╕Фр╣Йр╕Щр╕▓р╕Щ!,|fake
р╕Вр╕Щр╕кр╣Ир╕Зр╕Фр╕╡р╕Бр╕ер╣Ир╕нр╕Зр╣Др╕бр╣Ир╕Ър╕╕р╕Ър╕лр╕гр╕╖р╕нр╕Йр╕╖р╕Бр╕Вр╕▓р╕Фр╕кр╕┤р╕Щр╕Др╣Йр╕▓р╣Др╕бр╣Ир╕Кр╣Нр╕▓р╕гр╕╕р╕Фр╣Ар╕кр╕╡р╕вр╕лр╕▓р╕вр╣Бр╕Хр╣Ир╣Др╕бр╣Ир╕бр╕╡р╕Хр╕▒р╕зр╕Бр╕▒р╕Щр╕Бр╕гр╕░р╣Бр╕Чр╕Бр╕лр╣Ир╕нр╕кр╕┤р╣Йр╕Щр╕Др╣Йр╕▓р╕бр╕▓р╣Гр╕лр╣Йр╣Бр╕Хр╣Ир╕кр╕┤р╕Щр╕Др╣Йр╕▓р╕Хр╕гр╕Зр╕Ыр╕Бр╕Хр╕▓р╕бр╕Чр╕╡р╣Ир╕кр╕▒р╣Ир╕З|fake
р╕Вр╕нр╕Зр╕Др╕гр╕Ър╕Цр╣Йр╕зр╕Щ р╕Хр╣Йр╕нр╕Зр╕ер╕нр╕Зр╣Гр╕Кр╣Йр╕Зр╕▓р╕Щр╕Щр╕Щр╕Щр╕Щр╕Щр╕Щр╕Щр╕Щр╕Щр╕Щр╕Щр╕Щр╕Щр╕Щр╕Щр╕Щр╕Щр╕Щр╕Щр╕Щр╕Щр╕Щр╕Щр╕Щр╕Щр╕Щр╕Щр╕Щр╕Щр╕Щр╕Щр╕Щр╕Щр╕Щр╕Щр╕Щр╕Щр╕Щр╕Щр╕Щр╕Щр╕Щр╕Щр╕Щр╕Щр╕Щр╕Щр╕гр╕Щр╕Щр╕Щр╕гр╕гр╕Щр╕гр╕гр╕гр╕▓|fake
р╕Вр╕нр╕Зр╕Фр╕╡р╕Хр╕гр╕Зр╕Ыр╕гр╕Бр╕кр╣Ир╕Зр╣Ар╕гр╣Зр╕зр╕кр╕зр╣Ир╕▓р╕Зр╕Фр╕╡р╣Ар╕ер╕вр╕Др╕гр╕▒р╕Ър╕кр╕▒р╣Ир╕Зр╕ер╕нр╕Ър╕Чр╕╡р╣Ир╕кр╕нр╕Зр╣Бр╕ер╣Йр╕зр╕Др╕гр╕▒р╕Ър╕кр╕зр╣Ир╕▓р╕Зр╕Цр╕╢р╕Зр╕Хр╕нр╕Щр╣Ар╕Кр╣Йр╕▓р╣Ар╕ер╕вр╕Др╕гр╕▒р╕Ър╕Фр╕╡р╕бр╕▓р╕Бр╕Др╕гр╕▒р╕Ъ|fake
р╕Вр╕нр╕Зр╕Хр╕гр╕Зр╕Ыр╕гр╕Бр╕кр╣Ир╕Зр╕Ир╕гр╕┤р╕Зр╕кр╣Ир╕Зр╣Ар╕гр╣Зр╕зр╕кр╕▒р╣Ир╕Зр╕Др╕гр╕▒р╣Йр╕Зр╕Чр╕╡р╣Ир╕кр╕нр╕Зр╣Бр╕ер╣Йр╕зр╕Щр╕░р╕Др╕гр╕▒р╕Ър╕кр╕зр╣Ир╕▓р╕Зр╕Фр╕╡р╕Др╕гр╕▒р╕Ър╕кр╕зр╣Ир╕▓р╕Зр╕Ир╕Щр╕Цр╕╢р╕Зр╣Ар╕Кр╣Йр╕▓р╣Ар╕ер╕вр╕Щр╕░р╕Др╕гр╕▒р╕Ър╣Бр╕Щр╣Ир╕Щр╣Нр╕▓р╕гр╣Йр╕▓р╕Щр╕Щр╕╡р╣Йр╣Ар╕ер╕вр╕Щр╕░р╕Др╕гр╕▒р╕Ъ|fake
р╕Вр╕нр╕Зр╕бр╕▓р╕кр╕ар╕▓р╕Юр╕Фр╕╡р╕бр╕▓р╕Бр╕Др╕гр╕▒р╕Ър╕Вр╕нр╕Зр╕Др╕гр╕Ър╕Хр╕▓р╕бр╕Чр╕╡р╣Ир╕кр╕▒р╣Ир╕Зр╣Гр╕Кр╣Йр╣Др╕Фр╣Йр╕Ыр╕Бр╕Хр╕┤р╕Чр╕▒р╣Йр╕Зр╕кр╕нр╕Зр╕Хр╕▒р╕зр╣Ар╕ер╕вр╕Др╕гр╕▒р╕Ър╕Кр╕нр╕Ър╕Др╕гр╕▒р╕Ър╕Фр╕╡р╕Др╕гр╕▒р╕Ъ|fake
р╕Вр╕нр╕Зр╕кр╣Ир╕Зр╣Ар╕гр╣Зр╕з р╣Ар╕лр╕бр╕▓р╕░р╕кр╣Нр╕▓р╕лр╕гр╕▒р╕Ър╣Гр╕Кр╣Йр╣Гр╕Щр╕Бр╕▓р╕гр╣Гр╕лр╣Йр╣Бр╕кр╕Зр╕кр╕зр╣Ир╕▓р╕Зр╕Вр╣Йр╕▓р╕Зр╕Щр╕нр╕Б!, р╕Зр╣Ир╕▓р╕вр╕Хр╣Ир╕нр╕Бр╕▓р╕гр╕Хр╕┤р╕Фр╕Хр╕▒р╣Йр╕Зр╣Бр╕ер╕░р╣Гр╕Кр╣Йр╕Зр╕▓р╕Щ!, р╣Ар╕лр╕бр╕▓р╕░р╕кр╣Нр╕▓р╕лр╕гр╕▒р╕Ър╕Бр╕▓р╕гр╣Гр╕Кр╣Йр╕Зр╕▓р╕Щр╕Чр╕▒р╣Йр╕Зр╣Гр╕Щр╕гр╣Ир╕бр╣Бр╕ер╕░р╕Вр╣Йр╕▓р╕Зр╕Щр╕нр╕Б!, р╣Др╕Я LED р╕кр╕зр╣Ир╕▓р╕Зр╕бр╕▓р╕Бр╕бр╕▓р╕в!,|fake
р╕Др╕зр╕▓р╕бр╕кр╕зр╣Ир╕▓р╕Зр╕Вр╕нр╕Зр╣Др╕Яр╣Вр╕Лр╕ер╣Ир╕▓р╣Ар╕Лр╕е2р╕нр╕▒р╕Щ..р╕кр╕бр╕Бр╕▒р╕Ър╕гр╕▓р╕Др╕▓р╣Ар╕╡р╕Др╣Ир╕░ р╕Юр╕╢р╣Ир╕Зр╣Гр╕Кр╣Йр╕зр╕▒р╕Щр╕Щр╕╡р╣Й..р╕Вр╕нр╕Фр╕╣р╕нр╕╡р╕Бр╕Чр╕╡р╣Ир╕зр╣Ир╕▓р╕Ир╕░р╕кр╕зр╣Ир╕▓р╕Зр╕Цр╕╢р╕Зр╣Ар╕Кр╣Йр╕▓р╣Др╕лр╕б..р╣Вр╕Фр╕вр╕гр╕зр╕бр╕Фр╕╡р╕Др╣Ир╕░|fake
р╕Др╕зр╕▓р╕бр╕кр╕зр╣Ир╕▓р╕Зр╣Бр╕ер╕░р╕Др╕╕р╕Ур╕ар╕▓р╕Юр╕Чр╕╡р╣Ир╕Щр╣Ир╕▓р╕Ыр╕гр╕░р╕Чр╕▒р╕Ър╣Гр╕И!, р╕Бр╕▓р╕гр╣Гр╕лр╣Йр╣Бр╕кр╕Зр╕кр╕зр╣Ир╕▓р╕Зр╕Фр╣Йр╕зр╕вр╕Юр╕ер╕▒р╕Зр╕Зр╕▓р╕Щр╣Бр╕кр╕Зр╕нр╕▓р╕Чр╕┤р╕Хр╕вр╣Мр╕Чр╕╡р╣Ир╕кр╕░р╕Фр╕зр╕Бр╕кр╕Ър╕▓р╕в!, р╕кр╕гр╣Йр╕▓р╕Зр╕Фр╣Йр╕зр╕вр╕зр╕▒р╕кр╕Фр╕╕р╕Чр╕╡р╣Ир╣Бр╕Вр╣Зр╕Зр╣Бр╕гр╕Зр╣Бр╕ер╕░р╕Чр╕Щр╕Чр╕▓р╕Щ!,|fake
р╕Др╕зр╕▓р╕бр╕кр╕зр╣Ир╕▓р╕Зр╣Бр╕ер╕░р╕Др╕╕р╕Ур╕ар╕▓р╕Юр╕Чр╕╡р╣Ир╕Щр╣Ир╕▓р╕Ыр╕гр╕░р╕Чр╕▒р╕Ър╣Гр╕И!, р╕Бр╕▓р╕гр╕нр╕нр╕Бр╣Бр╕Ър╕Ър╕Чр╕╡р╣Ир╕лр╕гр╕╣р╕лр╕гр╕▓р╣Бр╕ер╕░р╕Чр╕▒р╕Щр╕кр╕бр╕▒р╕в!, р╕Ыр╕гр╕░р╕лр╕вр╕▒р╕Фр╕Юр╕ер╕▒р╕Зр╕Зр╕▓р╕Щр╣Бр╕ер╕░р╣Ар╕Ыр╣Зр╕Щр╕бр╕┤р╕Хр╕гр╕Хр╣Ир╕нр╕кр╕┤р╣Ир╕Зр╣Бр╕зр╕Фр╕ер╣Йр╕нр╕б!, р╣Ар╕лр╕бр╕▓р╕░р╕кр╣Нр╕▓р╕лр╕гр╕▒р╕Ър╕Бр╕▓р╕гр╣Гр╕Кр╣Йр╕Зр╕▓р╕Щр╕Чр╕▒р╣Йр╕Зр╣Гр╕Щр╕гр╣Ир╕бр╣Бр╕ер╕░р╕Вр╣Йр╕▓р╕Зр╕Щр╕нр╕Б!,|fake
р╕Др╕зр╕▓р╕бр╕кр╕зр╣Ир╕▓р╕Зр╣Бр╕ер╕░р╕Др╕╕р╕Ур╕ар╕▓р╕Юр╕Чр╕╡р╣Ир╕Щр╣Ир╕▓р╕Ыр╕гр╕░р╕Чр╕▒р╕Ър╣Гр╕И!, р╕Др╕зр╕▓р╕бр╕кр╕зр╣Ир╕▓р╕Зр╣Бр╕ер╕░р╕Др╕╕р╕Ур╕ар╕▓р╕Юр╕Чр╕╡р╣Ир╕Щр╣Ир╕▓р╕Ыр╕гр╕░р╕Чр╕▒р╕Ър╣Гр╕И!, р╕Зр╣Ир╕▓р╕вр╕Хр╣Ир╕нр╕Бр╕▓р╕гр╕Хр╕┤р╕Фр╕Хр╕▒р╣Йр╕Зр╣Бр╕ер╕░р╣Гр╕Кр╣Йр╕Зр╕▓р╕Щ!, р╣Др╕Я LED р╕кр╕зр╣Ир╕▓р╕Зр╕бр╕▓р╕Бр╕бр╕▓р╕в!, р╕кр╕гр╣Йр╕▓р╕Зр╕Фр╣Йр╕зр╕вр╕зр╕▒р╕кр╕Фр╕╕р╕Чр╕╡р╣Ир╣Бр╕Вр╣Зр╕Зр╣Бр╕гр╕Зр╣Бр╕ер╕░р╕Чр╕Щр╕Чр╕▓р╕Щ!, р╕Бр╕▓р╕гр╣Гр╕лр╣Йр╣Бр╕кр╕Зр╕кр╕зр╣Ир╕▓р╕Зр╕Фр╣Йр╕зр╕вр╕Юр╕ер╕▒р╕Зр╕Зр╕▓р╕Щр╣Бр╕кр╕Зр╕нр╕▓р╕Чр╕┤р╕Хр╕вр╣Мр╕Чр╕╡р╣Ир╕кр╕░р╕Фр╕зр╕Бр╕кр╕Ър╕▓р╕в!, р╕Др╕╕р╣Йр╕бр╕Др╣Ир╕▓р╕Бр╕▒р╕Ър╕гр╕▓р╕Др╕▓р╕Чр╕╡р╣Ир╕Ир╣Ир╕▓р╕в!,|fake
р╕Др╕зр╕▓р╕бр╕кр╕зр╣Ир╕▓р╕Зр╣Бр╕ер╕░р╕Др╕╕р╕Ур╕ар╕▓р╕Юр╕Чр╕╡р╣Ир╕Щр╣Ир╕▓р╕Ыр╕гр╕░р╕Чр╕▒р╕Ър╣Гр╕И!, р╕Др╕╕р╣Йр╕бр╕Др╣Ир╕▓р╕Бр╕▒р╕Ър╕гр╕▓р╕Др╕▓р╕Чр╕╡р╣Ир╕Ир╣Ир╕▓р╕в!, р╕Бр╕▓р╕гр╣Гр╕лр╣Йр╣Бр╕кр╕Зр╕кр╕зр╣Ир╕▓р╕Зр╕Фр╣Йр╕зр╕вр╕Юр╕ер╕▒р╕Зр╕Зр╕▓р╕Щр╣Бр╕кр╕Зр╕нр╕▓р╕Чр╕┤р╕Хр╕вр╣Мр╕Чр╕╡р╣Ир╕кр╕░р╕Фр╕зр╕Бр╕кр╕Ър╕▓р╕в!,|fake
р╕Др╕зр╕▓р╕бр╕кр╕зр╣Ир╕▓р╕Зр╣Бр╕ер╕░р╕Др╕╕р╕Ур╕ар╕▓р╕Юр╕Чр╕╡р╣Ир╕Щр╣Ир╕▓р╕Ыр╕гр╕░р╕Чр╕▒р╕Ър╣Гр╕И!, р╕Др╕╕р╣Йр╕бр╕Др╣Ир╕▓р╕Бр╕▒р╕Ър╕гр╕▓р╕Др╕▓р╕Чр╕╡р╣Ир╕Ир╣Ир╕▓р╕в!, р╣Ар╕лр╕бр╕▓р╕░р╕кр╣Нр╕▓р╕лр╕гр╕▒р╕Ър╣Гр╕Кр╣Йр╣Гр╕Щр╕Бр╕▓р╕гр╣Гр╕лр╣Йр╣Бр╕кр╕Зр╕кр╕зр╣Ир╕▓р╕Зр╕Вр╣Йр╕▓р╕Зр╕Щр╕нр╕Б!, р╕Бр╕▓р╕гр╕Др╕╕р╣Йр╕бр╕Др╕гр╕нр╕Зр╕гр╕▒р╕Ър╕Ыр╕гр╕░р╕Бр╕▒р╕Щр╕Чр╕╡р╣Ир╕вр╕нр╕Фр╣Ар╕вр╕╡р╣Ир╕вр╕б!, р╣Ар╕лр╕бр╕▓р╕░р╕кр╣Нр╕▓р╕лр╕гр╕▒р╕Ър╣Гр╕Кр╣Йр╣Гр╕Щр╕Бр╕▓р╕гр╣Гр╕лр╣Йр╣Бр╕кр╕Зр╕кр╕зр╣Ир╕▓р╕Зр╕Вр╣Йр╕▓р╕Зр╕Щр╕нр╕Б!,|fake
р╕Др╕зр╕▓р╕бр╕кр╕зр╣Ир╕▓р╕Зр╣Бр╕ер╕░р╕Др╕╕р╕Ур╕ар╕▓р╕Юр╕Чр╕╡р╣Ир╕Щр╣Ир╕▓р╕Ыр╕гр╕░р╕Чр╕▒р╕Ър╣Гр╕И!, р╕Юр╕ер╕▒р╕Зр╕Зр╕▓р╕Щр╣Бр╕кр╕Зр╕нр╕▓р╕Чр╕┤р╕Хр╕вр╣Мр╕Чр╕╡р╣Ир╣Гр╕Кр╣Йр╣Др╕Фр╣Йр╕Щр╕▓р╕Щ!, р╣Др╕Я LED р╕кр╕зр╣Ир╕▓р╕Зр╕бр╕▓р╕Бр╕бр╕▓р╕в!, р╕кр╕┤р╕Щр╕Др╣Йр╕▓р╕Чр╕╡р╣Ир╣Бр╕Щр╕░р╕Щр╣Нр╕▓р╕нр╕вр╣Ир╕▓р╕Зр╕вр╕┤р╣Ир╕З!,|fake
р╕Др╕зр╕▓р╕бр╕кр╕зр╣Ир╕▓р╕Зр╣Бр╕ер╕░р╕Др╕╕р╕Ур╕ар╕▓р╕Юр╕Чр╕╡р╣Ир╕Щр╣Ир╕▓р╕Ыр╕гр╕░р╕Чр╕▒р╕Ър╣Гр╕И!, р╕кр╕гр╣Йр╕▓р╕Зр╕Фр╣Йр╕зр╕вр╕зр╕▒р╕кр╕Фр╕╕р╕Чр╕╡р╣Ир╣Бр╕Вр╣Зр╕Зр╣Бр╕гр╕Зр╣Бр╕ер╕░р╕Чр╕Щр╕Чр╕▓р╕Щ!, р╕Бр╕▓р╕гр╕Др╕╕р╣Йр╕бр╕Др╕гр╕нр╕Зр╕гр╕▒р╕Ър╕Ыр╕гр╕░р╕Бр╕▒р╕Щр╕Чр╕╡р╣Ир╕вр╕нр╕Фр╣Ар╕вр╕╡р╣Ир╕вр╕б!, р╣Др╕Яр╣Вр╕Лр╕ер╣Ир╕▓р╣Ар╕Лр╕ер╕ер╣Мр╕Чр╕╡р╣Ир╕вр╕нр╕Фр╣Ар╕вр╕╡р╣Ир╕вр╕б!, р╕Др╕зр╕▓р╕бр╕кр╕зр╣Ир╕▓р╕Зр╣Бр╕ер╕░р╕Др╕╕р╕Ур╕ар╕▓р╕Юр╕Чр╕╡р╣Ир╕Щр╣Ир╕▓р╕Ыр╕гр╕░р╕Чр╕▒р╕Ър╣Гр╕И!, р╕кр╕гр╣Йр╕▓р╕Зр╕Фр╣Йр╕зр╕вр╕зр╕▒р╕кр╕Фр╕╕р╕Чр╕╡р╣Ир╣Бр╕Вр╣Зр╕Зр╣Бр╕гр╕Зр╣Бр╕ер╕░р╕Чр╕Щр╕Чр╕▓р╕Щ!,|fake
р╕Др╕зр╕▓р╕бр╕кр╕зр╣Ир╕▓р╕Зр╣Бр╕ер╕░р╕Др╕╕р╕Ур╕ар╕▓р╕Юр╕Чр╕╡р╣Ир╕Щр╣Ир╕▓р╕Ыр╕гр╕░р╕Чр╕▒р╕Ър╣Гр╕И!, р╕лр╕ер╕▓р╕Бр╕лр╕ер╕▓р╕вр╣Бр╕ер╕░р╕бр╕╡р╕Яр╕▒р╕Зр╕Бр╣Мр╕Кр╕▒р╣Ир╕Щр╕лр╕ер╕▓р╕Бр╕лр╕ер╕▓р╕в!, р╕Бр╕▓р╕гр╕Др╕╕р╣Йр╕бр╕Др╕гр╕нр╕Зр╕гр╕▒р╕Ър╕Ыр╕гр╕░р╕Бр╕▒р╕Щр╕Чр╕╡р╣Ир╕вр╕нр╕Фр╣Ар╕вр╕╡р╣Ир╕вр╕б!, р╕Бр╕▓р╕гр╣Гр╕лр╣Йр╣Бр╕кр╕Зр╕кр╕зр╣Ир╕▓р╕Зр╕Фр╣Йр╕зр╕вр╕Юр╕ер╕▒р╕Зр╕Зр╕▓р╕Щр╣Бр╕кр╕Зр╕нр╕▓р╕Чр╕┤р╕Хр╕вр╣Мр╕Чр╕╡р╣Ир╕кр╕░р╕Фр╕зр╕Бр╕кр╕Ър╕▓р╕в!, р╕Ыр╕гр╕░р╕лр╕вр╕▒р╕Фр╕Юр╕ер╕▒р╕Зр╕Зр╕▓р╕Щр╣Бр╕ер╕░р╣Ар╕Ыр╣Зр╕Щр╕бр╕┤р╕Хр╕гр╕Хр╣Ир╕нр╕кр╕┤р╣Ир╕Зр╣Бр╕зр╕Фр╕ер╣Йр╕нр╕б!, р╕Юр╕ер╕▒р╕Зр╕Зр╕▓р╕Щр╣Бр╕кр╕Зр╕нр╕▓р╕Чр╕┤р╕Хр╕вр╣Мр╕Чр╕╡р╣Ир╣Гр╕Кр╣Йр╣Др╕Фр╣Йр╕Щр╕▓р╕Щ!, р╕Зр╣Ир╕▓р╕вр╕Хр╣Ир╕нр╕Бр╕▓р╕гр╕Хр╕┤р╕Фр╕Хр╕▒р╣Йр╕Зр╣Бр╕ер╕░р╣Гр╕Кр╣Йр╕Зр╕▓р╕Щ!, р╕Ыр╕гр╕░р╕кр╕┤р╕Чр╕Шр╕┤р╕ар╕▓р╕Юр╣Бр╕ер╕░р╕Др╕зр╕▓р╕бр╣Ар╕Кр╕╖р╣Ир╕нр╕Цр╕╖р╕нр╣Др╕Фр╣Й!,|fake
р╕Др╕╕р╕Ур╕ар╕▓р╕Ю:р╕Фр╕╡ р╣Ар╕Щр╕╖р╣Йр╕нр╕кр╕▒р╕бр╕Ьр╕▒р╕к:р╕Фр╕╡ р╕Ыр╕гр╕░р╕кр╕┤р╕Чр╕Шр╕┤р╕ар╕▓р╕Ю: р╕Др╕╕р╕Ур╕ар╕▓р╕Ю:р╕Фр╕╡ р╣Ар╕Щр╕╖р╣Йр╕нр╕кр╕▒р╕бр╕Ьр╕▒р╕к:р╕Фр╕╡ р╕Ыр╕гр╕░р╕кр╕┤р╕Чр╕Шр╕┤р╕ар╕▓р╕Ю: р╕Др╕╕р╕Ур╕ар╕▓р╕Ю:р╕Фр╕╡ р╣Ар╕Щр╕╖р╣Йр╕нр╕кр╕▒р╕бр╕Ьр╕▒р╕к:р╕Фр╕╡ р╕Ыр╕гр╕░р╕кр╕┤р╕Чр╕Шр╕┤р╕ар╕▓р╕Ю: р╕Др╕╕р╕Ур╕ар╕▓р╕Ю:р╕Фр╕╡ р╣Ар╕Щр╕╖р╣Йр╕нр╕кр╕▒р╕бр╕Ьр╕▒р╕к:р╕Фр╕╡ р╕Ыр╕гр╕░р╕кр╕┤р╕Чр╕Шр╕┤р╕ар╕▓р╕Ю:|fake
р╕Др╕╕р╕Ур╕ар╕▓р╕Юр╕Фр╕╡р╕бр╕▓р╕Б р╣Бр╕кр╕Зр╕нр╕вр╕╣р╣Ир╣Др╕Фр╣Йр╕Щр╕▓р╕Щ р╕Юр╕ер╕▒р╕Зр╕Зр╕▓р╕Щр╣Бр╕кр╕Зр╕нр╕▓р╕Чр╕┤р╕Хр╕вр╣Мр╕Ыр╕гр╕░р╕лр╕вр╕▒р╕Фр╕Юр╕ер╕▒р╕Зр╕Зр╕▓р╕Щр╕бр╕▓р╕Бр╕Бр╕зр╣Ир╕▓р╣Бр╕ер╕░р╣Ар╕Ыр╣Зр╕Щр╕бр╕┤р╕Хр╕гр╕Бр╕▒р╕Ър╕кр╕┤р╣Ир╕Зр╣Бр╕зр╕Фр╕ер╣Йр╕нр╕б р╣Бр╕ер╕░р╕вр╕▒р╕Зр╕Кр╣Ир╕зр╕вр╕Ыр╕гр╕░р╕лр╕вр╕▒р╕Фр╕Др╣Ир╕▓р╣Др╕Яр╕Яр╣Йр╕▓р╕нр╕╡р╕Бр╕Фр╣Йр╕зр╕в р╕нр╕▓р╕вр╕╕р╕Бр╕▓р╕гр╣Гр╕Кр╣Йр╕Зр╕▓р╕Щр╣Бр╕Ър╕Хр╣Ар╕Хр╕нр╕гр╕╡р╣Ир╕Бр╣Зр╣Бр╕гр╕Зр╕бр╕▓р╕Б р╕кр╣Др╕Хр╕ер╣Мр╣Бр╕ер╕░р╕кр╣Др╕Хр╕ер╣Мр╕гр╕▓р╕Др╕▓р╣Др╕бр╣Ир╣Бр╕Юр╕З р╕Др╕╕р╕Ур╕ар╕▓р╕Юр╕Фр╕╡р╕Ир╕гр╕┤р╕Зр╣Ж ,р╕Бр╕ер╕▓р╕Зр╣Бр╕Ир╣Йр╕Зр╕кр╕зр╣Ир╕▓р╕Зр╕Бр╕зр╣Ир╕▓р╕бр╕▓р╕Бр╕лр╕ер╕▒р╕Зр╕Бр╕▓р╕гр╕Хр╕┤р╕Фр╕Хр╕▒р╣Йр╕З,р╣Бр╕кр╕Зр╕Фр╕╡,р╕зр╕▒р╕кр╕Фр╕╕р╕Ьр╕ер╕┤р╕Хр╕ар╕▒р╕Ур╕Ср╣Мр╣Ар╕Ыр╣Зр╕Щ р╣Бр╕Ър╕гр╕Щр╕Фр╣Мр╣Гр╕лр╕Нр╣И,р╕бр╕▓р╕Бр╕бр╕▒р╣Ир╕Щр╣Гр╕Ир╣Гр╕Кр╣Й.|fake
р╕Др╕╕р╣Йр╕бр╕Др╣Ир╕▓р╕Бр╕Ър╕Бр╕▓р╕гр╕гр╕нр╕Др╕нр╕в р╕Бр╕▓р╕гр╕Вр╕Щр╕кр╣Ир╕Зр╕гр╕зр╕Фр╣Ар╕гр╣Зр╕зр╕бр╕▓р╕Б р╕кр╣Ир╕зр╕Щр╕Др╕╕р╕Ур╕ар╕▓р╕Юр╕Др╕Зр╕Хр╣Йр╕нр╕Зр╕гр╕нр╕Чр╕Фр╕кр╕нр╕Ър╕нр╕╡р╕Бр╕Др╕гр╣Йр╕З р╕ар╕▓р╕Юр╕гр╕зр╕бр╕Цр╕╖р╕нр╕зр╣Ир╕▓р╣Вр╕нр╣Ар╕Др╕гр╣Ар╕ер╕в|fake
р╕Др╕╕р╣Йр╕бр╕Др╣Ир╕▓р╕Бр╕▒р╕Ър╕гр╕▓р╕Др╕▓, р╣Ар╕лр╕бр╕▓р╕░р╕кр╣Нр╕▓р╕лр╕гр╕▒р╕Ър╣Гр╕Кр╣Йр╕Бр╕ер╕▓р╕Зр╣Бр╕Ир╣Йр╕З, р╕Бр╕▓р╕гр╕Хр╕┤р╕Фр╕Хр╕▒р╣Йр╕Зр╕Зр╣Ир╕▓р╕в, р╕нр╕▓р╕вр╕╕р╣Бр╕Ър╕Хр╣Ар╕Хр╕нр╕гр╕╡р╣Ир╕Чр╕╡р╣Ир╕вр╕▓р╕зр╕Щр╕▓р╕Щ, р╣Ар╕лр╕бр╕▓р╕░р╕кр╣Нр╕▓р╕лр╕гр╕▒р╕Ър╣Гр╕Кр╣Йр╕Бр╕ер╕▓р╕Зр╣Бр╕Ир╣Йр╕З,|fake
р╕Др╕╕р╣Йр╕бр╕Др╣Ир╕▓р╕Бр╕▒р╕Ър╕гр╕▓р╕Др╕▓р╕Чр╕╡р╣Ир╕Ир╣Ир╕▓р╕в!, р╕Бр╕▓р╕гр╕Др╕╕р╣Йр╕бр╕Др╕гр╕нр╕Зр╕гр╕▒р╕Ър╕Ыр╕гр╕░р╕Бр╕▒р╕Щр╕Чр╕╡р╣Ир╕вр╕нр╕Фр╣Ар╕вр╕╡р╣Ир╕вр╕б!, р╕кр╕┤р╕Щр╕Др╣Йр╕▓р╕Чр╕╡р╣Ир╣Бр╕Щр╕░р╕Щр╣Нр╕▓р╕нр╕вр╣Ир╕▓р╕Зр╕вр╕┤р╣Ир╕З!, р╕кр╕гр╣Йр╕▓р╕Зр╕Фр╣Йр╕зр╕вр╕зр╕▒р╕кр╕Фр╕╕р╕Чр╕╡р╣Ир╣Бр╕Вр╣Зр╕Зр╣Бр╕гр╕Зр╣Бр╕ер╕░р╕Чр╕Щр╕Чр╕▓р╕Щ!, р╣Др╕Я LED р╕кр╕зр╣Ир╕▓р╕Зр╕бр╕▓р╕Бр╕бр╕▓р╕в!, р╣Ар╕лр╕бр╕▓р╕░р╕кр╣Нр╕▓р╕лр╕гр╕▒р╕Ър╣Гр╕Кр╣Йр╣Гр╕Щр╕Бр╕▓р╕гр╣Гр╕лр╣Йр╣Бр╕кр╕Зр╕кр╕зр╣Ир╕▓р╕Зр╕Вр╣Йр╕▓р╕Зр╕Щр╕нр╕Б!, р╕Ыр╕гр╕░р╕кр╕┤р╕Чр╕Шр╕┤р╕ар╕▓р╕Юр╣Бр╕ер╕░р╕Др╕зр╕▓р╕бр╣Ар╕Кр╕╖р╣Ир╕нр╕Цр╕╖р╕нр╣Др╕Фр╣Й!, р╕Ыр╕гр╕░р╕лр╕вр╕▒р╕Фр╕Юр╕ер╕▒р╕Зр╕Зр╕▓р╕Щр╣Бр╕ер╕░р╣Ар╕Ыр╣Зр╕Щр╕бр╕┤р╕Хр╕гр╕Хр╣Ир╕нр╕кр╕┤р╣Ир╕Зр╣Бр╕зр╕Фр╕ер╣Йр╕нр╕б!,|fake
р╕Др╕╕р╣Йр╕бр╕Др╣Ир╕▓р╕Бр╕▒р╕Ър╕гр╕▓р╕Др╕▓р╕Чр╕╡р╣Ир╕Ир╣Ир╕▓р╕в!, р╕Бр╕▓р╕гр╣Гр╕лр╣Йр╣Бр╕кр╕Зр╕кр╕зр╣Ир╕▓р╕Зр╕Фр╣Йр╕зр╕вр╕Юр╕ер╕▒р╕Зр╕Зр╕▓р╕Щр╣Бр╕кр╕Зр╕нр╕▓р╕Чр╕┤р╕Хр╕вр╣Мр╕Чр╕╡р╣Ир╕кр╕░р╕Фр╕зр╕Бр╕кр╕Ър╕▓р╕в!, р╕кр╕гр╣Йр╕▓р╕Зр╕Фр╣Йр╕зр╕вр╕зр╕▒р╕кр╕Фр╕╕р╕Чр╕╡р╣Ир╣Бр╕Вр╣Зр╕Зр╣Бр╕гр╕Зр╣Бр╕ер╕░р╕Чр╕Щр╕Чр╕▓р╕Щ!, р╕Ыр╕гр╕░р╕лр╕вр╕▒р╕Фр╕Юр╕ер╕▒р╕Зр╕Зр╕▓р╕Щр╣Бр╕ер╕░р╣Ар╕Ыр╣Зр╕Щр╕бр╕┤р╕Хр╕гр╕Хр╣Ир╕нр╕кр╕┤р╣Ир╕Зр╣Бр╕зр╕Фр╕ер╣Йр╕нр╕б!,|fake
р╕Др╕╕р╣Йр╕бр╕Др╣Ир╕▓р╕Бр╕▒р╕Ър╕гр╕▓р╕Др╕▓р╕Чр╕╡р╣Ир╕Ир╣Ир╕▓р╕в!, р╕Зр╣Ир╕▓р╕вр╕Хр╣Ир╕нр╕Бр╕▓р╕гр╕Хр╕┤р╕Фр╕Хр╕▒р╣Йр╕Зр╣Бр╕ер╕░р╣Гр╕Кр╣Йр╕Зр╕▓р╕Щ!, р╕Бр╕▓р╕гр╣Гр╕лр╣Йр╣Бр╕кр╕Зр╕кр╕зр╣Ир╕▓р╕Зр╕Фр╣Йр╕зр╕вр╕Юр╕ер╕▒р╕Зр╕Зр╕▓р╕Щр╣Бр╕кр╕Зр╕нр╕▓р╕Чр╕┤р╕Хр╕вр╣Мр╕Чр╕╡р╣Ир╕кр╕░р╕Фр╕зр╕Бр╕кр╕Ър╕▓р╕в!,|fake
р╕Др╕╕р╣Йр╕бр╕Др╣Ир╕▓р╕Бр╕▒р╕Ър╕гр╕▓р╕Др╕▓р╕Чр╕╡р╣Ир╕Ир╣Ир╕▓р╕в!, р╕Ыр╕гр╕░р╕кр╕┤р╕Чр╕Шр╕┤р╕ар╕▓р╕Юр╣Бр╕ер╕░р╕Др╕зр╕▓р╕бр╣Ар╕Кр╕╖р╣Ир╕нр╕Цр╕╖р╕нр╣Др╕Фр╣Й!, р╕лр╕ер╕▓р╕Бр╕лр╕ер╕▓р╕вр╣Бр╕ер╕░р╕бр╕╡р╕Яр╕▒р╕Зр╕Бр╣Мр╕Кр╕▒р╣Ир╕Щр╕лр╕ер╕▓р╕Бр╕лр╕ер╕▓р╕в!,|fake
р╕Др╕╕р╣Йр╕бр╕Др╣Ир╕▓р╕Бр╕▒р╕Ър╕гр╕▓р╕Др╕▓р╕Чр╕╡р╣Ир╕Ир╣Ир╕▓р╕в!, р╕Юр╕ер╕▒р╕Зр╕Зр╕▓р╕Щр╣Бр╕кр╕Зр╕нр╕▓р╕Чр╕┤р╕Хр╕вр╣Мр╕Чр╕╡р╣Ир╣Гр╕Кр╣Йр╣Др╕Фр╣Йр╕Щр╕▓р╕Щ!, р╕кр╕гр╣Йр╕▓р╕Зр╕Фр╣Йр╕зр╕вр╕зр╕▒р╕кр╕Фр╕╕р╕Чр╕╡р╣Ир╣Бр╕Вр╣Зр╕Зр╣Бр╕гр╕Зр╣Бр╕ер╕░р╕Чр╕Щр╕Чр╕▓р╕Щ!,|fake
р╕Др╕╕р╣Йр╕бр╕Др╣Ир╕▓р╕Бр╕▒р╕Ър╕гр╕▓р╕Др╕▓р╕Чр╕╡р╣Ир╕Ир╣Ир╕▓р╕в!, р╣Др╕Я LED р╕кр╕зр╣Ир╕▓р╕Зр╕бр╕▓р╕Бр╕бр╕▓р╕в!, р╕Бр╕▓р╕гр╣Гр╕лр╣Йр╣Бр╕кр╕Зр╕кр╕зр╣Ир╕▓р╕Зр╕Фр╣Йр╕зр╕вр╕Юр╕ер╕▒р╕Зр╕Зр╕▓р╕Щр╣Бр╕кр╕Зр╕нр╕▓р╕Чр╕┤р╕Хр╕вр╣Мр╕Чр╕╡р╣Ир╕кр╕░р╕Фр╕зр╕Бр╕кр╕Ър╕▓р╕в!,|fake
р╕Др╕╕р╣Йр╕бр╕Др╣Ир╕▓р╕Бр╕▒р╕Ър╕гр╕▓р╕Др╕▓р╕Чр╕╡р╣Ир╕Ир╣Ир╕▓р╕в!, р╣Др╕Я LED р╕кр╕зр╣Ир╕▓р╕Зр╕бр╕▓р╕Бр╕бр╕▓р╕в!, р╕Ыр╕гр╕░р╕кр╕┤р╕Чр╕Шр╕┤р╕ар╕▓р╕Юр╣Бр╕ер╕░р╕Др╕зр╕▓р╕бр╣Ар╕Кр╕╖р╣Ир╕нр╕Цр╕╖р╕нр╣Др╕Фр╣Й!, р╕Бр╕▓р╕гр╕Др╕╕р╣Йр╕бр╕Др╕гр╕нр╕Зр╕гр╕▒р╕Ър╕Ыр╕гр╕░р╕Бр╕▒р╕Щр╕Чр╕╡р╣Ир╕вр╕нр╕Фр╣Ар╕вр╕╡р╣Ир╕вр╕б!, р╣Др╕Яр╣Вр╕Лр╕ер╣Ир╕▓р╣Ар╕Лр╕ер╕ер╣Мр╕Чр╕╡р╣Ир╕вр╕нр╕Фр╣Ар╕вр╕╡р╣Ир╕вр╕б!,|fake
р╕Др╕╕р╣Йр╕бр╕Др╣Ир╕▓р╕Бр╕▒р╕Ър╕гр╕▓р╕Др╕▓р╕Чр╕╡р╣Ир╕Ир╣Ир╕▓р╕в!, р╣Др╕Яр╣Вр╕Лр╕ер╣Ир╕▓р╣Ар╕Лр╕ер╕ер╣Мр╕Чр╕╡р╣Ир╕вр╕нр╕Фр╣Ар╕вр╕╡р╣Ир╕вр╕б!, р╕Ыр╕гр╕░р╕кр╕┤р╕Чр╕Шр╕┤р╕ар╕▓р╕Юр╣Бр╕ер╕░р╕Др╕зр╕▓р╕бр╣Ар╕Кр╕╖р╣Ир╕нр╕Цр╕╖р╕нр╣Др╕Фр╣Й!, р╣Ар╕лр╕бр╕▓р╕░р╕кр╣Нр╕▓р╕лр╕гр╕▒р╕Ър╣Гр╕Кр╣Йр╣Гр╕Щр╕Бр╕▓р╕гр╣Гр╕лр╣Йр╣Бр╕кр╕Зр╕кр╕зр╣Ир╕▓р╕Зр╕Вр╣Йр╕▓р╕Зр╕Щр╕нр╕Б!,|fake
р╕Др╕╕р╣Йр╕бр╕Др╣Ир╕▓р╕Бр╕▒р╕Ър╕гр╕▓р╕Др╕▓р╕Чр╕╡р╣Ир╕Ир╣Ир╕▓р╕в!, р╣Др╕Яр╣Вр╕Лр╕ер╣Ир╕▓р╣Ар╕Лр╕ер╕ер╣Мр╕Чр╕╡р╣Ир╕вр╕нр╕Фр╣Ар╕вр╕╡р╣Ир╕вр╕б!, р╕Юр╕ер╕▒р╕Зр╕Зр╕▓р╕Щр╣Бр╕кр╕Зр╕нр╕▓р╕Чр╕┤р╕Хр╕вр╣Мр╕Чр╕╡р╣Ир╣Гр╕Кр╣Йр╣Др╕Фр╣Йр╕Щр╕▓р╕Щ!,|fake
р╕Др╕╕р╣Йр╕бр╕Др╣Ир╕▓р╕Бр╕▒р╕Ър╕гр╕▓р╕Др╕▓р╕Чр╕╡р╣Ир╕Ир╣Ир╕▓р╕в!, р╕кр╕гр╣Йр╕▓р╕Зр╕Фр╣Йр╕зр╕вр╕зр╕▒р╕кр╕Фр╕╕р╕Чр╕╡р╣Ир╣Бр╕Вр╣Зр╕Зр╣Бр╕гр╕Зр╣Бр╕ер╕░р╕Чр╕Щр╕Чр╕▓р╕Щ!, р╕Ыр╕гр╕░р╕лр╕вр╕▒р╕Фр╕Юр╕ер╕▒р╕Зр╕Зр╕▓р╕Щр╣Бр╕ер╕░р╣Ар╕Ыр╣Зр╕Щр╕бр╕┤р╕Хр╕гр╕Хр╣Ир╕нр╕кр╕┤р╣Ир╕Зр╣Бр╕зр╕Фр╕ер╣Йр╕нр╕б!, р╕Бр╕▓р╕гр╣Гр╕лр╣Йр╣Бр╕кр╕Зр╕кр╕зр╣Ир╕▓р╕Зр╕Фр╣Йр╕зр╕вр╕Юр╕ер╕▒р╕Зр╕Зр╕▓р╕Щр╣Бр╕кр╕Зр╕нр╕▓р╕Чр╕┤р╕Хр╕вр╣Мр╕Чр╕╡р╣Ир╕кр╕░р╕Фр╕зр╕Бр╕кр╕Ър╕▓р╕в!,|fake
р╣Вр╕Др╕бр╣Др╕Я р╕Др╕╕р╕Ур╕ар╕▓р╕Юр╕кр╕┤р╕Щр╕Др╣Йр╕▓р╕Фр╕╡р╕бр╕▓р╕Б р╕Др╕зр╕▓р╕бр╕Др╕╕р╣Йр╕бр╕Др╣Ир╕▓р╕Фр╕╡р╕бр╕▓р╕Б р╕Др╕зр╕▓р╕бр╣Ар╕гр╣Зр╕зр╣Гр╕Щр╕Бр╕▓р╕гр╕Ир╕▒р╕Фр╕кр╣Ир╕Зр╕Фр╕╡р╕бр╕▓р╕Б р╕Бр╕▓р╕гр╣Гр╕лр╣Йр╕Ър╕гр╕┤р╕Бр╕▓р╕гр╕Ир╕▓р╕Бр╕гр╣Йр╕▓р╕Щр╕Др╣Йр╕▓р╕Фр╕╡р╕бр╕▓р╕Б р╕Бр╕▓р╕гр╣Гр╕лр╣Йр╕Ър╕гр╕┤р╕Бр╕▓р╕гр╕Ир╕▓р╕Бр╕Ър╕гр╕┤р╕йр╕▒р╕Чр╕Вр╕Щр╕кр╣Ир╕Зр╕Фр╕╡р╕бр╕▓р╕Б|fake
р╣Гр╕Др╕гр╕лр╕▓р╕нр╕вр╕╣р╣Ир╣Бр╕Щр╕░р╕Щр╣Нр╕▓р╕гр╣Йр╕▓р╕Щр╕Щр╕╡р╣Йр╣Ар╕ер╕вр╕Др╕гр╕▒р╕Ър╕Ър╕гр╕┤р╕Бр╕▓р╕гр╕лр╕ер╕▒р╕Зр╕Бр╕▓р╕гр╕Вр╕▓р╕вр╕Фр╕╡р╕бр╕▓р╕Бр╕кр╕▒р╣Ир╕Зр╕бр╕▓р╣Ар╕кр╕╡р╕вр╕Хр╕▒р╕зр╕лр╕Щр╕╢р╣Ир╕Зр╕Чр╕▓р╕Зр╕гр╣Йр╕▓р╕Щр╕Ър╕нр╕Бр╣Др╕бр╣Ир╕Хр╣Йр╕нр╕Зр╕Др╕╖р╕Щр╕кр╕┤р╕Щр╕Др╣Йр╕▓р╕кр╣Ир╕Зр╕Хр╕▒р╕зр╣Гр╕лр╕бр╣Ир╣Гр╕лр╣Йр╕Цр╕╣р╕Бр╣Гр╕Ир╕бр╕▓р╕Бр╕Ир╕▒р╕Фр╕кр╣Ир╕Зр╣Ар╕гр╣Зр╕зр╕Ир╕▒р╕Фр╕кр╣Ир╕Зр╣Др╕зр╕Ър╕гр╕┤р╕Бр╕▓р╕гр╕Фр╕╡ 10 р╕Фр╕▓р╕зр╣Ар╕ер╕вр╕Др╕гр╕▒р╕Ъ|fake
р╕Зр╣Ир╕▓р╕вр╕Хр╣Ир╕нр╕Бр╕▓р╕гр╕Хр╕┤р╕Фр╕Хр╕▒р╣Йр╕Зр╣Бр╕ер╕░р╣Гр╕Кр╣Йр╕Зр╕▓р╕Щ!, р╕Бр╕▓р╕гр╣Гр╕лр╣Йр╣Бр╕кр╕Зр╕кр╕зр╣Ир╕▓р╕Зр╕Фр╣Йр╕зр╕вр╕Юр╕ер╕▒р╕Зр╕Зр╕▓р╕Щр╣Бр╕кр╕Зр╕нр╕▓р╕Чр╕┤р╕Хр╕вр╣Мр╕Чр╕╡р╣Ир╕кр╕░р╕Фр╕зр╕Бр╕кр╕Ър╕▓р╕в!, р╕Др╕зр╕▓р╕бр╕кр╕зр╣Ир╕▓р╕Зр╣Бр╕ер╕░р╕Др╕╕р╕Ур╕ар╕▓р╕Юр╕Чр╕╡р╣Ир╕Щр╣Ир╕▓р╕Ыр╕гр╕░р╕Чр╕▒р╕Ър╣Гр╕И!, р╕кр╕┤р╕Щр╕Др╣Йр╕▓р╕Чр╕╡р╣Ир╣Бр╕Щр╕░р╕Щр╣Нр╕▓р╕нр╕вр╣Ир╕▓р╕Зр╕вр╕┤р╣Ир╕З!, р╕Юр╕ер╕▒р╕Зр╕Зр╕▓р╕Щр╣Бр╕кр╕Зр╕нр╕▓р╕Чр╕┤р╕Хр╕вр╣Мр╕Чр╕╡р╣Ир╣Гр╕Кр╣Йр╣Др╕Фр╣Йр╕Щр╕▓р╕Щ!, р╣Ар╕лр╕бр╕▓р╕░р╕кр╣Нр╕▓р╕лр╕гр╕▒р╕Ър╕Бр╕▓р╕гр╣Гр╕Кр╣Йр╕Зр╕▓р╕Щр╕Чр╕▒р╣Йр╕Зр╣Гр╕Щр╕гр╣Ир╕бр╣Бр╕ер╕░р╕Вр╣Йр╕▓р╕Зр╕Щр╕нр╕Б!, р╣Ар╕лр╕бр╕▓р╕░р╕кр╣Нр╕▓р╕лр╕гр╕▒р╕Ър╣Гр╕Кр╣Йр╣Гр╕Щр╕Бр╕▓р╕гр╣Гр╕лр╣Йр╣Бр╕кр╕Зр╕кр╕зр╣Ир╕▓р╕Зр╕Вр╣Йр╕▓р╕Зр╕Щр╕нр╕Б!, р╕Бр╕▓р╕гр╕нр╕нр╕Бр╣Бр╕Ър╕Ър╕Чр╕╡р╣Ир╕лр╕гр╕╣р╕лр╕гр╕▓р╣Бр╕ер╕░р╕Чр╕▒р╕Щр╕кр╕бр╕▒р╕в!,|fake
р╕Зр╣Ир╕▓р╕вр╕Хр╣Ир╕нр╕Бр╕▓р╕гр╕Хр╕┤р╕Фр╕Хр╕▒р╣Йр╕Зр╣Бр╕ер╕░р╣Гр╕Кр╣Йр╕Зр╕▓р╕Щ!, р╕Бр╕▓р╕гр╣Гр╕лр╣Йр╣Бр╕кр╕Зр╕кр╕зр╣Ир╕▓р╕Зр╕Фр╣Йр╕зр╕вр╕Юр╕ер╕▒р╕Зр╕Зр╕▓р╕Щр╣Бр╕кр╕Зр╕нр╕▓р╕Чр╕┤р╕Хр╕вр╣Мр╕Чр╕╡р╣Ир╕кр╕░р╕Фр╕зр╕Бр╕кр╕Ър╕▓р╕в!, р╣Гр╕Кр╣Йр╕Зр╕▓р╕Щр╕Фр╕╡р╣Др╕бр╣Ир╕бр╕╡р╕Ыр╕▒р╕Нр╕лр╕▓|fake
р╕Зр╣Ир╕▓р╕вр╕Хр╣Ир╕нр╕Бр╕▓р╕гр╕Хр╕┤р╕Фр╕Хр╕▒р╣Йр╕Зр╣Бр╕ер╕░р╣Гр╕Кр╣Йр╕Зр╕▓р╕Щ!, р╕Бр╕▓р╕гр╣Гр╕лр╣Йр╣Бр╕кр╕Зр╕кр╕зр╣Ир╕▓р╕Зр╕Фр╣Йр╕зр╕вр╕Юр╕ер╕▒р╕Зр╕Зр╕▓р╕Щр╣Бр╕кр╕Зр╕нр╕▓р╕Чр╕┤р╕Хр╕вр╣Мр╕Чр╕╡р╣Ир╕кр╕░р╕Фр╕зр╕Бр╕кр╕Ър╕▓р╕в!, р╕зр╕▒р╕кр╕Фр╕╕р╣Др╕бр╣Ир╣Гр╕Кр╣Ир╣Вр╕ер╕лр╕░, р╕Щр╣Йр╣Нр╕▓р╕лр╕Щр╕▒р╕Бр╣Ар╕Ър╕▓, р╣Бр╕Ьр╕Зр╣Вр╕Лр╕ер╣Ир╕▓р╣Ар╕ер╣Зр╕Бр╣Бр╕ер╕░р╕Ър╕▓р╕З р╕Хр╕▓р╕бр╕гр╕▓р╕Др╕▓|fake
р╕Зр╣Ир╕▓р╕вр╕Хр╣Ир╕нр╕Бр╕▓р╕гр╕Хр╕┤р╕Фр╕Хр╕▒р╣Йр╕Зр╣Бр╕ер╕░р╣Гр╕Кр╣Йр╕Зр╕▓р╕Щ!, р╕Бр╕▓р╕гр╕нр╕нр╕Бр╣Бр╕Ър╕Ър╕Чр╕╡р╣Ир╕лр╕гр╕╣р╕лр╕гр╕▓р╣Бр╕ер╕░р╕Чр╕▒р╕Щр╕кр╕бр╕▒р╕в!, р╕кр╕гр╣Йр╕▓р╕Зр╕Фр╣Йр╕зр╕вр╕зр╕▒р╕кр╕Фр╕╕р╕Чр╕╡р╣Ир╣Бр╕Вр╣Зр╕Зр╣Бр╕гр╕Зр╣Бр╕ер╕░р╕Чр╕Щр╕Чр╕▓р╕Щ!, р╕Ыр╕гр╕░р╕кр╕┤р╕Чр╕Шр╕┤р╕ар╕▓р╕Юр╣Бр╕ер╕░р╕Др╕зр╕▓р╕бр╣Ар╕Кр╕╖р╣Ир╕нр╕Цр╕╖р╕нр╣Др╕Фр╣Й!,|fake
р╕Зр╣Ир╕▓р╕вр╕Хр╣Ир╕нр╕Бр╕▓р╕гр╕Хр╕┤р╕Фр╕Хр╕▒р╣Йр╕Зр╣Бр╕ер╕░р╣Гр╕Кр╣Йр╕Зр╕▓р╕Щ!, р╣Др╕Я LED р╕кр╕зр╣Ир╕▓р╕Зр╕бр╕▓р╕Бр╕бр╕▓р╕в!, р╣Др╕Яр╣Вр╕Лр╕ер╣Ир╕▓р╣Ар╕Лр╕ер╕ер╣Мр╕Чр╕╡р╣Ир╕вр╕нр╕Фр╣Ар╕вр╕╡р╣Ир╕вр╕б!, р╕кр╕┤р╕Щр╕Др╣Йр╕▓р╕Чр╕╡р╣Ир╣Бр╕Щр╕░р╕Щр╣Нр╕▓р╕нр╕вр╣Ир╕▓р╕Зр╕вр╕┤р╣Ир╕З!, р╕Др╕╕р╣Йр╕бр╕Др╣Ир╕▓р╕Бр╕▒р╕Ър╕гр╕▓р╕Др╕▓р╕Чр╕╡р╣Ир╕Ир╣Ир╕▓р╕в!, р╕кр╕гр╣Йр╕▓р╕Зр╕Фр╣Йр╕зр╕вр╕зр╕▒р╕кр╕Фр╕╕р╕Чр╕╡р╣Ир╣Бр╕Вр╣Зр╕Зр╣Бр╕гр╕Зр╣Бр╕ер╕░р╕Чр╕Щр╕Чр╕▓р╕Щ!,|fake
р╕Зр╣Ир╕▓р╕вр╕Хр╣Ир╕нр╕Бр╕▓р╕гр╕Хр╕┤р╕Фр╕Хр╕▒р╣Йр╕Зр╣Бр╕ер╕░р╣Гр╕Кр╣Йр╕Зр╕▓р╕Щ!, р╕кр╕гр╣Йр╕▓р╕Зр╕Фр╣Йр╕зр╕вр╕зр╕▒р╕кр╕Фр╕╕р╕Чр╕╡р╣Ир╣Бр╕Вр╣Зр╕Зр╣Бр╕гр╕Зр╣Бр╕ер╕░р╕Чр╕Щр╕Чр╕▓р╕Щ!, р╣Ар╕лр╕бр╕▓р╕░р╕кр╣Нр╕▓р╕лр╕гр╕▒р╕Ър╕Бр╕▓р╕гр╣Гр╕Кр╣Йр╕Зр╕▓р╕Щр╕Чр╕▒р╣Йр╕Зр╣Гр╕Щр╕гр╣Ир╕бр╣Бр╕ер╕░р╕Вр╣Йр╕▓р╕Зр╕Щр╕нр╕Б!, р╣Др╕Яр╣Вр╕Лр╕ер╣Ир╕▓р╣Ар╕Лр╕ер╕ер╣Мр╕Чр╕╡р╣Ир╕вр╕нр╕Фр╣Ар╕вр╕╡р╣Ир╕вр╕б!,|fake
р╕Зр╣Ир╕▓р╕вр╕Хр╣Ир╕нр╕Бр╕▓р╕гр╕Хр╕┤р╕Фр╕Хр╕▒р╣Йр╕Зр╣Бр╕ер╕░р╣Гр╕Кр╣Йр╕Зр╕▓р╕Щ!, р╕лр╕ер╕▓р╕Бр╕лр╕ер╕▓р╕вр╣Бр╕ер╕░р╕бр╕╡р╕Яр╕▒р╕Зр╕Бр╣Мр╕Кр╕▒р╣Ир╕Щр╕лр╕ер╕▓р╕Бр╕лр╕ер╕▓р╕в!, р╕Др╕╕р╣Йр╕бр╕Др╣Ир╕▓р╕Бр╕▒р╕Ър╕гр╕▓р╕Др╕▓р╕Чр╕╡р╣Ир╕Ир╣Ир╕▓р╕в!, р╕Юр╕ер╕▒р╕Зр╕Зр╕▓р╕Щр╣Бр╕кр╕Зр╕нр╕▓р╕Чр╕┤р╕Хр╕вр╣Мр╕Чр╕╡р╣Ир╣Гр╕Кр╣Йр╣Др╕Фр╣Йр╕Щр╕▓р╕Щ!,|fake
р╕Зр╣Ир╕▓р╕вр╕Хр╣Ир╕нр╕Бр╕▓р╕гр╕Хр╕┤р╕Фр╕Хр╕▒р╣Йр╕Зр╣Бр╕ер╕░р╣Гр╕Кр╣Йр╕Зр╕▓р╕Щ!, р╣Ар╕лр╕бр╕▓р╕░р╕кр╣Нр╕▓р╕лр╕гр╕▒р╕Ър╣Гр╕Кр╣Йр╣Гр╕Щр╕Бр╕▓р╕гр╣Гр╕лр╣Йр╣Бр╕кр╕Зр╕кр╕зр╣Ир╕▓р╕Зр╕Вр╣Йр╕▓р╕Зр╕Щр╕нр╕Б!, р╕Др╕зр╕▓р╕бр╕кр╕зр╣Ир╕▓р╕Зр╣Бр╕ер╕░р╕Др╕╕р╕Ур╕ар╕▓р╕Юр╕Чр╕╡р╣Ир╕Щр╣Ир╕▓р╕Ыр╕гр╕░р╕Чр╕▒р╕Ър╣Гр╕И!,|fake
р╕Ир╣Др╕Ир╕лр╕Ир╕Бр╕вр╕зр╕Бр╕зр╣Бр╕зр╣Бр╕зр╕зр╕нр╕зр╕Фр╕Зр╣Нр╕▓р╕Зр╕Зр╣Др╕Зр╕Зр╕Бр╕Зр╣Бр╣Гр╕Фр╕зр╕Зр╣Нр╕▓р╕Ър╣Др╕Ър╕Ър╕Юр╕Ър╣Ар╕Ър╕Ър╕▒р╕Ър╕╕р╕Ър╕Ър╕ар╕Ъ_р╕Ър╣Нр╕▓р╕Ър╕Ър╕Бр╕Ър╕Фр╕Ър╕Бр╕Зр╕Бр╕Зр╕Зр╕Бр╕Зр╕Фр╕Зр╕Фр╕Зр╕Фр╕Зр╕Бр╕Зр╕Зр╕Бр╕Зр╕Бр╕Зр╕Бр╕Зр╕Б|fake
р╕Ир╕нр╕лр╕ер╕нр╕Фр╣Ар╕ер╣Зр╕Бр╕бр╕▓р╕Б..р╣Жр╣Жр╣Жр╣Жр╣Жр╣Жр╣Ар╕ер╣Зр╕Бр╕Бр╕зр╣Йр╕▓р╕Эр╣Ир╕▓р╕бр╕╖р╕нр╕нр╕╡р╕Б..р╕Кр╣Йр╕нр╕Ыр╕бр╕▓р╕Щр╕▓р╕Щр╣Ар╕Ир╕нр╣Ар╕Др╕кр╕Щр╕╡р╣Йр╕Щр╕нр╕вр╕вр╣Мр╣Ар╕лр╕бр╕╖р╕нр╕Щр╕Бр╕▒р╕Щр╣Ар╕ор╣Йр╕вр╕вр╕в,.ЁЯШдЁЯШдЁЯШдЁЯШд|fake
р╕Ир╕▒р╕Фр╕кр╣Ир╕Зр╕кр╕┤р╕Щр╕Др╣Йр╕▓р╣Др╕Фр╣Йр╕гр╕зр╕Фр╣Ар╕гр╣Зр╕зр╕бр╕▓р╕Бр╕Щр╕░р╕Ир╣Кр╕░ р╕кр╕┤р╕Щр╕Др╣Йр╕▓р╣Бр╕Юр╕Др╕лр╣Ир╕нр╕бр╕▓р╣Ар╕Ыр╣Зр╕Щр╕нр╕вр╣Ир╕▓р╕Зр╕Фр╕╡ р╣Др╕бр╣Ир╕бр╕╡р╕Кр╣Нр╕▓р╕гр╕╕р╕Фр╣Ар╕кр╕╡р╕вр╕лр╕▓р╕в р╣Ар╕Щр╕╖р╣Йр╕нр╕зр╕▒р╕кр╕Фр╕╕р╕Фр╕╡р╕бр╕▓р╕Б р╕Хр╕гр╕Зр╕Хр╕▓р╕бр╕гр╕╣р╕Ыр╕Чр╕╕р╕Бр╕гр╕▓р╕вр╕Бр╕▓р╕г р╕Др╕╕р╣Йр╕бр╕Др╣Ир╕▓ р╕Др╕╕р╣Йр╕бр╕гр╕▓р╕Др╕▓р╕Фр╕╡р╕бр╕▓р╕Б р╕Др╕╕р╕Ур╕ар╕▓р╕Юр╕кр╕┤р╕Щр╕Др╣Йр╕▓р╕Фр╕╡р╕бр╕▓р╕Б р╕гр╣Йр╕▓р╕Щр╕Др╣Йр╕▓р╕Ър╕гр╕┤р╕Бр╕▓р╕гр╕Фр╕╡р╕бр╕▓р╕Б р╣Бр╕ер╣Йр╕зр╕Ир╕░р╕Бр╕ер╕▒р╕Ър╕бр╕▓р╕нр╕╕р╕Фр╕лр╕Щр╕╕р╕Щр╕нр╕╡р╕Бр╕Щр╕░р╕Ир╣Кр╕░|fake
р╕Ир╕╢р╕нр╕вр╕╡р╣Ар╕╢р╕Ир╣Ар╕Ир╕╢р╕Фр╕Ир╕╢р╕Фр╕Хр╕╢р╣Ар╕Хр╕╢р╕нр╕Щр╕▒р╣Бр╕Ир╕╡р╕нр╕вр╕╡р╕нр╕Ир╕╡р╕нр╕гр╕Ир╕┤р╕Фр╕вр╕нр╣Ир╕Щр╕Ыр╕Др╕▒р╕Ыр╕Щр╕▒р╕нр╕Ир╕╡р╣Ар╕вр╕гр╣Ар╕Ир╕╡р╣Бр╕▒р╕Др╕Бр╕Хр╕╢р╕Фр╕вр╕╡р╣Ар╕вр╕╡р╕нр╕Щр╕▒р╣Бр╕Щр╕▒р╣Бр╕вр╕╡р╕нр╕вр╕гр╕нр╕вр╕гр╕┤р╕гр╕вр╕┤|fake
р╕Кр╕нр╕Ър╕бр╕▓р╕Бр╕Бр╕Бр╕Бр╕Бр╣Ар╕ер╕Вр╕Хр╕гр╕Бр╕Ыр╕Бр╕кр╕╕р╕Фр╕Кр╕нр╕Ър╕бр╕▓р╕Бр╕Бр╕Бр╕Бр╕Бр╕Кр╕нр╕Ър╕бр╕▓р╕Бр╕Бр╕Бр╕Бр╕Бр╣Ар╕ер╕Вр╕Хр╕гр╕Бр╕Ыр╕Бр╕кр╕╕р╕Фр╣Ар╕ер╕Вр╕Хр╕гр╕Бр╕Ыр╕Бр╕Кр╕нр╕Ър╕бр╕▓р╕Бр╕Бр╕Бр╕Бр╕Бр╣Ар╕ер╕Вр╕Хр╕гр╕Бр╕Ыр╕Бр╕кр╕╕р╕Фр╕кр╕╕р╕Ф|fake
р╕Фр╕Фр╕Фр╕Фр╕Фр╕Фр╕Фр╕Фр╕Фр╕Фр╕Фр╕Фр╕Фр╕Фр╕Фр╕Фр╕Фр╕Фр╕Фр╕Фр╕Фр╕Фр╕Фр╕Фр╕Фр╕Фр╕Фр╕Фр╕Фр╕Фр╕Фр╕Фр╕Фр╕Фр╕Фр╕Фр╕Фр╕Фр╕Фр╕Фр╕Фр╕Фр╕Фр╕Фр╕Фр╕Фр╕Фр╕Фр╕Фр╕Фр╕Фр╕Фр╕Фр╕Фр╕Фр╕Фр╕Фр╕Фр╕Фр╕Фр╕Фр╕Фр╕Фр╕Фр╕Фр╕Фр╕Фр╕Фр╕Фр╕Фр╕Фр╕Фр╕Фр╕Фр╕Фр╕Фр╕Фр╕Фр╕Фр╕Фр╕Бр╕▓р╕гр╣Гр╕лр╣Йр╣Бр╕кр╕Зр╕кр╕зр╣Ир╕▓р╕Зр╕Фр╣Йр╕зр╕вр╕Юр╕ер╕▒р╕Зр╕Зр╕▓р╕Щр╣Бр╕кр╕Зр╕нр╕▓р╕Чр╕┤р╕Хр╕вр╣Мр╕Чр╕╡р╣Ир╕кр╕░р╕Фр╕зр╕Бр╕кр╕Ър╕▓р╕в!, р╕Ыр╕гр╕░р╕кр╕┤р╕Чр╕Шр╕┤р╕ар╕▓р╕Юр╣Бр╕ер╕░р╕Др╕зр╕▓р╕бр╣Ар╕Кр╕╖р╣Ир╕нр╕Цр╕╖р╕нр╣Др╕Фр╣Й!,|fake
р╕Фр╕╡р╣Ж р╕бр╕╡р╕гр╕╡р╣Вр╕бр╕Ч р╕кр╕гр╣Йр╕▓р╕Зр╕Фр╣Йр╕зр╕вр╕зр╕▒р╕кр╕Фр╕╕р╕Чр╕╡р╣Ир╣Бр╕Вр╣Зр╕Зр╣Бр╕гр╕Зр╣Бр╕ер╕░р╕Чр╕Щр╕Чр╕▓р╕Щ!, р╕кр╕гр╣Йр╕▓р╕Зр╕Фр╣Йр╕зр╕вр╕зр╕▒р╕кр╕Фр╕╕р╕Чр╕╡р╣Ир╣Бр╕Вр╣Зр╕Зр╣Бр╕гр╕Зр╣Бр╕ер╕░р╕Чр╕Щр╕Чр╕▓р╕Щ!,р╕кр╕┤р╕Щр╕Др╣Йр╕▓р╕Чр╕╡р╣Ир╣Бр╕Щр╕░р╕Щр╣Нр╕▓р╕нр╕вр╣Ир╕▓р╕Зр╕вр╕┤р╣Ир╕З!,|fake
р╕Фр╕╡р╣Жр╣Жр╣Жр╣Жр╣Жр╣Жр╣Жр╣Жр╣Жр╣Жр╣Жр╣Жр╣Жр╣Жр╣Жр╣Жр╣Жр╣Жр╣Жр╣Жр╣Жр╣Жр╣Жр╣Жр╣Жр╣Жр╣Жр╣Жр╣Жр╣Жр╣Жр╣Жр╣Жр╣Жр╣Жр╣Жр╣Жр╣Жр╣Жр╣Жр╣Жр╣Жр╣Жр╣Жр╣Жр╣Жр╣Жр╣Жр╣Жр╣Жр╣Жр╣Жр╣Жр╣Жр╣Жр╣Жр╣Жр╣Жр╣Жр╣Жр╣Жр╣Жр╣Жр╣Жр╣Жр╣Жр╣Жр╣Жр╣Жр╣Жр╣Жр╣Жр╣Жр╣Жр╣Жр╣Жр╣Жр╣Жр╣Жр╣Ж|fake
р╕Фр╕╡р╣Жр╣Жр╣Жр╣Жр╣Жр╣Жр╣Жр╣Жр╣Жр╣Жр╣Жр╣Жр╣Жр╣Жр╣Жр╣Жр╣Жр╣Жр╣Жр╣Жр╣Жр╣Жр╣Жр╣Жр╣Жр╣Жр╣Жр╣Жр╣Жр╣Жр╣Жр╣Жр╣Жр╣Жр╣Жр╣Жр╣Жр╣Жр╣Жр╣Жр╣Жр╣Жр╣Жр╣Жр╣Жр╣Жр╣Жр╣Жр╣Жр╣Жр╣Жр╣Жр╣Жр╣Жр╣Жр╣Жр╣Жр╣Жр╣Жр╣Жр╣Жр╣Жр╣Жр╣Жр╣Жр╣Жр╣Жр╣Жр╣Жр╣Жр╣Жр╣Жр╣Жр╣Жр╣Жр╣Жр╣Жр╣Жр╣Жр╣Жр╣Жр╣Жр╣Жр╣Жр╣Жр╣Жр╣Жр╣Жр╣Ж|fake
р╕Фр╕╡р╣Жр╣Жр╣Жр╣Жр╣Жр╣Жр╣Жр╣Жр╣Жр╣Жр╣Жр╣Жр╣Жр╣Жр╣Жр╣Жр╣Жр╣Жр╣Жр╣Жр╣Жр╣Жр╣Жр╣Жр╣Жр╣Жр╣Жр╣Жр╣Жр╣Жр╣Жр╣Жр╣Др╣Др╣Др╣Др╣Др╣Др╣Др╣Др╣Др╕Вр╕Вр╕Вр╕Вр╕Вр╕Вр╕Вр╕Вр╕Вр╕Вр╕Вр╕Вр╕Вр╕Вр╕Вр╕Вр╕Вр╕Вр╕Вр╕Вр╕Вр╕Вр╕Вр╕Вр╕Вр╕Вр╕Вр╕Вр╕Вр╕Вр╕Вр╕Вр╕Вр╕Вр╕Вр╕Вр╕Вр╕Вр╕В|fake
р╕Фр╕╡р╣Жр╣Жр╣Жр╣Жр╣Жр╣Жр╣Жр╣Жр╣Жр╣Жр╣Жр╣Жр╣Жр╣Жр╕Яр╕Яр╕Яр╕Яр╕Яр╕Яр╕Яр╕Яр╕Яр╕Яр╕Яр╕Яр╕Яр╕Яр╕Яр╕Яр╕Яр╕Яр╕Яр╕Яр╕Яр╣Жр╣Жр╣Жр╣Жр╣Жр╣Жр╣Жр╣Жр╣Жр╣Жр╣Жр╣Жр╣Жр╣Жр╣Жр╣Жр╣Жр╣Жр╣Жр╣Жр╣Жр╣Жр╣Жр╣Жр╣Жр╣Жр╣Жр╣Жр╣Жр╣Жр╣Жр╣Жр╣Нр╕▓р╕Юр╕░р╕╕р╕╢р╕Др╕░р╕Фр╕Бр╕Фр╕╡р╕Хр╕Х|fake
р╕Фр╕╡р╣Жр╣Жр╣Жр╣Жр╣Жр╕бр╕▓р╕Бр╣Жр╣Жр╣Жр╣Жр╕Др╕▒р╕Ър╣Жр╣Жр╣Жр╣Жр╕Ьр╕бр╣Жр╣Жр╣Жр╣Жр╣Жр╣Жр╣Жр╣Жр╕Кр╕нр╕Ър╣Жр╣Жр╣Жр╣Жр╣Жр╣Жр╣Жр╣Жр╕бр╕▓р╕Бр╣Жр╣Жр╣Жр╣Жр╣Жр╣Ар╕ер╕вр╣Жр╣Жр╣Жр╣Жр╣Жр╕кр╕▒р╣Ир╕Зр╣Жр╣Жр╣Жр╣Жр╣Жр╕бр╕▓р╣Жр╣Жр╣Жр╣Ж2р╣Жр╣Жр╣Жр╣Жр╣Жр╣Жр╣Жр╕гр╕нр╕Ър╣Жр╣Жр╣Жр╣Жр╣Жр╕нр╕ер╣Йр╕зр╕Др╕▒р╕Ър╣Жр╣Жр╣Жр╣Ж|fake
р╕Фр╕╡р╕Др╕гр╕▒р╕Ър╕Ир╕▒р╕Фр╕кр╣Ир╕Зр╕Фр╕╡р╣Жр╣Жр╣Жр╣Др╣Жр╣Жр╣Жр╣Жр╣Др╣Др╣Жр╣Др╣Др╣Др╣Жр╣Жр╣Жр╣Жр╣Жр╣Жр╣Жр╣Жр╣Жр╣Жр╣Жр╣Жр╣Жр╣Жр╣Жр╣Жр╣Жр╣Жр╣Жр╣Жр╣Жр╣Жр╣Жр╣Жр╣Жр╣Жр╣Жр╣Жр╣Жр╣Жр╣Жр╣Жр╣Жр╣Жр╣Жр╣Жр╣Жр╣Жр╣Жр╣Жр╣Жр╣Жр╣Жр╣Жр╣Жр╣Жр╣Жр╣Жр╣Жр╣Жр╣Жр╣Жр╣Жр╣Ж|fake
р╕Фр╕╡р╕Др╣Ир╕░ р╕Чр╕▓р╕Зр╕гр╣Йр╕▓р╕Щр╕Ир╕▒р╕Фр╕кр╣Ир╕Зр╣Др╕з р╕гр╕нр╕Вр╕нр╕Зр╣Др╕бр╣Ир╕Щр╕▓р╕Щр╕бр╕▓р╕Бр╕Юр╕Щр╕▒р╕Бр╕Зр╕▓р╕Щр╕Вр╕Щр╕кр╣Ир╕З р╕Вр╕Щр╕кр╣Ир╕Зр╕Вр╕нр╕Зр╣Др╕з р╕Хр╕гр╕Зр╕Хр╕▓р╕бр╕Чр╕╡р╣Ир╕Щр╕▒р╕Фр╕лр╕бр╕▓р╕в р╕бр╕╡р╕Бр╕▓р╕гр╣Вр╕Чр╕гр╣Бр╕Ир╣Йр╕Зр╕Бр╣Ир╕нр╕Щр╕Щр╣Нр╕▓р╕Вр╕нр╕зр╕бр╕▓р╕кр╣Ир╕Зр╣Ар╕вр╕╡р╣Ир╕вр╕бр╕Др╣Ир╕░ р╕Цр╕╣р╕Бр╣Гр╕Ир╕бр╕▓р╕Бр╣Ж р╕Вр╕нр╕Зр╕Хр╕гр╕Зр╕Ыр╕Б р╣Ар╕вр╕╡р╣Ир╕вр╕бр╣Жр╣Жр╣Ж|fake
р╕Фр╕╡р╕Зр╕▓р╕бр╕бр╕▓р╕Б р╕кр╕┤р╣Йр╕Щр╕Др╣Йр╕▓р╣Ар╕лр╕бр╕▓р╕░р╣Бр╕ер╕░р╕кр╕бр╕Бр╕▒р╕Ър╕гр╕▓р╕Др╕▓р╣Др╕бр╣Ир╣Бр╕Юр╕З р╕лр╕╡р╕Ър╕лр╣Ир╕нр╣Бр╕Юр╕Др╕бр╕▓р╕Фр╕╡ р╣Ар╕Фр╕╡р╣Лр╕вр╕зр╕Ир╕░р╣Др╕зр╣Йр╕бр╕▓р╕нр╕╕р╕Фр╕лр╕Щр╕╕р╕Щр╣Гр╕лр╕бр╣И р╣Гр╕Др╕гр╕нр╕вр╕▓р╕Бр╣Др╕Фр╣Йр╣Бр╕Щр╕░р╕Щр╣Нр╕▓р╣Ар╕ер╕в|fake
р╕Фр╕╡р╕Фр╣Жр╣Жр╕Фр╕╡р╕Фр╣Жр╣Жр╕╡р╕Фр╕╡р╣Ар╕╡р╣Жр╣Бр╕╡р╕Фр╕╡р╣Жр╕Фр╕╡р╣Жр╕Фр╕╡р╣Жр╕Фр╕╡р╣Бр╣Жр╣Жр╣Жр╣Жр╣Жр╣Жр╣Жр╣Жр╣Жр╣Жр╣Жр╣Жр╣Жр╣Жр╣Жр╣Жр╣Жр╣Жр╣Жр╣Жр╣Жр╣Жр╣Жр╣Др╣Жр╣Жр╣Жр╣Жр╣Жр╣Жр╣Жр╣Жр╣Жр╣Жр╣Жр╣Жр╣Жр╣Жр╣Жр╣Жр╣Жр╣Жр╣Жр╣Жр╣Жр╣Жр╣Жр╕Яр╣Жр╣Ж|fake
р╕Фр╕╡р╕бр╕▓р╕Бр╕Др╕гр╕▒р╕Ъ р╣Ар╕Ыр╣Зр╕Щр╕Бр╕▓р╕гр╕Ър╕гр╕┤р╕Бр╕▓р╕гр╕Чр╕╡р╣Ир╕вр╕нр╕Фр╣Ар╕вр╕╡р╣Ир╕вр╕б р╕Цр╕╣р╕Бр╣Гр╕Ир╕зр╕▒р╕Хр╕Цр╕╕р╕Ыр╕гр╕░р╕кр╕Зр╕Др╣Мр╣Гр╕Щр╕Бр╕▓р╕гр╕Чр╕╡р╣Ир╕Ир╕░р╕Лр╕╖р╣Йр╕нр╕бр╕▓р╣Гр╕Кр╣Йр╕бр╕▓р╕Б р╕бр╕╡р╣Вр╕нр╕Бр╕▓р╕кр╕Лр╕╖р╣Йр╕нр╕бр╕▓р╣Гр╕Кр╣Йр╕нр╕╡р╕Бр╣Бр╕Щр╣Ир╕Щр╕нр╕Щр╕Др╕гр╕▒р╕Ъ|fake
р╕Фр╕╡р╕бр╕▓р╕Бр╕Др╕гр╕▒р╕Ъ р╣Ар╕Ыр╣Зр╕Щр╕Бр╕▓р╕гр╕Ър╕гр╕┤р╕Бр╕▓р╕гр╕Чр╕╡р╣Ир╕вр╕нр╕Фр╣Ар╕вр╕╡р╣Ир╕вр╕б р╕Цр╕╣р╕Бр╣Гр╕Ир╕зр╕▒р╕Хр╕Цр╕╕р╕Ыр╕гр╕░р╕кр╕Зр╕Др╣Мр╣Гр╕Щр╕Бр╕▓р╕гр╕Чр╕╡р╣Ир╕Ир╕░р╕Лр╕╖р╣Йр╕нр╕бр╕▓р╣Гр╕Кр╣Йр╕бр╕▓р╕Б р╕бр╕╡р╣Вр╕нр╕Бр╕▓р╕кр╕Лр╕╖р╣Йр╕нр╕бр╕▓р╣Гр╕Кр╣Йр╕нр╕╡р╕Бр╣Бр╕Щр╣Ир╕Щр╕нр╕Щр╕Др╕гр╕▒р╕Ъ р╕Зр╣Ир╕▓р╕вр╕Хр╣Ир╕нр╕Бр╕▓р╕гр╕Хр╕┤р╕Фр╕Хр╕▒р╣Йр╕Зр╣Бр╕ер╕░р╣Гр╕Кр╣Йр╕Зр╕▓р╕Щ!, р╕Др╕╕р╣Йр╕бр╕Др╣Ир╕▓р╕Бр╕▒р╕Ър╕гр╕▓р╕Др╕▓р╕Чр╕╡р╣Ир╕Ир╣Ир╕▓р╕в!, р╕Бр╕▓р╕гр╕нр╕нр╕Бр╣Бр╕Ър╕Ър╕Чр╕╡р╣Ир╕лр╕гр╕╣р╕лр╕гр╕▓р╣Бр╕ер╕░р╕Чр╕▒р╕Щр╕кр╕бр╕▒р╕в!, р╕Бр╕▓р╕гр╕Др╕╕р╣Йр╕бр╕Др╕гр╕нр╕Зр╕гр╕▒р╕Ър╕Ыр╕гр╕░р╕Бр╕▒р╕Щр╕Чр╕╡р╣Ир╕вр╕нр╕Фр╣Ар╕вр╕╡р╣Ир╕вр╕б!,|fake
р╕Фр╕╡р╕бр╕▓р╕Бр╕бр╕▓р╕Бр╣Жр╣Жр╣Жр╣Жр╣Жр╣Жр╣Жр╣Жр╣Жр╣Жр╣Жр╣Жр╣Жр╣Жр╣Жр╣Жр╣Жр╣Жр╣Жр╣Жр╣Жр╣Жр╣Жр╣Жр╣Жр╣Жр╣Жр╣Жр╣Жр╣Жр╣Жр╣Жр╣Жр╣Жр╣Жр╣Жр╣Жр╣Жр╣Жр╣Жр╣Жр╣Жр╣Жр╣Жр╣Жр╣Жр╣Жр╣Жр╣Жр╣Жр╣Жр╣Жр╣Жр╣Жр╣Жр╣Жр╣Жр╣Жр╣Жр╣Жр╣Жр╣Жр╣Жр╣Жр╣Жр╣Жр╣Ер╣Жр╣Жр╣Жр╣Жр╣Жр╣Ж|fake
р╕Фр╕╡р╣Ар╕вр╕╡р╣Ир╕вр╕бтАЛр╕Зр╣Ир╕▓р╕вр╕Хр╣Ир╕нр╕Бр╕▓р╕гр╕Хр╕┤р╕Фр╕Хр╕▒р╣Йр╕Зр╣Бр╕ер╕░р╣Гр╕Кр╣Йр╕Зр╕▓р╕Щ!, р╕Др╕╕р╣Йр╕бр╕Др╣Ир╕▓р╕Бр╕▒р╕Ър╕гр╕▓р╕Др╕▓р╕Чр╕╡р╣Ир╕Ир╣Ир╕▓р╕в!,|fake
р╕Фр╕╡р╕кр╕зр╕вр╣Жр╣Ар╕ер╕вр╕Др╕гр╕▒р╕Ър╣Гр╕Кр╣Йр╕Зр╕▓р╕Щр╕Чр╕Щр╣Жр╣Жр╣Жр╕кр╕▒р╣Ир╕Зр╕бр╕▓5р╕нр╕▒р╕Щр╣Ар╣Ар╕ер╣Йр╕зр╕Кр╕нр╕Ър╕бр╕▓р╕Бр╕Бр╕Бр╕кр╕▒р╣Ир╕Зр╣Ар╕ер╕вр╕бр╕╡р╕Вр╕нр╕Зр╣Ар╣Ар╕Цр╕бр╕Фр╣Йр╕зр╕вр╕Кр╕нр╕Ър╕бр╕▓р╕Бр╕Бр╕Бр╕Бр╕Бр╕Бр╕Бр╕Бр╕Бр╕Б|fake
р╕Фр╕╡р╕╡р╕╡р╕╡р╣Жр╣Жр╣Жр╣Жр╣Жр╣Жр╣Жр╣Жр╣Жр╣Жр╣Жр╣Жр╣Жр╣Жр╣Жр╣Жр╣Жр╣Жр╣Жр╣Жр╣Жр╣Жр╣Жр╣Жр╣Жр╣Жр╣Жр╣Жр╣Жр╣Жр╣Жр╣Жр╣Жр╣Жр╣Жр╣Жр╣Жр╣Жр╣Жр╣Жр╣Жр╣Жр╣Жр╣Жр╣Жр╣Жр╣Жр╣Жр╣Жр╣Жр╣Жр╣Жр╣Жр╣Жр╣Жр╣Жр╣Жр╣Жр╣Жр╣Жр╣Жр╣Жр╣Жр╣Жр╣Жр╣Жр╣Жр╣Жр╣Жр╣Жр╣Жр╣Жр╣Жр╣Жр╣Ж|fake
р╣Др╕Фр╣Йр╕Вр╕нр╕Зр╕Ир╕гр╕┤р╕З р╕Хр╕гр╕Зр╕Ыр╕Б р╣Бр╕Хр╣Ир╣Др╕бр╣Ир╕бр╕╡р╕Бр╕▒р╕Щр╕Бр╕гр╕░р╣Бр╕Чр╕Бр╣Ар╕ер╕в р╕Бр╕гр╕░р╕Ир╕Бр╣Вр╕Лр╕ер╣Ир╕▓р╣Ар╕Лр╕ер╕ер╣Мр╣Ар╕Ыр╣Зр╕Щр╕гр╕нр╕в р╕Бр╕▓р╕гр╕Ир╕▒р╕Фр╕кр╣Ир╕Зр╕Кр╣Йр╕▓р╕лр╕Щр╣Ир╕нр╕в р╕гр╕▓р╕Др╕▓р╣Ар╕лр╕бр╕▓р╕░р╕кр╕бр╕Бр╕▒р╕Ър╕Хр╕▒р╕зр╕кр╕┤р╕Щр╕Др╣Йр╕▓ р╕Др╕╕р╕Ур╕ар╕▓р╕Юр╕Юр╕нр╣Др╕Фр╣Й|fake
р╣Др╕Фр╣Йр╕Вр╕нр╕Зр╕Ир╕гр╕┤р╕З р╕Хр╕гр╕Зр╕Ыр╕Б р╣Бр╕Хр╣Ир╣Др╕бр╣Ир╕бр╕╡р╕Бр╕▒р╕Щр╕Бр╕гр╕░р╣Бр╕Чр╕Бр╣Ар╕ер╕в р╕Бр╕▓р╕гр╕Ир╕▒р╕Фр╕кр╣Ир╕Зр╕Кр╣Йр╕▓р╕лр╕Щр╣Ир╕нр╕в р╕гр╕▓р╕Др╕▓р╣Ар╕лр╕бр╕▓р╕░р╕кр╕бр╕Бр╕▒р╕Ър╕Хр╕▒р╕зр╕кр╕┤р╕Щр╕Др╣Йр╕▓ р╕Др╕╕р╕Ур╕ар╕▓р╕Юр╕Фр╕╡|fake
р╣Др╕Фр╣Йр╕гр╕▒р╕Ър╣Вр╕Др╕бр╣Др╕Яр╣Вр╕Лр╕ер╣Ир╕▓р╣Ар╕Лр╕ер╕ер╣М р╕Ир╣Нр╕▓р╕Щр╕зр╕Щ 1set р╣Бр╕Ър╕Хр╕пр╣Вр╕нр╣Ар╕Др╣Ар╕ер╕в р╣Ар╕лр╕бр╕▓р╕░р╕кр╣Нр╕▓р╕лр╕гр╕▒р╕Ър╕Бр╕▓р╕гр╣Гр╕Кр╣Йр╕Зр╕▓р╕Щр╕Чр╕▒р╣Йр╕Зр╣Гр╕Щр╕гр╣Ир╕бр╣Бр╕ер╕░р╕Вр╣Йр╕▓р╕Зр╕Щр╕нр╕Б!,|fake
р╣Др╕Фр╣Йр╕гр╕▒р╕Ър╕кр╕┤р╕Щр╕Др╣Йр╕▓р╕Др╕гр╕Ър╕Цр╣Йр╕зр╕Щ р╕Ир╕▒р╕Фр╕кр╣Ир╕Зр╣Ар╕гр╣Зр╕зр╕бр╕▓р╕Б р╕кр╕▒р╣Ир╕Зр╕Кр╣Ир╕зр╕З 5-5 р╣Бр╕Хр╣Ир╣Др╕Фр╣Йр╕гр╕▒р╕Ър╕ар╕▓р╕вр╣Гр╕Щ 1 р╕зр╕▒р╕Щ р╕Цр╕╖р╕нр╕зр╣Ир╕▓р╣Ар╕гр╣Зр╕зр╕кр╕╕р╕Фр╣Ж р╕Чр╕Фр╕ер╕нр╕Зр╣Гр╕Кр╣Йр╣Бр╕ер╣Йр╕зр╣Гр╕Кр╣Йр╣Др╕Фр╣Йр╕Ир╕гр╕┤р╕З р╕лр╕ер╕нр╕Фр╣Др╕Я 1000W р╕Вр╕Щр╕▓р╕Фр╣Гр╕лр╕Нр╣Ир╕Бр╕зр╣Ир╕▓р╕Эр╣Ир╕▓р╕бр╕╖р╕нр╕Щр╕┤р╕Фр╕лр╕Щр╣Ир╕нр╕в р╕Чр╕Фр╕ер╕нр╕Зр╕Кр╕▓р╕гр╣Мр╕Ир╕Ыр╕гр╕░р╕бр╕▓р╕У 1 р╕Кр╕▒р╣Ир╕зр╣Вр╕бр╕Зр╣Бр╕ер╣Йр╕зр╕Чр╕Фр╕кр╕нр╕Ър╕Бр╕▒р╕Ър╕Юр╕╖р╣Йр╕Щр╕Чр╕╡р╣И 4mX6m р╣Гр╕лр╣Йр╕Др╕зр╕▓р╕бр╕кр╕зр╣Ир╕▓р╕Зр╕Бр╣Нр╕▓р╕ер╕▒р╕Зр╕Фр╕╡ р╕кр╕┤р╕Щр╕Др╣Йр╕▓р╣Др╕бр╣Ир╕бр╕╡р╕Бр╕▓р╕гр╕Кр╣Нр╕▓р╕гр╕╕р╕Фр╣Ар╕кр╕╡р╕вр╕лр╕▓р╕в р╣Бр╕Щр╕░р╕Щр╣Нр╕▓р╕гр╣Йр╕▓р╕Щр╕Щр╕╡р╣Йр╕Ыр╕гр╕░р╕Чр╕▒р╕Ър╣Гр╕Ир╕Чр╕╡р╣Ир╕кр╣Ир╕Зр╣Ар╕гр╣Зр╕зр╣Вр╕Др╕Хр╕░р╕гр╕░|fake
р╣Др╕Фр╣Йр╕гр╕▒р╕Ър╕кр╕┤р╕Щр╕Др╣Йр╕▓р╣Ар╕гр╕╡р╕вр╕Ър╕гр╣Йр╕нр╕вр╕Др╕гр╕▒р╕Ъ р╕Хр╕гр╕Зр╕Ыр╕Бр╕Хр╕▓р╕бр╕кр╕▒р╣Ир╕З р╣Бр╕Юр╣Зр╕Др╕Фр╕╡р╣Др╕бр╣Ир╣Ар╕кр╕╡р╕вр╕лр╕▓р╕в р╕Др╕╕р╕Ур╕ар╕▓р╕Юр╕Фр╕╡ р╣Др╕бр╣Ир╕бр╕╡р╕Ыр╕▒р╕Нр╕лр╕▓ р╕Цр╕╣р╕Бр╣Гр╕Ир╕бр╕▓р╕Бр╕Др╕гр╕▒р╕Ъ|fake
р╣Др╕Фр╣Йр╕гр╕▒р╕Ър╕кр╕┤р╕Щр╕Др╣Йр╕▓р╣Ар╕гр╕╡р╕вр╕Ър╕гр╣Йр╕нр╕вр╕Др╕гр╕▒р╕Ъ р╕кр╕┤р╕Щр╕Др╣Йр╕▓р╕Др╕гр╕Ър╕Цр╣Йр╕зр╕Щр╕Цр╕╣р╕Бр╕Хр╣Йр╕нр╕Зр╕Хр╕▓р╕бр╕Чр╕╡р╣Ир╕кр╕▒р╣Ир╕Зр╣Др╕Ы р╕кр╕┤р╕Щр╕Др╣Йр╕▓р╣Др╕бр╣Ир╣Ар╕кр╕╡р╕вр╕лр╕▓р╕вр╕нр╕░р╣Др╕г р╕Вр╕Щр╕кр╣Ир╕Зр╕Ир╕▒р╕Фр╕кр╣Ир╕Зр╕гр╕зр╕Фр╣Ар╕гр╣Зр╕зр╕Фр╕╡р╕Др╕гр╕▒р╕Ъ|fake
р╣Др╕Фр╣Йр╕гр╕▒р╕Ър╕кр╕┤р╕Щр╕Др╣Йр╕▓р╣Ар╕гр╕╡р╕вр╕Ър╕гр╣Йр╕нр╕вр╣Бр╕ер╣Йр╕зр╕Др╕гр╕▒р╕Ъ р╕кр╕┤р╕Щр╕Др╣Йр╕▓р╕Др╕гр╕Ър╕Хр╕▓р╕бр╕Ир╣Нр╕▓р╕Щр╕зр╕Щр╕Чр╕╡р╣Ир╕кр╕▒р╣Ир╕З р╕Др╕гр╕▒р╣Йр╕Зр╕Щр╕╡р╣Йр╣Ар╕Ыр╣Зр╕Щр╕Др╕гр╕▒р╣Йр╕Зр╕Чр╕╡р╣И 2 р╕вр╕▒р╕Зр╣Др╕бр╣Ир╣Др╕Фр╣Йр╕Чр╕Фр╕кр╕нр╕Ър╕кр╕┤р╕Щр╕Др╣Йр╕▓ р╕вр╕▒р╕Зр╣Др╕бр╣Ир╕бр╕╡р╣Бр╕кр╕Зр╕нр╕▓р╕Чр╕┤р╕Хр╕вр╣М|fake
р╣Др╕Фр╣Йр╕гр╕▒р╕Ър╕кр╕┤р╕Щр╕Др╣Йр╕▓р╣Ар╕гр╕╡р╕вр╕Ър╕гр╣Йр╕нр╕вр╣Бр╕ер╣Йр╕зр╕Др╕гр╕▒р╕Ър╕Ир╕▒р╕Фр╕кр╣Ир╕Зр╕гр╕зр╕Фр╣Ар╕гр╣Зр╕з р╕кр╕┤р╕Щр╕Др╣Йр╕▓р╕Хр╕гр╕Зр╕Ыр╕Б р╣Бр╕Юр╣Зр╕Др╕бр╕▓р╕Фр╕╡р╕Др╕╕р╣Йр╕бр╕Др╣Ир╕▓р╕Бр╕▒р╕Ър╕гр╕▓р╕Др╕▓р╕Чр╕╡р╣Ир╕Ир╣Ир╕▓р╕в!,|fake
р╣Др╕Фр╣Йр╕гр╕▒р╕Ър╕кр╕┤р╕Щр╕Др╣Йр╕▓р╣Бр╕ер╣Йр╕з р╕кр╕┤р╕Щр╕Др╣Йр╕▓р╕Хр╕гр╕Зр╕Ыр╕Б р╕Др╕╕р╕Ур╕ар╕▓р╕Юр╕Фр╕╡р╕бр╕▓р╕Б р╣Гр╕лр╣Йр╕Др╕зр╕▓р╕бр╕кр╕зр╣Ир╕▓р╕Зр╕Чр╕▒р╣Йр╕Зр╕Др╕╖р╕Щр╕Цр╕╢р╕Зр╣Ар╕Кр╣Йр╕▓ р╣Ар╕Юр╕гр╕▓р╕░р╕ер╕нр╕Зр╣Бр╕ер╣Йр╕зр╣Ар╕Ыр╕┤р╕Фр╣Ар╕нр╕Зр╕Ыр╕┤р╕Фр╣Ар╕нр╕З р╕Фр╕╡р╕Др╕гр╕▒р╕Ъ р╕Ър╕нр╕Бр╕Хр╣Ир╕н р╕нр╕Щр╕▓р╕Др╕Хр╕бр╕╡р╕Лр╕╖р╣Йр╕нр╣Ар╕Юр╕┤р╣Ир╕б р╕Ир╕▓р╕Бр╕гр╣Йр╕▓р╕Щр╕Щр╕╡р╣Йр╕нр╕╡р╕Бр╣Бр╕Щр╣Ир╕Щр╕нр╕Щр╕Др╕гр╕▒р╕Ъ|fake
р╣Др╕Фр╣Йр╕гр╕▒р╕Ър╕кр╕┤р╕Щр╕Др╣Йр╕▓р╣Бр╕ер╣Йр╕з р╕нр╕вр╕╣р╣Ир╣Гр╕Щр╕кр╕ар╕▓р╕Юр╕Фр╕╡ р╕Бр╕ер╣Ир╕нр╕Зр╕бр╕╡р╕гр╕нр╕вр╕Ър╕╕р╕Ър╣Ар╕ер╣Зр╕Бр╕Щр╣Йр╕нр╕вр╣Бр╕Хр╣Ир╕Др╕┤р╕Фр╕зр╣Ир╕▓р╕Др╕Зр╣Др╕бр╣Ир╕бр╕╡р╕Ьр╕ер╕Бр╕▒р╕Ър╕Хр╕▒р╕зр╕кр╕┤р╕Щр╕Др╣Йр╕▓р╣Ар╕Юр╕гр╕▓р╕░р╕бр╕╡р╕Бр╕▓р╕гр╕лр╣Ир╕нр╕Бр╕▒р╕Щр╕Бр╕гр╕░р╣Ар╣Ар╕Чр╕Бр╣Др╕зр╣Й р╕кр╣Ир╕зр╕Щр╕Хр╕▒р╕зр╕кр╕┤р╕Щр╕Др╣Йр╕▓р╕Хр╣Йр╕нр╕Зр╕ер╕нр╕Зр╣Гр╕Кр╣Йр╕Фр╕╣р╕Бр╣Ир╕нр╕Щр╕Цр╕╢р╕Зр╕Ир╕░р╕Фр╕╡р╕лр╕гр╕╖р╕нр╣Др╕бр╣И|fake
р╣Др╕Фр╣Йр╕гр╕▒р╕Ър╕кр╕┤р╕Щр╕Др╣Йр╕▓р╣Бр╕ер╣Йр╕зр╕Др╕гр╕Ър╕Хр╕▓р╕бр╕Чр╕╡р╣Ир╕кр╕▒р╣Ир╕З р╣Бр╕Юр╣Зр╕Др╣Гр╕кр╣Ир╕Бр╕ер╣Ир╕нр╕Зр╕бр╕▓р╣Др╕бр╣Ир╣Ар╕кр╕╡р╕вр╕лр╕▓р╕вр╣Бр╕Хр╣Ир╕вр╕▒р╕Зр╣Др╕бр╣Ир╣Др╕Фр╣Йр╕Хр╕┤р╕Фр╕Хр╕▒р╣Йр╕Зр╕Др╕зр╕▓р╕бр╕кр╕зр╣Ир╕▓р╕Зр╕бр╕▓р╕Бр╕Щр╣Йр╕нр╕вр╣Бр╕Др╣Ир╣Гр╕лр╕Щр╕вр╕▒р╕Зр╣Др╕бр╣Ир╕гр╕╣р╕╣р╣Й р╕Вр╕Щр╕кр╣Ир╕Зр╕Ър╕гр╕┤р╕Бр╕▓р╕гр╕Фр╕╡р╕кр╕╕р╕Цр╕▓р╕Юр╣Вр╕Чр╕гр╣Бр╕Ир╣Йр╕Зр╕Бр╣Ир╕нр╕Щр╕Чр╕╕р╕Бр╕Др╕гр╕▒р╣Йр╕З|fake
р╣Др╕Фр╣Йр╕гр╕▒р╕Ър╕кр╕┤р╕Щр╕Др╣Йр╕▓р╣Бр╕ер╣Йр╕зр╕Др╣Ир╕░ р╕кр╕┤р╕Щр╕Др╣Йр╕▓р╕Др╕╕р╕Ур╕ар╕▓р╕Юр╕Фр╕╡р╕бр╕▓р╕Бр╕Бр╕Бр╕Бр╕Бр╕Бр╕Бр╣Жр╣Жр╣Жр╕Др╣Ир╕░ р╕гр╕▓р╕Др╕▓р╕вр╣Ир╕нр╕бр╣Ар╕вр╕▓р╕зр╣Мр╣Ар╕Бр╕┤р╕Щр╕Др╕╕р╣Йр╕бр╕Др╣Ир╕▓р╕Бр╕▒р╕Ър╕гр╕▓р╕Др╕▓ р╣Др╕Фр╣Йр╕гр╕▒р╕Ър╕Бр╕▓р╕гр╕Ър╕гр╕┤р╕Бр╕▓р╕гр╕Ир╕▓р╕Бр╕Ър╕гр╕┤р╕йр╕▒р╕Чр╕Чр╕╡р╣Ир╕Вр╕Щр╕кр╣Ир╕Зр╕бр╕▓р╣Гр╕лр╣Йр╕Фр╕╡р╕бр╕▓р╕Бр╕Бр╕Бр╕Бр╕Бр╕Бр╕Др╣Ир╕░р╣Др╕зр╣Йр╕бр╕▓р╕Лр╕╖р╣Йр╕нр╕нр╕╡р╕Бр╕гр╕нр╕Ър╕Ър╕Ър╕Ър╕Ър╣Бр╕Щр╣Ир╕Щр╕нр╕Щр╕Др╣Ир╕░|fake
р╣Др╕Фр╣Йр╕гр╕▒р╕Ър╕кр╕┤р╕Щр╕Др╣Йр╕▓р╣Бр╕ер╣Йр╕зр╕Цр╕╣р╕Бр╕Хр╣Йр╕нр╕Зр╕Хр╕▓р╕бр╣Бр╕Ър╕Ър╕Чр╕╡р╣Ир╕кр╕▒р╣Ир╕З...р╕нр╕╕р╕Ыр╕Бр╕гр╕Ур╣Мр╕Др╕гр╕Ър╕кр╕ар╕▓р╕Юр╕кр╕бр╕Ър╕╣р╕гр╕Ур╣Мр╣Др╕бр╣Ир╕бр╕╡р╣Ар╕кр╕╡р╕вр╕лр╕▓р╕в.. р╕Др╕╕р╕Ур╕ар╕▓р╕Юр╕Вр╕нр╕Зр╕кр╕┤р╕Щр╕Др╣Йр╕▓р╕Фр╕╡р╕бр╕▓р╕Б.... р╕Др╕зр╕▓р╕бр╕Др╕╕р╣Йр╕бр╕Др╣Ир╕▓р╕Фр╕╡р╕бр╕▓р╕Б... р╕Др╕зр╕▓р╕бр╕гр╕зр╕Фр╣Ар╕гр╣Зр╕зр╣Гр╕Щр╕Бр╕▓р╕гр╕Ир╕▒р╕Фр╕кр╣Ир╕Зр╕Фр╕╡р╕бр╕▓р╕Б....р╕Цр╕╣р╕Бр╣Гр╕Ир╕бр╕▓р╕Бр╕Др╣Ир╕░ р╕кр╣Ир╕Зр╣Ар╕гр╣Зр╕з р╕Вр╕нр╕Зр╕Фр╕╡ р╕бр╕╡р╕Др╕╕р╕Ур╕ар╕▓р╕Юр╣Гр╕лр╣Й5р╕Фр╕▓р╕зр╕Др╣Ир╕░|fake
р╕Хр╕▒р╣Йр╕Зр╣Гр╕Ир╕зр╣Ир╕▓р╕Ир╕░р╕кр╕▒р╣Ир╕Зр╕Ыр╕гр╕░р╕лр╕вр╕▒р╕Фр╕Юр╕ер╕▒р╕Зр╕Зр╕▓р╕Щр╣Бр╕ер╕░р╣Ар╕Ыр╣Зр╕Щр╕бр╕┤р╕Хр╕гр╕Хр╣Ир╕нр╕кр╕┤р╣Ир╕Зр╣Бр╕зр╕Фр╕ер╣Йр╕нр╕б!, р╕Ыр╕гр╕░р╕кр╕┤р╕Чр╕Шр╕┤р╕ар╕▓р╕Юр╣Бр╕ер╕░р╕Др╕зр╕▓р╕бр╣Ар╕Кр╕╖р╣Ир╕нр╕Цр╕╖р╕нр╣Др╕Фр╣Й!,|fake
р╕Хр╕┤р╕Фр╕Хр╕▒р╣Йр╕Зр╕Зр╣Ир╕▓р╕вр╣Гр╕Кр╣Йр╕Зр╕▓р╕Щр╕Зр╣Ир╕▓р╕вр╕Лр╕╖р╣Йр╕нр╣Ар╕Ыр╣Зр╕Щр╕Др╕гр╕▒р╣Йр╕Зр╕Чр╕╡р╣Ир╕кр╕нр╕З р╣Бр╕Ър╕Хр╣Ар╕Хр╕нр╕гр╕╡р╣Ир╕Др╕Зр╕Чр╕Щ р╕вр╕▒р╕Зр╣Др╕бр╣Ир╕Юр╕Ър╕Бр╕▓р╕гр╕Ыр╕▒р╕Нр╕лр╕▓р╕Бр╕▒р╕Ър╕Бр╕▓р╕гр╣Гр╕Кр╣Йр╕Зр╕▓р╕Щ|fake
р╕Щр╕╢р╕Бр╣Жр╕Яр╣Жр╕Яр╕Яр╣Жр╕Яр╕Яр╕Яр╣Жр╣Жр╣Жр╣Жр╣Жр╣Жр╣Жр╣Жр╣Жр╣Жр╣Жр╕зр╣Ир╕▓р╣Жр╣Жр╣Жр╣Жр╣Жр╣Жр╣Жр╣Жр╣Жр╣Жр╣Жр╣Жр╣Жр╕Ир╕░р╣Жр╣Жр╣Жр╣Жр╣Жр╣Жр╣Жр╣Жр╣Жр╣Жр╣Жр╣Гр╕лр╕Нр╣Ир╣Жр╣Жр╣Жр╣Жр╣Жр╣Жр╣Жр╣Жр╣Жр╣Жр╣Жр╣Др╕лр╕Щр╣Жр╣Жр╣Жр╣Жр╣Жр╣Жр╣Жр╣Жр╣Ар╕ер╣Зр╕Бр╣Жр╣Жр╣Жр╣Жр╣Жр╣Ж|fake
р╣Бр╕Щр╣Ир╕Щр╕нр╕Щр╕зр╣Ир╕▓р╣Др╕Яр╕Юр╕ер╕▒р╕Зр╕Зр╕▓р╕Щр╣Бр╕кр╕Зр╕нр╕▓р╕Чр╕┤р╕Хр╕вр╣Мр╣Ар╕Ыр╣Зр╕Щр╕Хр╕▒р╕зр╣Ар╕ер╕╖р╕нр╕Бр╣Бр╕гр╕Бр╕кр╣Нр╕▓р╕лр╕гр╕▒р╕Ър╕Бр╕▓р╕гр╕Ыр╕гр╕░р╕лр╕вр╕▒р╕Фр╕Юр╕ер╕▒р╕Зр╕Зр╕▓р╕Щр╣Бр╕ер╕░р╕Бр╕▓р╕гр╕Ыр╕Бр╕Ыр╣Йр╕нр╕Зр╕кр╕┤р╣Ир╕Зр╣Бр╕зр╕Фр╕ер╣Йр╕нр╕бр╕Др╕зр╕▓р╕бр╕кр╕зр╣Ир╕▓р╕Зр╕Вр╕нр╕Зр╣Др╕Яр╕Фр╕╡р╕бр╕▓р╕Бр╣Бр╕ер╕░р╕Юр╕╖р╣Йр╕Щр╕Чр╕╡р╣Ир╕Др╕гр╕нр╕Ър╕Др╕ер╕╕р╕бр╕Бр╣Зр╣Гр╕лр╕Нр╣И р╣Др╕бр╣Ир╣Ар╕Юр╕╡р╕вр╕Зр╕кр╕░р╕Фр╕зр╕Б р╣Бр╕Хр╣Ир╕вр╕▒р╕Зр╕Ыр╕гр╕░р╕лр╕вр╕▒р╕Фр╕Др╣Ир╕▓р╣Др╕Яр╕Яр╣Йр╕▓р╣Др╕Фр╣Йр╕бр╕▓р╕Бр╣Ар╕Юр╕╖р╣Ир╕нр╕Щр╕Ър╣Йр╕▓р╕Щр╕Лр╕╖р╣Йр╕нр╕Бр╣Ир╕нр╕Щр╣Бр╕ер╕░р╕Йр╕▒р╕Щр╕Бр╣Зр╕Лр╕╖р╣Йр╕нр╕Фр╣Йр╕зр╕вр╕бр╕▒р╕Щр╕Фр╕╡р╕бр╕▓р╕Бр╣Гр╕Щр╕Чр╕╕р╕Бр╕Фр╣Йр╕▓р╕Щр╕Эр╕╡р╕бр╕╖р╕нр╕Ыр╕гр╕░р╕Ур╕╡р╕Хр╣Бр╕ер╕░р╣Ар╕Ыр╣Зр╕Щр╕Бр╕▓р╕гр╕Кр╣Йр╕нр╕Ыр╕Ыр╕┤р╣Йр╕Зр╕Чр╕╡р╣Ир╕бр╕╡р╕Др╕зр╕▓р╕бр╕кр╕╕р╕Вр╕бр╕▓р╕Бр╕Фр╣Йр╕зр╕вр╕гр╕╡р╣Вр╕бр╕Чр╕Др╕нр╕Щр╣Вр╕Чр╕гр╕е|fake
р╕Ыр╕гр╕░р╕кр╕┤р╕Чр╕Шр╕┤р╕ар╕▓р╕Юр╣Бр╕ер╕░р╕Др╕зр╕▓р╕бр╣Ар╕Кр╕╖р╣Ир╕нр╕Цр╕╖р╕нр╣Др╕Фр╣Й!, р╕Бр╕▓р╕гр╕Др╕╕р╣Йр╕бр╕Др╕гр╕нр╕Зр╕гр╕▒р╕Ър╕Ыр╕гр╕░р╕Бр╕▒р╕Щр╕Чр╕╡р╣Ир╕вр╕нр╕Фр╣Ар╕вр╕╡р╣Ир╕вр╕б!, р╣Др╕Я LED р╕кр╕зр╣Ир╕▓р╕Зр╕бр╕▓р╕Бр╕бр╕▓р╕в!, р╕Бр╕▓р╕гр╣Гр╕лр╣Йр╣Бр╕кр╕Зр╕кр╕зр╣Ир╕▓р╕Зр╕Фр╣Йр╕зр╕вр╕Юр╕ер╕▒р╕Зр╕Зр╕▓р╕Щр╣Бр╕кр╕Зр╕нр╕▓р╕Чр╕┤р╕Хр╕вр╣Мр╕Чр╕╡р╣Ир╕кр╕░р╕Фр╕зр╕Бр╕кр╕Ър╕▓р╕в!,|fake
р╕Ыр╕гр╕░р╕кр╕┤р╕Чр╕Шр╕┤р╕ар╕▓р╕Юр╣Бр╕ер╕░р╕Др╕зр╕▓р╕бр╣Ар╕Кр╕╖р╣Ир╕нр╕Цр╕╖р╕нр╣Др╕Фр╣Й!, р╕Др╕зр╕▓р╕бр╕кр╕зр╣Ир╕▓р╕Зр╣Бр╕ер╕░р╕Др╕╕р╕Ур╕ар╕▓р╕Юр╕Чр╕╡р╣Ир╕Щр╣Ир╕▓р╕Ыр╕гр╕░р╕Чр╕▒р╕Ър╣Гр╕И!, р╕Бр╕▓р╕гр╣Гр╕лр╣Йр╣Бр╕кр╕Зр╕кр╕зр╣Ир╕▓р╕Зр╕Фр╣Йр╕зр╕вр╕Юр╕ер╕▒р╕Зр╕Зр╕▓р╕Щр╣Бр╕кр╕Зр╕нр╕▓р╕Чр╕┤р╕Хр╕вр╣Мр╕Чр╕╡р╣Ир╕кр╕░р╕Фр╕зр╕Бр╕кр╕Ър╕▓р╕в!,|fake
р╕Ыр╕гр╕░р╕кр╕┤р╕Чр╕Шр╕┤р╕ар╕▓р╕Юр╣Бр╕ер╕░р╕Др╕зр╕▓р╕бр╣Ар╕Кр╕╖р╣Ир╕нр╕Цр╕╖р╕нр╣Др╕Фр╣Й!, р╕Др╕зр╕▓р╕бр╕кр╕зр╣Ир╕▓р╕Зр╣Бр╕ер╕░р╕Др╕╕р╕Ур╕ар╕▓р╕Юр╕Чр╕╡р╣Ир╕Щр╣Ир╕▓р╕Ыр╕гр╕░р╕Чр╕▒р╕Ър╣Гр╕И!, р╕Др╕╕р╣Йр╕бр╕Др╣Ир╕▓р╕Бр╕▒р╕Ър╕гр╕▓р╕Др╕▓р╕Чр╕╡р╣Ир╕Ир╣Ир╕▓р╕в!,|fake
р╕Ыр╕гр╕░р╕кр╕┤р╕Чр╕Шр╕┤р╕ар╕▓р╕Юр╣Бр╕ер╕░р╕Др╕зр╕▓р╕бр╣Ар╕Кр╕╖р╣Ир╕нр╕Цр╕╖р╕нр╣Др╕Фр╣Й!, р╕Др╕зр╕▓р╕бр╕кр╕зр╣Ир╕▓р╕Зр╣Бр╕ер╕░р╕Др╕╕р╕Ур╕ар╕▓р╕Юр╕Чр╕╡р╣Ир╕Щр╣Ир╕▓р╕Ыр╕гр╕░р╕Чр╕▒р╕Ър╣Гр╕И!, р╕Ыр╕гр╕░р╕лр╕вр╕▒р╕Фр╕Юр╕ер╕▒р╕Зр╕Зр╕▓р╕Щр╣Бр╕ер╕░р╣Ар╕Ыр╣Зр╕Щр╕бр╕┤р╕Хр╕гр╕Хр╣Ир╕нр╕кр╕┤р╣Ир╕Зр╣Бр╕зр╕Фр╕ер╣Йр╕нр╕б!, р╣Ар╕лр╕бр╕▓р╕░р╕кр╕бр╕Бр╕▒р╕Ър╕гр╕▓р╕Др╕▓р╣Ар╣Ар╕ер╕░р╕кр╣Ир╕Зр╣Др╕з|fake
р╕Ыр╕гр╕░р╕кр╕┤р╕Чр╕Шр╕┤р╕ар╕▓р╕Юр╣Бр╕ер╕░р╕Др╕зр╕▓р╕бр╣Ар╕Кр╕╖р╣Ир╕нр╕Цр╕╖р╕нр╣Др╕Фр╣Й!, р╕Ыр╕гр╕░р╕кр╕┤р╕Чр╕Шр╕┤р╕ар╕▓р╕Юр╣Бр╕ер╕░р╕Др╕зр╕▓р╕бр╣Ар╕Кр╕╖р╣Ир╕нр╕Цр╕╖р╕нр╣Др╕Фр╣Й!, р╕Ыр╕гр╕░р╕кр╕┤р╕Чр╕Шр╕┤р╕ар╕▓р╕Юр╣Бр╕ер╕░р╕Др╕зр╕▓р╕бр╣Ар╕Кр╕╖р╣Ир╕нр╕Цр╕╖р╕нр╣Др╕Фр╣Й!, р╕Юр╕ер╕▒р╕Зр╕Зр╕▓р╕Щр╣Бр╕кр╕Зр╕нр╕▓р╕Чр╕┤р╕Хр╕вр╣Мр╕Чр╕╡р╣Ир╣Гр╕Кр╣Йр╣Др╕Фр╣Йр╕Щр╕▓р╕Щ!, р╕Ыр╕гр╕░р╕кр╕┤р╕Чр╕Шр╕┤р╕ар╕▓р╕Юр╣Бр╕ер╕░р╕Др╕зр╕▓р╕бр╣Ар╕Кр╕╖р╣Ир╕нр╕Цр╕╖р╕нр╣Др╕Фр╣Й!,|fake
р╕Ыр╕гр╕░р╕кр╕┤р╕Чр╕Шр╕┤р╕ар╕▓р╕Юр╣Бр╕ер╕░р╕Др╕зр╕▓р╕бр╣Ар╕Кр╕╖р╣Ир╕нр╕Цр╕╖р╕нр╣Др╕Фр╣Й!, р╕Ыр╕гр╕░р╕лр╕вр╕▒р╕Фр╕Юр╕ер╕▒р╕Зр╕Зр╕▓р╕Щр╣Бр╕ер╕░р╣Ар╕Ыр╣Зр╕Щр╕бр╕┤р╕Хр╕гр╕Хр╣Ир╕нр╕кр╕┤р╣Ир╕Зр╣Бр╕зр╕Фр╕ер╣Йр╕нр╕б!, р╣Ар╕лр╕бр╕▓р╕░р╕кр╣Нр╕▓р╕лр╕гр╕▒р╕Ър╕Бр╕▓р╕гр╣Гр╕Кр╣Йр╕Зр╕▓р╕Щр╕Чр╕▒р╣Йр╕Зр╣Гр╕Щр╕гр╣Ир╕бр╣Бр╕ер╕░р╕Вр╣Йр╕▓р╕Зр╕Щр╕нр╕Б!,р╕кр╕╡:6000WTOP20|fake
р╕Ыр╕гр╕░р╕кр╕┤р╕Чр╕Шр╕┤р╕ар╕▓р╕Юр╣Бр╕ер╕░р╕Др╕зр╕▓р╕бр╣Ар╕Кр╕╖р╣Ир╕нр╕Цр╕╖р╕нр╣Др╕Фр╣Й!, р╕Юр╕ер╕▒р╕Зр╕Зр╕▓р╕Щр╣Бр╕кр╕Зр╕нр╕▓р╕Чр╕┤р╕Хр╕вр╣Мр╕Чр╕╡р╣Ир╣Гр╕Кр╣Йр╣Др╕Фр╣Йр╕Щр╕▓р╕Щ!, р╕кр╕┤р╕Щр╕Др╣Йр╕▓р╕Чр╕╡р╣Ир╣Бр╕Щр╕░р╕Щр╣Нр╕▓р╕нр╕вр╣Ир╕▓р╕Зр╕вр╕┤р╣Ир╕З!,|fake
р╕Ыр╕гр╕░р╕кр╕┤р╕Чр╕Шр╕┤р╕ар╕▓р╕Юр╣Бр╕ер╕░р╕Др╕зр╕▓р╕бр╣Ар╕Кр╕╖р╣Ир╕нр╕Цр╕╖р╕нр╣Др╕Фр╣Й!, р╣Ар╕лр╕бр╕▓р╕░р╕кр╣Нр╕▓р╕лр╕гр╕▒р╕Ър╣Гр╕Кр╣Йр╣Гр╕Щр╕Бр╕▓р╕гр╣Гр╕лр╣Йр╣Бр╕кр╕Зр╕кр╕зр╣Ир╕▓р╕Зр╕Вр╣Йр╕▓р╕Зр╕Щр╕нр╕Б!, р╕лр╕ер╕▓р╕Бр╕лр╕ер╕▓р╕вр╣Бр╕ер╕░р╕бр╕╡р╕Яр╕▒р╕Зр╕Бр╣Мр╕Кр╕▒р╣Ир╕Щр╕лр╕ер╕▓р╕Бр╕лр╕ер╕▓р╕в!,|fake
р╕Ыр╕гр╕░р╕лр╕вр╕▒р╕Фр╕Юр╕ер╕▒р╕Зр╕Зр╕▓р╕Щр╣Бр╕ер╕░р╣Ар╕Ыр╣Зр╕Щр╕бр╕┤р╕Хр╕гр╕Бр╕▒р╕Ър╕кр╕┤р╣Ир╕Зр╣Бр╕зр╕Фр╕ер╣Йр╕нр╕б, р╕Ыр╕гр╕░р╕лр╕вр╕▒р╕Фр╕Юр╕ер╕▒р╕Зр╕Зр╕▓р╕Щр╣Бр╕ер╕░р╣Ар╕Ыр╣Зр╕Щр╕бр╕┤р╕Хр╕гр╕Бр╕▒р╕Ър╕кр╕┤р╣Ир╕Зр╣Бр╕зр╕Фр╕ер╣Йр╕нр╕б, р╣Ар╕лр╕бр╕▓р╕░р╕кр╣Нр╕▓р╕лр╕гр╕▒р╕Ър╣Гр╕Кр╣Йр╕Бр╕ер╕▓р╕Зр╣Бр╕Ир╣Йр╕З, р╣Ар╕лр╕бр╕▓р╕░р╕кр╣Нр╕▓р╕лр╕гр╕▒р╕Ър╣Гр╕Кр╣Йр╕Бр╕ер╕▓р╕Зр╣Бр╕Ир╣Йр╕З, р╕Ыр╕гр╕░р╕лр╕вр╕▒р╕Фр╕Юр╕ер╕▒р╕Зр╕Зр╕▓р╕Щр╣Бр╕ер╕░р╣Ар╕Ыр╣Зр╕Щр╕бр╕┤р╕Хр╕гр╕Бр╕▒р╕Ър╕кр╕┤р╣Ир╕Зр╣Бр╕зр╕Фр╕ер╣Йр╕нр╕б, р╣Ар╕лр╕бр╕▓р╕░р╕кр╣Нр╕▓р╕лр╕гр╕▒р╕Ър╣Гр╕Кр╣Йр╕Бр╕ер╕▓р╕Зр╣Бр╕Ир╣Йр╕З, р╣Ар╕лр╕бр╕▓р╕░р╕кр╣Нр╕▓р╕лр╕гр╕▒р╕Ър╣Гр╕Кр╣Йр╕Бр╕ер╕▓р╕Зр╣Бр╕Ир╣Йр╕З, р╣Ар╕лр╕бр╕▓р╕░р╕кр╣Нр╕▓р╕лр╕гр╕▒р╕Ър╣Гр╕Кр╣Йр╕Бр╕ер╕▓р╕Зр╣Бр╕Ир╣Йр╕З,|fake
р╕Ыр╕гр╕░р╕лр╕вр╕▒р╕Фр╕Юр╕ер╕▒р╕Зр╕Зр╕▓р╕Щр╣Бр╕ер╕░р╣Ар╕Ыр╣Зр╕Щр╕бр╕┤р╕Хр╕гр╕Хр╣Ир╕нр╕кр╕┤р╣Ир╕Зр╣Бр╕зр╕Фр╕ер╣Йр╕нр╕б!, р╕Бр╕▓р╕гр╣Гр╕лр╣Йр╣Бр╕кр╕Зр╕кр╕зр╣Ир╕▓р╕Зр╕Фр╣Йр╕зр╕вр╕Юр╕ер╕▒р╕Зр╕Зр╕▓р╕Щр╣Бр╕кр╕Зр╕нр╕▓р╕Чр╕┤р╕Хр╕вр╣Мр╕Чр╕╡р╣Ир╕кр╕░р╕Фр╕зр╕Бр╕кр╕Ър╕▓р╕в!, р╕Ыр╕гр╕░р╕кр╕┤р╕Чр╕Шр╕┤р╕ар╕▓р╕Юр╣Бр╕ер╕░р╕Др╕зр╕▓р╕бр╣Ар╕Кр╕╖р╣Ир╕нр╕Цр╕╖р╕нр╣Др╕Фр╣Й!,|fake
р╕Ыр╕гр╕░р╕лр╕вр╕▒р╕Фр╕Юр╕ер╕▒р╕Зр╕Зр╕▓р╕Щр╣Бр╕ер╕░р╣Ар╕Ыр╣Зр╕Щр╕бр╕┤р╕Хр╕гр╕Хр╣Ир╕нр╕кр╕┤р╣Ир╕Зр╣Бр╕зр╕Фр╕ер╣Йр╕нр╕б!, р╕Бр╕▓р╕гр╣Гр╕лр╣Йр╣Бр╕кр╕Зр╕кр╕зр╣Ир╕▓р╕Зр╕Фр╣Йр╕зр╕вр╕Юр╕ер╕▒р╕Зр╕Зр╕▓р╕Щр╣Бр╕кр╕Зр╕нр╕▓р╕Чр╕┤р╕Хр╕вр╣Мр╕Чр╕╡р╣Ир╕кр╕░р╕Фр╕зр╕Бр╕кр╕Ър╕▓р╕в!, р╣Др╕Яр╣Вр╕Лр╕ер╣Ир╕▓р╣Ар╕Лр╕ер╕ер╣Мр╕Чр╕╡р╣Ир╕вр╕нр╕Фр╣Ар╕вр╕╡р╣Ир╕вр╕б!, р╕Бр╕▓р╕гр╕нр╕нр╕Бр╣Бр╕Ър╕Ър╕Чр╕╡р╣Ир╕лр╕гр╕╣р╕лр╕гр╕▓р╣Бр╕ер╕░р╕Чр╕▒р╕Щр╕кр╕бр╕▒р╕в!,|fake
р╕Ыр╕гр╕░р╕лр╕вр╕▒р╕Фр╕Юр╕ер╕▒р╕Зр╕Зр╕▓р╕Щр╣Бр╕ер╕░р╣Ар╕Ыр╣Зр╕Щр╕бр╕┤р╕Хр╕гр╕Хр╣Ир╕нр╕кр╕┤р╣Ир╕Зр╣Бр╕зр╕Фр╕ер╣Йр╕нр╕б!, р╕Бр╕▓р╕гр╕нр╕нр╕Бр╣Бр╕Ър╕Ър╕Чр╕╡р╣Ир╕лр╕гр╕╣р╕лр╕гр╕▓р╣Бр╕ер╕░р╕Чр╕▒р╕Щр╕кр╕бр╕▒р╕в!, р╕кр╕┤р╕Щр╕Др╣Йр╕▓р╕Чр╕╡р╣Ир╣Бр╕Щр╕░р╕Щр╣Нр╕▓р╕нр╕вр╣Ир╕▓р╕Зр╕вр╕┤р╣Ир╕З!, р╣Др╕Я LED р╕кр╕зр╣Ир╕▓р╕Зр╕бр╕▓р╕Бр╕бр╕▓р╕в!, р╕Юр╕ер╕▒р╕Зр╕Зр╕▓р╕Щр╣Бр╕кр╕Зр╕нр╕▓р╕Чр╕┤р╕Хр╕вр╣Мр╕Чр╕╡р╣Ир╣Гр╕Кр╣Йр╣Др╕Фр╣Йр╕Щр╕▓р╕Щ!, р╕Бр╕▓р╕гр╕Др╕╕р╣Йр╕бр╕Др╕гр╕нр╕Зр╕гр╕▒р╕Ър╕Ыр╕гр╕░р╕Бр╕▒р╕Щр╕Чр╕╡р╣Ир╕вр╕нр╕Фр╣Ар╕вр╕╡р╣Ир╕вр╕б!, р╕Ыр╕гр╕░р╕кр╕┤р╕Чр╕Шр╕┤р╕ар╕▓р╕Юр╣Бр╕ер╕░р╕Др╕зр╕▓р╕бр╣Ар╕Кр╕╖р╣Ир╕нр╕Цр╕╖р╕нр╣Др╕Фр╣Й!, р╣Ар╕лр╕бр╕▓р╕░р╕кр╣Нр╕▓р╕лр╕гр╕▒р╕Ър╣Гр╕Кр╣Йр╣Гр╕Щр╕Бр╕▓р╕гр╣Гр╕лр╣Йр╣Бр╕кр╕Зр╕кр╕зр╣Ир╕▓р╕Зр╕Вр╣Йр╕▓р╕Зр╕Щр╕нр╕Б!,|fake
р╕Ыр╕гр╕░р╕лр╕вр╕▒р╕Фр╕Юр╕ер╕▒р╕Зр╕Зр╕▓р╕Щр╣Бр╕ер╕░р╣Ар╕Ыр╣Зр╕Щр╕бр╕┤р╕Хр╕гр╕Хр╣Ир╕нр╕кр╕┤р╣Ир╕Зр╣Бр╕зр╕Фр╕ер╣Йр╕нр╕б!, р╕Зр╣Ир╕▓р╕вр╕Хр╣Ир╕нр╕Бр╕▓р╕гр╕Хр╕┤р╕Фр╕Хр╕▒р╣Йр╕Зр╣Бр╕ер╕░р╣Гр╕Кр╣Йр╕Зр╕▓р╕Щ!, р╕Бр╕▓р╕гр╕Др╕╕р╣Йр╕бр╕Др╕гр╕нр╕Зр╕гр╕▒р╕Ър╕Ыр╕гр╕░р╕Бр╕▒р╕Щр╕Чр╕╡р╣Ир╕вр╕нр╕Фр╣Ар╕вр╕╡р╣Ир╕вр╕б!, р╕Бр╕▓р╕гр╣Гр╕лр╣Йр╣Бр╕кр╕Зр╕кр╕зр╣Ир╕▓р╕Зр╕Фр╣Йр╕зр╕вр╕Юр╕ер╕▒р╕Зр╕Зр╕▓р╕Щр╣Бр╕кр╕Зр╕нр╕▓р╕Чр╕┤р╕Хр╕вр╣Мр╕Чр╕╡р╣Ир╕кр╕░р╕Фр╕зр╕Бр╕кр╕Ър╕▓р╕в!,|fake
р╕Ыр╕гр╕░р╕лр╕вр╕▒р╕Фр╕Юр╕ер╕▒р╕Зр╕Зр╕▓р╕Щр╣Бр╕ер╕░р╣Ар╕Ыр╣Зр╕Щр╕бр╕┤р╕Хр╕гр╕Хр╣Ир╕нр╕кр╕┤р╣Ир╕Зр╣Бр╕зр╕Фр╕ер╣Йр╕нр╕б!, р╕Зр╣Ир╕▓р╕вр╕Хр╣Ир╕нр╕Бр╕▓р╕гр╕Хр╕┤р╕Фр╕Хр╕▒р╣Йр╕Зр╣Бр╕ер╕░р╣Гр╕Кр╣Йр╕Зр╕▓р╕Щ!, р╣Ар╕лр╕бр╕▓р╕░р╕кр╣Нр╕▓р╕лр╕гр╕▒р╕Ър╕Бр╕▓р╕гр╣Гр╕Кр╣Йр╕Зр╕▓р╕Щр╕Чр╕▒р╣Йр╕Зр╣Гр╕Щр╕гр╣Ир╕бр╣Бр╕ер╕░р╕Вр╣Йр╕▓р╕Зр╕Щр╕нр╕Б!,|fake
р╕Ыр╕гр╕░р╕лр╕вр╕▒р╕Фр╕Юр╕ер╕▒р╕Зр╕Зр╕▓р╕Щр╣Бр╕ер╕░р╣Ар╕Ыр╣Зр╕Щр╕бр╕┤р╕Хр╕гр╕Хр╣Ир╕нр╕кр╕┤р╣Ир╕Зр╣Бр╕зр╕Фр╕ер╣Йр╕нр╕б!, р╕Зр╣Ир╕▓р╕вр╕Хр╣Ир╕нр╕Бр╕▓р╕гр╕Хр╕┤р╕Фр╕Хр╕▒р╣Йр╕Зр╣Бр╕ер╕░р╣Гр╕Кр╣Йр╕Зр╕▓р╕Щ!, р╣Ар╕лр╕бр╕▓р╕░р╕кр╣Нр╕▓р╕лр╕гр╕▒р╕Ър╣Гр╕Кр╣Йр╣Гр╕Щр╕Бр╕▓р╕гр╣Гр╕лр╣Йр╣Бр╕кр╕Зр╕кр╕зр╣Ир╕▓р╕Зр╕Вр╣Йр╕▓р╕Зр╕Щр╕нр╕Б!,|fake
р╕Ыр╕гр╕░р╕лр╕вр╕▒р╕Фр╕Юр╕ер╕▒р╕Зр╕Зр╕▓р╕Щр╣Бр╕ер╕░р╣Ар╕Ыр╣Зр╕Щр╕бр╕┤р╕Хр╕гр╕Хр╣Ир╕нр╕кр╕┤р╣Ир╕Зр╣Бр╕зр╕Фр╕ер╣Йр╕нр╕б!, р╕Ыр╕гр╕░р╕кр╕┤р╕Чр╕Шр╕┤р╕ар╕▓р╕Юр╣Бр╕ер╕░р╕Др╕зр╕▓р╕бр╣Ар╕Кр╕╖р╣Ир╕нр╕Цр╕╖р╕нр╣Др╕Фр╣Й!, р╣Др╕Я LED р╕кр╕зр╣Ир╕▓р╕Зр╕бр╕▓р╕Бр╕бр╕▓р╕в!,|fake
р╕Ыр╕гр╕░р╕лр╕вр╕▒р╕Фр╕Юр╕ер╕▒р╕Зр╕Зр╕▓р╕Щр╣Бр╕ер╕░р╣Ар╕Ыр╣Зр╕Щр╕бр╕┤р╕Хр╕гр╕Хр╣Ир╕нр╕кр╕┤р╣Ир╕Зр╣Бр╕зр╕Фр╕ер╣Йр╕нр╕б!, р╕Юр╕ер╕▒р╕Зр╕Зр╕▓р╕Щр╣Бр╕кр╕Зр╕нр╕▓р╕Чр╕┤р╕Хр╕вр╣Мр╕Чр╕╡р╣Ир╣Гр╕Кр╣Йр╣Др╕Фр╣Йр╕Щр╕▓р╕Щ!, р╣Др╕Яр╣Вр╕Лр╕ер╣Ир╕▓р╣Ар╕Лр╕ер╕ер╣Мр╕Чр╕╡р╣Ир╕вр╕нр╕Фр╣Ар╕вр╕╡р╣Ир╕вр╕б!, р╕лр╕ер╕▓р╕Бр╕лр╕ер╕▓р╕вр╣Бр╕ер╕░р╕бр╕╡р╕Яр╕▒р╕Зр╕Бр╣Мр╕Кр╕▒р╣Ир╕Щр╕лр╕ер╕▓р╕Бр╕лр╕ер╕▓р╕в!,|fake
р╕Ыр╕гр╕░р╕лр╕вр╕▒р╕Фр╕Юр╕ер╕▒р╕Зр╕Зр╕▓р╕Щр╣Бр╕ер╕░р╣Ар╕Ыр╣Зр╕Щр╕бр╕┤р╕Хр╕гр╕Хр╣Ир╕нр╕кр╕┤р╣Ир╕Зр╣Бр╕зр╕Фр╕ер╣Йр╕нр╕б!, р╣Др╕Я LED р╕кр╕зр╣Ир╕▓р╕Зр╕бр╕▓р╕Бр╕бр╕▓р╕в!, р╕Юр╕ер╕▒р╕Зр╕Зр╕▓р╕Щр╣Бр╕кр╕Зр╕нр╕▓р╕Чр╕┤р╕Хр╕вр╣Мр╕Чр╕╡р╣Ир╣Гр╕Кр╣Йр╣Др╕Фр╣Йр╕Щр╕▓р╕Щ!,|fake
р╕Ыр╕гр╕░р╕лр╕вр╕▒р╕Фр╕Юр╕ер╕▒р╕Зр╕Зр╕▓р╕Щр╣Бр╕ер╕░р╣Ар╕Ыр╣Зр╕Щр╕бр╕┤р╕Хр╕гр╕Хр╣Ир╕нр╕кр╕┤р╣Ир╕Зр╣Бр╕зр╕Фр╕ер╣Йр╕нр╕б!, р╣Др╕Я LED р╕кр╕зр╣Ир╕▓р╕Зр╕бр╕▓р╕Бр╕бр╕▓р╕в!, р╣Ар╕лр╕бр╕▓р╕░р╕кр╣Нр╕▓р╕лр╕гр╕▒р╕Ър╣Гр╕Кр╣Йр╣Гр╕Щр╕Бр╕▓р╕гр╣Гр╕лр╣Йр╣Бр╕кр╕Зр╕кр╕зр╣Ир╕▓р╕Зр╕Вр╣Йр╕▓р╕Зр╕Щр╕нр╕Б!,|fake
р╕Ыр╕гр╕░р╕лр╕вр╕▒р╕Фр╕Юр╕ер╕▒р╕Зр╕Зр╕▓р╕Щр╣Бр╕ер╕░р╣Ар╕Ыр╣Зр╕Щр╕бр╕┤р╕Хр╕гр╕Хр╣Ир╕нр╕кр╕┤р╣Ир╕Зр╣Бр╕зр╕Фр╕ер╣Йр╕нр╕б!, р╕лр╕ер╕▓р╕Бр╕лр╕ер╕▓р╕вр╣Бр╕ер╕░р╕бр╕╡р╕Яр╕▒р╕Зр╕Бр╣Мр╕Кр╕▒р╣Ир╕Щр╕лр╕ер╕▓р╕Бр╕лр╕ер╕▓р╕в!, р╣Ар╕лр╕бр╕▓р╕░р╕кр╣Нр╕▓р╕лр╕гр╕▒р╕Ър╣Гр╕Кр╣Йр╣Гр╕Щр╕Бр╕▓р╕гр╣Гр╕лр╣Йр╣Бр╕кр╕Зр╕кр╕зр╣Ир╕▓р╕Зр╕Вр╣Йр╕▓р╕Зр╕Щр╕нр╕Б!, р╣Ар╕лр╕бр╕▓р╕░р╕кр╣Нр╕▓р╕лр╕гр╕▒р╕Ър╕Бр╕▓р╕гр╣Гр╕Кр╣Йр╕Зр╕▓р╕Щр╕Чр╕▒р╣Йр╕Зр╣Гр╕Щр╕гр╣Ир╕бр╣Бр╕ер╕░р╕Вр╣Йр╕▓р╕Зр╕Щр╕нр╕Б!,|fake
р╕Ыр╕гр╕░р╕лр╕вр╕▒р╕Фр╕Юр╕ер╕▒р╕Зр╕Зр╕▓р╕Щр╣Бр╕ер╕░р╣Ар╕Ыр╣Зр╕Щр╕бр╕┤р╕Хр╕гр╕Хр╣Ир╕нр╕кр╕┤р╣Ир╕Зр╣Бр╕зр╕Фр╕ер╣Йр╕нр╕б!, р╣Ар╕лр╕бр╕▓р╕░р╕кр╣Нр╕▓р╕лр╕гр╕▒р╕Ър╕Бр╕▓р╕гр╣Гр╕Кр╣Йр╕Зр╕▓р╕Щр╕Чр╕▒р╣Йр╕Зр╣Гр╕Щр╕гр╣Ир╕бр╣Бр╕ер╕░р╕Вр╣Йр╕▓р╕Зр╕Щр╕нр╕Б!, р╣Ар╕лр╕бр╕▓р╕░р╕кр╣Нр╕▓р╕лр╕гр╕▒р╕Ър╣Гр╕Кр╣Йр╣Гр╕Щр╕Бр╕▓р╕гр╣Гр╕лр╣Йр╣Бр╕кр╕Зр╕кр╕зр╣Ир╕▓р╕Зр╕Вр╣Йр╕▓р╕Зр╕Щр╕нр╕Б!,|fake
р╣Бр╕Ьр╕Зр╣Вр╕Лр╕ер╕▓р╣Ар╕Лр╕ер╕Фр╣М р╣Гр╕лр╕Нр╣Ир╕бр╕▓р╕Бр╕бр╕▓р╕Юр╕гр╣Йр╕нр╕бр╕Бр╕▒р╕Ър╣Вр╕Др╕бр╣Др╕Яр╕Чр╕╡р╣Ир╣Гр╕лр╕Нр╣Ир╣Ар╕лр╕бр╕╖р╕нр╕Щр╕Бр╕▒р╕Щ р╕Бр╕ер╣Ир╕нр╕Зр╕кр╕┤р╕Щр╕Др╣Йр╕▓р╕Ър╕гр╕гр╕Ир╕╕р╕бр╕▓р╕нр╕вр╣Ир╕▓р╕Зр╕Фр╕╡ р╕бр╕╡р╣Бр╕Ьр╣Ир╕Щр╕гр╕нр╕Зр╕гр╕▒р╕Ър╕Бр╕▒р╣Йр╕Щр╕Бр╕гр╕░р╣Бр╕Чр╕Бр╕нр╕вр╣Ир╕▓р╕Зр╕Фр╕╡ р╕гр╕нр╕Чр╕Фр╕ер╕нр╕Зр╣Гр╕Кр╣Й|fake
р╕Юр╕ер╕▒р╕Зр╕Зр╕▓р╕Щр╣Бр╕кр╕Зр╕нр╕▓р╕Чр╕┤р╕Хр╕вр╣Мр╕Чр╕╡р╣Ир╣Гр╕Кр╣Йр╣Др╕Фр╣Йр╕Щр╕▓р╕Щ!, р╕Бр╕▓р╕гр╕нр╕нр╕Бр╣Бр╕Ър╕Ър╕Чр╕╡р╣Ир╕лр╕гр╕╣р╕лр╕гр╕▓р╣Бр╕ер╕░р╕Чр╕▒р╕Щр╕кр╕бр╕▒р╕в!, р╣Ар╕лр╕бр╕▓р╕░р╕кр╣Нр╕▓р╕лр╕гр╕▒р╕Ър╕Бр╕▓р╕гр╣Гр╕Кр╣Йр╕Зр╕▓р╕Щр╕Чр╕▒р╣Йр╕Зр╣Гр╕Щр╕гр╣Ир╕бр╣Бр╕ер╕░р╕Вр╣Йр╕▓р╕Зр╕Щр╕нр╕Б!, р╕лр╕ер╕▓р╕Бр╕лр╕ер╕▓р╕вр╣Бр╕ер╕░р╕бр╕╡р╕Яр╕▒р╕Зр╕Бр╣Мр╕Кр╕▒р╣Ир╕Щр╕лр╕ер╕▓р╕Бр╕лр╕ер╕▓р╕в!,|fake
р╕Юр╕ер╕▒р╕Зр╕Зр╕▓р╕Щр╣Бр╕кр╕Зр╕нр╕▓р╕Чр╕┤р╕Хр╕вр╣Мр╕Чр╕╡р╣Ир╣Гр╕Кр╣Йр╣Др╕Фр╣Йр╕Щр╕▓р╕Щ!, р╕Др╕зр╕▓р╕бр╕кр╕зр╣Ир╕▓р╕Зр╣Бр╕ер╕░р╕Др╕╕р╕Ур╕ар╕▓р╕Юр╕Чр╕╡р╣Ир╕Щр╣Ир╕▓р╕Ыр╕гр╕░р╕Чр╕▒р╕Ър╣Гр╕И!, р╕Ыр╕гр╕░р╕лр╕вр╕▒р╕Фр╕Юр╕ер╕▒р╕Зр╕Зр╕▓р╕Щр╣Бр╕ер╕░р╣Ар╕Ыр╣Зр╕Щр╕бр╕┤р╕Хр╕гр╕Хр╣Ир╕нр╕кр╕┤р╣Ир╕Зр╣Бр╕зр╕Фр╕ер╣Йр╕нр╕б!, р╣Др╕Яр╣Вр╕Лр╕ер╣Ир╕▓р╣Ар╕Лр╕ер╕ер╣Мр╕Чр╕╡р╣Ир╕вр╕нр╕Фр╣Ар╕вр╕╡р╣Ир╕вр╕б!,|fake
р╕Юр╕ер╕▒р╕Зр╕Зр╕▓р╕Щр╣Бр╕кр╕Зр╕нр╕▓р╕Чр╕┤р╕Хр╕вр╣Мр╕Чр╕╡р╣Ир╣Гр╕Кр╣Йр╣Др╕Фр╣Йр╕Щр╕▓р╕Щ!, р╕Ыр╕гр╕░р╕лр╕вр╕▒р╕Фр╕Юр╕ер╕▒р╕Зр╕Зр╕▓р╕Щр╣Бр╕ер╕░р╣Ар╕Ыр╣Зр╕Щр╕бр╕┤р╕Хр╕гр╕Хр╣Ир╕нр╕кр╕┤р╣Ир╕Зр╣Бр╕зр╕Фр╕ер╣Йр╕нр╕б!, р╣Др╕Яр╣Вр╕Лр╕ер╣Ир╕▓р╣Ар╕Лр╕ер╕ер╣Мр╕Чр╕╡р╣Ир╕вр╕нр╕Фр╣Ар╕вр╕╡р╣Ир╕вр╕б!,|fake
р╕Юр╕ер╕▒р╕Зр╕Зр╕▓р╕Щр╣Бр╕кр╕Зр╕нр╕▓р╕Чр╕┤р╕Хр╕вр╣Мр╕Чр╕╡р╣Ир╣Гр╕Кр╣Йр╣Др╕Фр╣Йр╕Щр╕▓р╕Щ!, р╕кр╕гр╣Йр╕▓р╕Зр╕Фр╣Йр╕зр╕вр╕зр╕▒р╕кр╕Фр╕╕р╕Чр╕╡р╣Ир╣Бр╕Вр╣Зр╕Зр╣Бр╕гр╕Зр╣Бр╕ер╕░р╕Чр╕Щр╕Чр╕▓р╕Щ!, р╕Др╕зр╕▓р╕бр╕кр╕зр╣Ир╕▓р╕Зр╣Бр╕ер╕░р╕Др╕╕р╕Ур╕ар╕▓р╕Юр╕Чр╕╡р╣Ир╕Щр╣Ир╕▓р╕Ыр╕гр╕░р╕Чр╕▒р╕Ър╣Гр╕И!,|fake
р╕Юр╕ер╕▒р╕Зр╕Зр╕▓р╕Щр╣Бр╕кр╕Зр╕нр╕▓р╕Чр╕┤р╕Хр╕вр╣Мр╕Чр╕╡р╣Ир╣Гр╕Кр╣Йр╣Др╕Фр╣Йр╕Щр╕▓р╕Щ!, р╣Ар╕лр╕бр╕▓р╕░р╕кр╣Нр╕▓р╕лр╕гр╕▒р╕Ър╣Гр╕Кр╣Йр╣Гр╕Щр╕Бр╕▓р╕гр╣Гр╕лр╣Йр╣Бр╕кр╕Зр╕кр╕зр╣Ир╕▓р╕Зр╕Вр╣Йр╕▓р╕Зр╕Щр╕нр╕Б!, р╕кр╕гр╣Йр╕▓р╕Зр╕Фр╣Йр╕зр╕вр╕зр╕▒р╕кр╕Фр╕╕р╕Чр╕╡р╣Ир╣Бр╕Вр╣Зр╕Зр╣Бр╕гр╕Зр╣Бр╕ер╕░р╕Чр╕Щр╕Чр╕▓р╕Щ!, р╣Др╕Яр╣Вр╕Лр╕ер╣Ир╕▓р╣Ар╕Лр╕ер╕ер╣Мр╕Чр╕╡р╣Ир╕вр╕нр╕Фр╣Ар╕вр╕╡р╣Ир╕вр╕б!, р╕Бр╕▓р╕гр╣Гр╕лр╣Йр╣Бр╕кр╕Зр╕кр╕зр╣Ир╕▓р╕Зр╕Фр╣Йр╕зр╕вр╕Юр╕ер╕▒р╕Зр╕Зр╕▓р╕Щр╣Бр╕кр╕Зр╕нр╕▓р╕Чр╕┤р╕Хр╕вр╣Мр╕Чр╕╡р╣Ир╕кр╕░р╕Фр╕зр╕Бр╕кр╕Ър╕▓р╕в!, р╕Бр╕▓р╕гр╕Др╕╕р╣Йр╕бр╕Др╕гр╕нр╕Зр╕гр╕▒р╕Ър╕Ыр╕гр╕░р╕Бр╕▒р╕Щр╕Чр╕╡р╣Ир╕вр╕нр╕Фр╣Ар╕вр╕╡р╣Ир╕вр╕б!,|fake
р╣Бр╕Юр╣Йр╕Др╕Вр╕нр╕Зр╕Фр╕╡р╕бр╕╡р╕Бр╕▒р╕Щр╕Бр╕гр╕░р╣Бр╕Чр╕Бр╕кр╕┤р╕Щр╕Др╣Йр╕▓р╣Др╕бр╣Ир╣Ар╕кр╕╡р╕вр╕лр╕▓р╕вр╣Ар╕лр╕ер╕╖р╕нр╣Бр╕Хр╣Ир╕гр╕нр╕Фр╕Фр╕╣р╕зр╣Ир╕▓р╕Ир╕░р╕кр╕зр╣Ир╕▓р╕Зр╕Щр╕▓р╕Щр╣Др╕лр╕бр╕Хр╕гр╕Зр╕Хр╕▓р╕бр╕кр╣Ар╕Ыр╕Бр╕Чр╕╡р╣Ир╕Ър╕нр╕Бр╕лр╕гр╕╖р╕нр╣Ар╕Ыр╕ер╣Ир╕▓р╕гр╕нр╕Фр╕╣р╕Ьр╕ер╕Ир╕░р╕бр╕▓р╕Ър╕нр╕Бр╕Др╕гр╕░|fake
р╣Др╕Я LED р╕кр╕зр╣Ир╕▓р╕Зр╕бр╕▓р╕Бр╕бр╕▓р╕в!, р╕Бр╕▓р╕гр╣Гр╕лр╣Йр╣Бр╕кр╕Зр╕кр╕зр╣Ир╕▓р╕Зр╕Фр╣Йр╕зр╕вр╕Юр╕ер╕▒р╕Зр╕Зр╕▓р╕Щр╣Бр╕кр╕Зр╕нр╕▓р╕Чр╕┤р╕Хр╕вр╣Мр╕Чр╕╡р╣Ир╕кр╕░р╕Фр╕зр╕Бр╕кр╕Ър╕▓р╕в!, р╕Ыр╕гр╕░р╕кр╕┤р╕Чр╕Шр╕┤р╕ар╕▓р╕Юр╣Бр╕ер╕░р╕Др╕зр╕▓р╕бр╣Ар╕Кр╕╖р╣Ир╕нр╕Цр╕╖р╕нр╣Др╕Фр╣Й!, р╣Др╕Яр╣Вр╕Лр╕ер╣Ир╕▓р╣Ар╕Лр╕ер╕ер╣Мр╕Чр╕╡р╣Ир╕вр╕нр╕Фр╣Ар╕вр╕╡р╣Ир╕вр╕б!,|fake
р╣Др╕Я LED р╕кр╕зр╣Ир╕▓р╕Зр╕бр╕▓р╕Бр╕бр╕▓р╕в!, р╕Бр╕▓р╕гр╕нр╕нр╕Бр╣Бр╕Ър╕Ър╕Чр╕╡р╣Ир╕лр╕гр╕╣р╕лр╕гр╕▓р╣Бр╕ер╕░р╕Чр╕▒р╕Щр╕кр╕бр╕▒р╕в!, р╣Ар╕лр╕бр╕▓р╕░р╕кр╣Нр╕▓р╕лр╕гр╕▒р╕Ър╣Гр╕Кр╣Йр╣Гр╕Щр╕Бр╕▓р╕гр╣Гр╕лр╣Йр╣Бр╕кр╕Зр╕кр╕зр╣Ир╕▓р╕Зр╕Вр╣Йр╕▓р╕Зр╕Щр╕нр╕Б!, р╕кр╕гр╣Йр╕▓р╕Зр╕Фр╣Йр╕зр╕вр╕зр╕▒р╕кр╕Фр╕╕р╕Чр╕╡р╣Ир╣Бр╕Вр╣Зр╕Зр╣Бр╕гр╕Зр╣Бр╕ер╕░р╕Чр╕Щр╕Чр╕▓р╕Щ!,|fake
р╣Др╕Я LED р╕кр╕зр╣Ир╕▓р╕Зр╕бр╕▓р╕Бр╕бр╕▓р╕в!, р╕Др╕╕р╣Йр╕бр╕Др╣Ир╕▓р╕Бр╕▒р╕Ър╕гр╕▓р╕Др╕▓р╕Чр╕╡р╣Ир╕Ир╣Ир╕▓р╕в!, р╕Ыр╕гр╕░р╕кр╕┤р╕Чр╕Шр╕┤р╕ар╕▓р╕Юр╣Бр╕ер╕░р╕Др╕зр╕▓р╕бр╣Ар╕Кр╕╖р╣Ир╕нр╕Цр╕╖р╕нр╣Др╕Фр╣Й!, р╕Зр╣Ир╕▓р╕вр╕Хр╣Ир╕нр╕Бр╕▓р╕гр╕Хр╕┤р╕Фр╕Хр╕▒р╣Йр╕Зр╣Бр╕ер╕░р╣Гр╕Кр╣Йр╕Зр╕▓р╕Щ!,|fake
р╣Др╕Я LED р╕кр╕зр╣Ир╕▓р╕Зр╕бр╕▓р╕Бр╕бр╕▓р╕в!, р╕Др╕╕р╣Йр╕бр╕Др╣Ир╕▓р╕Бр╕▒р╕Ър╕гр╕▓р╕Др╕▓р╕Чр╕╡р╣Ир╕Ир╣Ир╕▓р╕в!, р╕кр╕гр╣Йр╕▓р╕Зр╕Фр╣Йр╕зр╕вр╕зр╕▒р╕кр╕Фр╕╕р╕Чр╕╡р╣Ир╣Бр╕Вр╣Зр╕Зр╣Бр╕гр╕Зр╣Бр╕ер╕░р╕Чр╕Щр╕Чр╕▓р╕Щ!, р╕Бр╕▓р╕гр╕Др╕╕р╣Йр╕бр╕Др╕гр╕нр╕Зр╕гр╕▒р╕Ър╕Ыр╕гр╕░р╕Бр╕▒р╕Щр╕Чр╕╡р╣Ир╕вр╕нр╕Фр╣Ар╕вр╕╡р╣Ир╕вр╕б!,|fake
р╣Др╕Я LED р╕кр╕зр╣Ир╕▓р╕Зр╕бр╕▓р╕Бр╕бр╕▓р╕в!, р╕Ыр╕гр╕░р╕кр╕┤р╕Чр╕Шр╕┤р╕ар╕▓р╕Юр╣Бр╕ер╕░р╕Др╕зр╕▓р╕бр╣Ар╕Кр╕╖р╣Ир╕нр╕Цр╕╖р╕нр╣Др╕Фр╣Й!, р╣Ар╕лр╕бр╕▓р╕░р╕кр╣Нр╕▓р╕лр╕гр╕▒р╕Ър╕Бр╕▓р╕гр╣Гр╕Кр╣Йр╕Зр╕▓р╕Щр╕Чр╕▒р╣Йр╕Зр╣Гр╕Щр╕гр╣Ир╕бр╣Бр╕ер╕░р╕Вр╣Йр╕▓р╕Зр╕Щр╕нр╕Б!,|fake
р╣Др╕Я LED р╕кр╕зр╣Ир╕▓р╕Зр╕бр╕▓р╕Бр╕бр╕▓р╕в!, р╣Др╕Яр╣Вр╕Лр╕ер╣Ир╕▓р╣Ар╕Лр╕ер╕ер╣Мр╕Чр╕╡р╣Ир╕вр╕нр╕Фр╣Ар╕вр╕╡р╣Ир╕вр╕б!, р╕лр╕ер╕▓р╕Бр╕лр╕ер╕▓р╕вр╣Бр╕ер╕░р╕бр╕╡р╕Яр╕▒р╕Зр╕Бр╣Мр╕Кр╕▒р╣Ир╕Щр╕лр╕ер╕▓р╕Бр╕лр╕ер╕▓р╕в!, р╕Бр╕▓р╕гр╕нр╕нр╕Бр╣Бр╕Ър╕Ър╕Чр╕╡р╣Ир╕лр╕гр╕╣р╕лр╕гр╕▓р╣Бр╕ер╕░р╕Чр╕▒р╕Щр╕кр╕бр╕▒р╕в!,|fake
р╣Др╕Я LED р╕кр╕зр╣Ир╕▓р╕Зр╕бр╕▓р╕Бр╕бр╕▓р╕в!, р╣Ар╕лр╕бр╕▓р╕░р╕кр╣Нр╕▓р╕лр╕гр╕▒р╕Ър╣Гр╕Кр╣Йр╣Гр╕Щр╕Бр╕▓р╕гр╣Гр╕лр╣Йр╣Бр╕кр╕Зр╕кр╕зр╣Ир╕▓р╕Зр╕Вр╣Йр╕▓р╕Зр╕Щр╕нр╕Б!, р╕кр╕┤р╕Щр╕Др╣Йр╕▓р╕Чр╕╡р╣Ир╣Бр╕Щр╕░р╕Щр╣Нр╕▓р╕нр╕вр╣Ир╕▓р╕Зр╕вр╕┤р╣Ир╕З!, р╕Ыр╕гр╕░р╕кр╕┤р╕Чр╕Шр╕┤р╕ар╕▓р╕Юр╣Бр╕ер╕░р╕Др╕зр╕▓р╕бр╣Ар╕Кр╕╖р╣Ир╕нр╕Цр╕╖р╕нр╣Др╕Фр╣Й!,|fake
р╣Др╕Яр╕Ир╣Йр╕▓р╕кр╕зр╣Ир╕▓р╕Зр╕бр╕▓р╕Бр╕Бр╕Бр╕Бр╕Цр╕╢р╕Зр╣Ар╕Кр╣Йр╕▓р╣Ар╕ер╕в р╕Хр╕нр╕Щр╣Бр╕гр╕Бр╕ер╕▒р╕Зр╣Ар╕ер╕зр╣Ир╕▓р╕Ир╕░р╕Лр╕╖р╣Йр╕н р╣Бр╕Хр╣Ир╕Лр╕╖р╣Йр╕нр╕бр╕▓р╣Бр╕ер╣Йр╕зр╣Др╕бр╣Ир╕Ьр╕┤р╕Фр╕лр╕зр╕▒р╕Зр╕Ир╕гр╕┤р╕Зр╣Ж р╣Бр╕Ьр╕Зр╣Вр╕Лр╕ер╕▓р╕гр╣Мр╣Ар╕Лр╕ер╕ер╣Мр╣Гр╕лр╕Нр╣И р╕лр╕Щр╣Йр╕▓р╣Др╕Яр╣Гр╕лр╕Нр╣И р╕Цр╕╣р╕Бр╣Гр╕И р╕вр╕▒р╕Зр╣Др╕бр╣Ир╣Др╕Фр╣Йр╕Хр╕┤р╕Фр╕Хр╕▒р╣Йр╕Зр╕Цр╕╖р╕нр╣Бр╕ер╣Йр╕зр╕Цр╣Ир╕▓р╕вр╣Ар╕нр╕Зр╕Др╣Ир╕░|fake
р╣Др╕Яр╣Вр╕Лр╕ер╣Ир╕▓р╣Ар╕Лр╕ер╕ер╣Мр╕Чр╕╡р╣Ир╕вр╕нр╕Фр╣Ар╕вр╕╡р╣Ир╕вр╕б!, р╕Бр╕▓р╕гр╣Гр╕лр╣Йр╣Бр╕кр╕Зр╕кр╕зр╣Ир╕▓р╕Зр╕Фр╣Йр╕зр╕вр╕Юр╕ер╕▒р╕Зр╕Зр╕▓р╕Щр╣Бр╕кр╕Зр╕нр╕▓р╕Чр╕┤р╕Хр╕вр╣Мр╕Чр╕╡р╣Ир╕кр╕░р╕Фр╕зр╕Бр╕кр╕Ър╕▓р╕в!, р╕Бр╕▓р╕гр╕нр╕нр╕Бр╣Бр╕Ър╕Ър╕Чр╕╡р╣Ир╕лр╕гр╕╣р╕лр╕гр╕▓р╣Бр╕ер╕░р╕Чр╕▒р╕Щр╕кр╕бр╕▒р╕в!, р╕лр╕ер╕▓р╕Бр╕лр╕ер╕▓р╕вр╣Бр╕ер╕░р╕бр╕╡р╕Яр╕▒р╕Зр╕Бр╣Мр╕Кр╕▒р╣Ир╕Щр╕лр╕ер╕▓р╕Бр╕лр╕ер╕▓р╕в!,|fake
р╣Др╕Яр╣Вр╕Лр╕ер╣Ир╕▓р╣Ар╕Лр╕ер╕ер╣Мр╕Чр╕╡р╣Ир╕вр╕нр╕Фр╣Ар╕вр╕╡р╣Ир╕вр╕б!, р╕Др╕зр╕▓р╕бр╕кр╕зр╣Ир╕▓р╕Зр╣Бр╕ер╕░р╕Др╕╕р╕Ур╕ар╕▓р╕Юр╕Чр╕╡р╣Ир╕Щр╣Ир╕▓р╕Ыр╕гр╕░р╕Чр╕▒р╕Ър╣Гр╕И!, р╕Бр╕▓р╕гр╣Гр╕лр╣Йр╣Бр╕кр╕Зр╕кр╕зр╣Ир╕▓р╕Зр╕Фр╣Йр╕зр╕вр╕Юр╕ер╕▒р╕Зр╕Зр╕▓р╕Щр╣Бр╕кр╕Зр╕нр╕▓р╕Чр╕┤р╕Хр╕вр╣Мр╕Чр╕╡р╣Ир╕кр╕░р╕Фр╕зр╕Бр╕кр╕Ър╕▓р╕в!, р╕Зр╣Ир╕▓р╕вр╕Хр╣Ир╕нр╕Бр╕▓р╕гр╕Хр╕┤р╕Фр╕Хр╕▒р╣Йр╕Зр╣Бр╕ер╕░р╣Гр╕Кр╣Йр╕Зр╕▓р╕Щ!,|fake
р╣Др╕Яр╣Вр╕Лр╕ер╣Ир╕▓р╣Ар╕Лр╕ер╕ер╣Мр╕Чр╕╡р╣Ир╕вр╕нр╕Фр╣Ар╕вр╕╡р╣Ир╕вр╕б!, р╕Ыр╕гр╕░р╕кр╕┤р╕Чр╕Шр╕┤р╕ар╕▓р╕Юр╣Бр╕ер╕░р╕Др╕зр╕▓р╕бр╣Ар╕Кр╕╖р╣Ир╕нр╕Цр╕╖р╕нр╣Др╕Фр╣Й!, р╕Ыр╕гр╕░р╕кр╕┤р╕Чр╕Шр╕┤р╕ар╕▓р╕Юр╣Бр╕ер╕░р╕Др╕зр╕▓р╕бр╣Ар╕Кр╕╖р╣Ир╕нр╕Цр╕╖р╕нр╣Др╕Фр╣Й!, р╕Зр╣Ир╕▓р╕вр╕Хр╣Ир╕нр╕Бр╕▓р╕гр╕Хр╕┤р╕Фр╕Хр╕▒р╣Йр╕Зр╣Бр╕ер╕░р╣Гр╕Кр╣Йр╕Зр╕▓р╕Щ!, р╕Др╕╕р╣Йр╕бр╕Др╣Ир╕▓р╕Бр╕▒р╕Ър╕гр╕▓р╕Др╕▓р╕Чр╕╡р╣Ир╕Ир╣Ир╕▓р╕в!,|fake
р╣Др╕Яр╣Вр╕Лр╕ер╣Ир╕▓р╣Ар╕Лр╕ер╕ер╣Мр╕Чр╕╡р╣Ир╕вр╕нр╕Фр╣Ар╕вр╕╡р╣Ир╕вр╕б!, р╣Др╕Я LED р╕кр╕зр╣Ир╕▓р╕Зр╕бр╕▓р╕Бр╕бр╕▓р╕в!, р╕Ыр╕гр╕░р╕кр╕┤р╕Чр╕Шр╕┤р╕ар╕▓р╕Юр╣Бр╕ер╕░р╕Др╕зр╕▓р╕бр╣Ар╕Кр╕╖р╣Ир╕нр╕Цр╕╖р╕нр╣Др╕Фр╣Й!, р╕Бр╕▓р╕гр╕нр╕нр╕Бр╣Бр╕Ър╕Ър╕Чр╕╡р╣Ир╕лр╕гр╕╣р╕лр╕гр╕▓р╣Бр╕ер╕░р╕Чр╕▒р╕Щр╕кр╕бр╕▒р╕в!, р╕кр╕гр╣Йр╕▓р╕Зр╕Фр╣Йр╕зр╕вр╕зр╕▒р╕кр╕Фр╕╕р╕Чр╕╡р╣Ир╣Бр╕Вр╣Зр╕Зр╣Бр╕гр╕Зр╣Бр╕ер╕░р╕Чр╕Щр╕Чр╕▓р╕Щ!, р╣Др╕Яр╣Вр╕Лр╕ер╣Ир╕▓р╣Ар╕Лр╕ер╕ер╣Мр╕Чр╕╡р╣Ир╕вр╕нр╕Фр╣Ар╕вр╕╡р╣Ир╕вр╕б!, р╕Ыр╕гр╕░р╕кр╕┤р╕Чр╕Шр╕┤р╕ар╕▓р╕Юр╣Бр╕ер╕░р╕Др╕зр╕▓р╕бр╣Ар╕Кр╕╖р╣Ир╕нр╕Цр╕╖р╕нр╣Др╕Фр╣Й!,|fake
р╣Др╕Яр╣Вр╕Лр╕ер╣Ир╕▓р╣Ар╕Лр╕ер╕ер╣Мр╕Чр╕╡р╣Ир╕вр╕нр╕Фр╣Ар╕вр╕╡р╣Ир╕вр╕б!, р╕лр╕ер╕▓р╕Бр╕лр╕ер╕▓р╕вр╣Бр╕ер╕░р╕бр╕╡р╕Яр╕▒р╕Зр╕Бр╣Мр╕Кр╕▒р╣Ир╕Щр╕лр╕ер╕▓р╕Бр╕лр╕ер╕▓р╕в!, р╕Ыр╕гр╕░р╕лр╕вр╕▒р╕Фр╕Юр╕ер╕▒р╕Зр╕Зр╕▓р╕Щр╣Бр╕ер╕░р╣Ар╕Ыр╣Зр╕Щр╕бр╕┤р╕Хр╕гр╕Хр╣Ир╕нр╕кр╕┤р╣Ир╕Зр╣Бр╕зр╕Фр╕ер╣Йр╕нр╕б!,|fake
р╣Др╕Яр╕Юр╕ер╕▒р╕Зр╕Зр╕▓р╕Щр╣Бр╕кр╕Зр╕нр╕▓р╕Чр╕┤р╕Хр╕вр╣Мр╕Хр╕гр╕Зр╕Ыр╕Б р╣Др╕Фр╣Йр╕гр╕▒р╕Ър╕кр╕┤р╕Щр╕Др╣Йр╕▓р╕Др╕гр╕Ър╕Хр╕▓р╕бр╕нр╕нр╣Ар╕Фр╕нр╕гр╣Мр╕Чр╕╡р╣Ир╕Хр╣Йр╕нр╕Зр╕Бр╕▓р╕г р╕вр╕▒р╕Зр╣Др╕бр╣Ир╣Др╕Фр╣Йр╕ер╕нр╕Зр╣Гр╕Кр╣Йр╕Зр╕▓р╕Щр╣Ар╕ер╕в|fake
р╕бр╕▓р╕Цр╕╢р╕Зр╣Бр╕ер╣Йр╕з р╕бр╕▓р╕Цр╕╢р╕Зр╣Бр╕ер╣Йр╕з р╕бр╕▓р╕Цр╕╢р╕Зр╣Бр╕ер╣Йр╕з р╕бр╕▓р╕Цр╕╢р╕Зр╣Бр╕ер╣Йр╕з р╕бр╕▓р╕Цр╕╢р╕Зр╣Бр╕ер╣Йр╕з р╕бр╕▓р╕Цр╕╢р╕Зр╣Бр╕ер╣Йр╕з р╕бр╕▓р╕Цр╕╢р╕Зр╣Бр╕ер╣Йр╕з р╕бр╕▓р╕Цр╕╢р╕Зр╣Бр╕ер╣Йр╕з р╕бр╕▓р╕Цр╕╢р╕Зр╣Бр╕ер╣Йр╕з|fake
р╕вр╣Нр╕▓р╣Нр╕▓р╕вр╕зр╕Бр╕зр╣Бр╕зр╕нр╕зр╕зр╕нр╕зр╕Бр╕зр╕зр╕Бр╕зр╕Бр╕зр╕Бр╕зр╕зр╕Бр╕зр╕Бр╕вр╣Др╕Ър╕Ър╣Др╣Др╕Ър╕Ъ_р╕Ъ_р╕Ър╕Ър╕Юр╕Зр╣Ар╕Зр╣Нр╕▓р╕Зр╣Др╕Ър╕Ър╣Нр╕▓р╕Зр╣Нр╕▓р╕Зр╣Нр╕▓р╕Зр╕Бр╕Зр╕Зр╕Фр╕зр╕Фр╣Гр╕Фр╕зр╕Бр╣Нр╕▓р╕зр╣Нр╕▓р╣Нр╕▓р╕Ър╣Нр╕▓р╕Ър╕Ър╣Нр╕▓р╕Ър╕Бр╕Ър╕Бр╕Ър╕Бр╕Ъ|fake
р╣Ар╕вр╕╡р╣Ир╕вр╕бр╕бр╕бр╕бр╕бр╕бр╕бр╕бр╕бр╕бр╕бр╕бр╕бр╕бр╕бр╕бр╕бр╕бр╕бр╕бр╕бр╕бр╕бр╕бр╕бр╕бр╕бр╕бр╕бр╕бр╕бр╕бр╕бр╕бр╕бр╕бр╕бр╕бр╕бр╕бр╕бр╕бр╕бр╕бр╕бр╕бр╕бр╕бр╕бр╕бр╕бр╕бр╕бр╕бр╕бр╕бр╕бр╕бр╕бр╕бр╕бр╕бр╕бр╕бр╕бр╕бр╕бр╕бр╕бр╕бр╕бр╕бр╕бр╕бр╕б|fake
р╕гр╕нр╣Др╕бр╣Ир╕Щр╕▓р╕Щ р╕кр╣Ир╕Зр╣Ар╕гр╕╡р╕вр╕Ър╕гр╣Йр╕нр╕вр╕вр╕▒р╕Зр╣Др╕бр╣Ир╣Гр╕Кр╣Йр╕ер╕нр╕Зр╣Гр╕Кр╣Й р╕гр╕нр╣Др╕бр╣Ир╕Щр╕▓р╕Щ р╕кр╣Ир╕Зр╣Ар╕гр╕╡р╕вр╕Ър╕гр╣Йр╕нр╕вр╕вр╕▒р╕Зр╣Др╕бр╣Ир╣Гр╕Кр╣Йр╕ер╕нр╕Зр╣Гр╕Кр╣Й р╣Бр╕Юр╕Др╣Йр╕гр╕╡р╕вр╕Ър╕гр╣Йр╕нр╕вр╕вр╕вр╕вр╕вр╕вр╕вр╕вр╕вр╕вр╕вр╕в|fake
р╕гр╕▒р╕Ър╕Юр╕▒р╕кр╕Фр╕╕р╣Бр╕ер╣Йр╕зр╣Вр╕нр╣Ар╕Др╕Др╕гр╕▒р╕Ър╕Ър╕Ър╕Ър╕Ър╕Ър╕Ър╕Ър╕Ър╕Ър╕Ър╕Ър╕Ър╕Ър╕Ър╕Ър╕Ър╕Ър╕Ър╕Ър╕Ър╕Ър╕Ър╕Ър╕Ър╕Ър╕Ър╕Ър╕Ър╕Ър╕Ър╕Ър╕Ър╕Ър╕Ър╕Ър╕Ър╕Ър╕Ър╕Ър╕Ър╕зр╕зр╕зр╕Ър╕зр╕зр╕зр╕Ър╕Ър╕Ър╕Ър╕Ър╕Ър╕Ър╕Ър╕Ър╕Ър╕Ър╕Ър╕Ър╕Ър╕Ър╕Ър╕Ър╕Ър╕Ър╕Ър╕Ър╕Ър╕Ър╕Ър╕Ър╕Ър╕Ър╕Ър╕Ър╕Ър╕Ър╕Ър╕Ър╕Ър╕Ър╕Ър╕Ър╕Ър╕Ър╕Ър╕Ър╕Ър╕Ър╕Ъ|fake
р╕гр╕╡р╣Вр╕бр╕Чр╕Чр╕╡р╣Ир╕кр╕░р╕Фр╕зр╕Бр╣Гр╕Кр╣Й, р╕Бр╕▓р╕гр╕Хр╕┤р╕Фр╕Хр╕▒р╣Йр╕Зр╕Зр╣Ир╕▓р╕в, р╕Др╕зр╕▓р╕бр╕кр╕зр╣Ир╕▓р╕Зр╕Чр╕╡р╣Ир╕Щр╣Ир╕▓р╕Ыр╕гр╕░р╕Чр╕▒р╕Ър╣Гр╕И, р╕Ьр╕ер╕┤р╕Хр╕ар╕▒р╕Ур╕Ср╣Мр╕Др╕╕р╕Ур╕ар╕▓р╕Юр╕кр╕╣р╕З, р╣Ар╕лр╕бр╕▓р╕░р╕кр╣Нр╕▓р╕лр╕гр╕▒р╕Ър╣Гр╕Кр╣Йр╕Бр╕ер╕▓р╕Зр╣Бр╕Ир╣Йр╕З,|fake
р╕ер╕▓р╕Щр╕кр╕зр╣Ир╕▓р╕Зр╕бр╕▓р╕Б р╕зр╕▒р╕кр╕Фр╕╕р╕Бр╕▒р╕Щр╕Щр╣Йр╣Нр╕▓ р╕кр╕зр╣Ир╕▓р╕Зр╣Др╕Фр╣Йр╣Бр╕бр╣Йр╣Гр╕Щр╕зр╕▒р╕Щр╕Чр╕╡р╣Ир╕бр╕╡р╣Ар╕бр╕Жр╕бр╕▓р╕Б р╕Эр╕╡р╕бр╕╖р╕нр╕Ыр╕гр╕░р╕Ур╕╡р╕Хр╕Бр╕зр╣Ир╕▓ р╕Фр╕╡р╕бр╕▓р╕Бр╕кр╣Нр╕▓р╕лр╕гр╕▒р╕Ър╣Др╕Яр╕Фр╕▒р╕Ър╕Йр╕╕р╕Бр╣Ар╕Йр╕┤р╕Щр╣Гр╕Кр╣Й р╕Ир╕░р╕Ыр╕┤р╕Фр╣Вр╕Фр╕вр╕нр╕▒р╕Хр╣Вр╕Щр╕бр╕▒р╕Хр╕┤ 0 р╣Ар╕бр╕╖р╣Ир╕нр╕гр╕╕р╣Ир╕Зр╕нр╕гр╕╕р╕У р╣Бр╕ер╕░р╕Ир╕░р╣Ар╕Ыр╕┤р╕Фр╣Вр╕Фр╕вр╕нр╕▒р╕Хр╣Вр╕Щр╕бр╕▒р╕Хр╕┤ р╣Ар╕Ыр╕┤р╕Фр╕Чр╕╡р╣И 0 р╣Ар╕бр╕╖р╣Ир╕нр╕бр╕╖р╕Фр╣Бр╕ер╣Йр╕зр╕кр╕зр╣Ир╕▓р╕З  р╕Др╕зр╕гр╕Ир╕░р╕кр╕зр╣Ир╕▓р╕З р╕Др╕зр╕▓р╕бр╕кр╕зр╣Ир╕▓р╕Зр╕Бр╣Нр╕▓р╕ер╕▒р╕Зр╕Фр╕╡ р╕зр╕▒р╕кр╕Фр╕╕р╣Бр╕ер╕░р╕Эр╕╡р╕бр╕╖р╕нр╕Бр╕▓р╕гр╕Ьр╕ер╕┤р╕Хр╕Фр╕╡р╕бр╕▓р╕Б р╕Юр╕ер╕▒р╕Зр╕Зр╕▓р╕Щр╣Бр╕кр╕Зр╕нр╕▓р╕Чр╕┤р╕Хр╕вр╣Мр╕Кр╣Ир╕зр╕вр╕Ыр╕гр╕░р╕лр╕вр╕▒р╕Фр╕Др╣Ир╕▓р╣Др╕Яр╣Др╕Фр╣Й р╣Бр╕ер╕░р╕вр╕▒р╕Зр╕Кр╣Ир╕зр╕вр╕ер╕Фр╕Ы|fake
р╕зр╕▒р╕кр╕Фр╕╕:р╕Хр╕гр╕Зр╕Ыр╕Б р╕кр╣Ир╕Зр╣Др╕з р╕Др╕╕р╣Йр╕бр╕Др╣Ир╕▓р╣Ар╕Зр╕┤р╕Щр╕Чр╕╡р╣Ир╕Ир╣Ир╕▓р╕в р╕Др╕╕р╕Ур╕ар╕▓р╕Юр╕Зр╕▓р╕Щр╕Фр╕╡ р╣Ар╕лр╕бр╕▓р╕░р╕Бр╕▒р╕Ър╕Бр╕▓р╕гр╣Гр╕Кр╣Йр╕Зр╕▓р╕Щ р╣Гр╕Кр╣Йр╕Зр╕▓р╕Щр╣Др╕Фр╣Йр╕Фр╕╡р╣Ар╕вр╕╡р╣Ир╕вр╕б р╕Ыр╕гр╕░р╕лр╕вр╕▒р╕Ф р╕кр╕▒р╣Ир╕Зр╣Ар╕ер╕вр╣Др╕бр╣Ир╕Ьр╕┤р╕Фр╕лр╕зр╕▒р╕З р╕Вр╕Щр╕▓р╕Ф: р╕Бр╕▓р╕гр╕нр╕нр╕Бр╣Бр╕Ър╕Ъ:|fake
р╕кр╣Ир╕Зр╣Др╕з р╣Бр╕Юр╕Др╕бр╕▓р╕Фр╕╡ р╕гр╕▓р╕Др╕▓р╕Др╕╕р╣Йр╕бр╕Др╣Ир╕▓ р╣Гр╕Кр╣Йр╕Зр╕▓р╕Щр╣Др╕Фр╣Йр╕Фр╕╡ р╣Ар╕Щр╕░р╕Щр╣Нр╕▓р╣Ар╕ер╕вр╕Др╕░ р╕Фр╕╡р╣Жр╣Жр╣Жр╣Жр╣Жр╣Жр╣Жр╣Жр╣Жр╣Жр╣Жр╣Ж р╕Хр╣Йр╕нр╕Зр╕Лр╕╖р╣Йр╕нр╕Лр╣Йр╣Нр╕▓р╣Бр╕Щр╣Ир╕Щр╕нр╕Щр╕Др╕░!!!!!!!!!|fake
р╕кр╣Ир╕Зр╣Др╕зр╕бр╕▓р╕Бр╣Ж р╕Др╣Ир╕░ р╕кр╕┤р╕Щр╕Др╣Йр╕▓р╣Др╕бр╣Ир╣Бр╕Хр╕Бр╕лр╕▒р╕Б р╣Др╕бр╣Ир╣Ар╕кр╕╡р╕вр╕лр╕▓р╕вр╣Ар╕ер╕вр╕Др╣Ир╕░ р╕кр╣Ир╕Зр╣Др╕зр╕бр╕▓р╕Бр╣Ж р╕Др╣Ир╕░ р╕кр╕┤р╕Щр╕Др╣Йр╕▓р╣Др╕бр╣Ир╣Бр╕Хр╕Бр╕лр╕▒р╕Б р╣Др╕бр╣Ир╣Ар╕кр╕╡р╕вр╕лр╕▓р╕вр╣Ар╕ер╕вр╕Др╣Ир╕░р╕кр╣Ир╕Зр╣Др╕зр╕бр╕▓р╕Бр╣Ж р╕Др╣Ир╕░ р╕кр╕┤р╕Щр╕Др╣Йр╕▓р╣Др╕бр╣Ир╣Бр╕Хр╕Бр╕лр╕▒р╕Б р╣Др╕бр╣Ир╣Ар╕кр╕╡р╕вр╕лр╕▓р╕вр╣Ар╕ер╕вр╕Др╣Ир╕░|fake
р╕кр╣Ир╕Зр╣Др╕зр╕бр╕▓р╕Бр╣Жр╣Жр╣Жр╣Жр╣Жр╣Жр╣Жр╣Жр╣Жр╣Жр╣Жр╣Жр╣Жр╣Жр╣Жр╣Жр╕Яр╣Жр╕Яр╣Жр╣Жр╣Жр╣Жр╣Жр╣Жр╣Жр╣Жр╣Жр╣Жр╣Жр╣Жр╣Жр╣Др╣Жр╣Жр╣Жр╣Жр╣Жр╣Жр╣Жр╣Жр╣Жр╣Жр╣Жр╣Жр╣Жр╣Жр╣Жр╣Жр╣Жр╣Жр╣Жр╣Жр╣Жр╣Жр╣Жр╕Яр╕Яр╣Жр╕Яр╣Жр╣Жр╣Жр╕Яр╕Яр╕Яр╕Яр╕Яр╣Жр╣Жр╣Жр╣Жр╣Жр╣Жр╣Ж|fake
р╕кр╣Ир╕Зр╣Др╕зр╕бр╕▓р╕Бр╣Жр╣Жр╣Жр╣Жр╣Жр╣Жр╣Жр╣Жр╣Жр╣Жр╣Жр╣Жр╣Жр╣Жр╣Жр╕гр╕▓р╕Др╕▓р╣Др╕бр╣Ир╣Бр╕Юр╕Зр╣Жр╣Жр╣Жр╣Жр╣Жр╣Жр╣Жр╣Жр╣Жр╣Жр╣Жр╣Жр╣Жр╣Жр╣Жр╣Жр╣Жр╣Жр╣Жр╣Жр╣Жр╣Жр╣Жр╣Жр╣Жр╣Жр╣Жр╣Жр╣Жр╣Жр╣Жр╣Жр╣Жр╣Жр╣Жр╣Жр╣Жр╣Жр╣Жр╕Бр╕▓р╕гр╣Гр╕лр╣Йр╣Бр╕кр╕Зр╕кр╕зр╣Ир╕▓р╕Зр╕Фр╣Йр╕зр╕вр╕Юр╕ер╕▒р╕Зр╕Зр╕▓р╕Щр╣Бр╕кр╕Зр╕нр╕▓р╕Чр╕┤р╕Хр╕вр╣Мр╕Чр╕╡р╣Ир╕кр╕░р╕Фр╕зр╕Бр╕кр╕Ър╕▓р╕в!,|fake
р╕кр╕гр╣Йр╕▓р╕Зр╕Фр╣Йр╕зр╕вр╕зр╕▒р╕кр╕Фр╕╕р╕Чр╕╡р╣Ир╣Бр╕Вр╣Зр╕Зр╣Бр╕гр╕Зр╣Бр╕ер╕░р╕Чр╕Щр╕Чр╕▓р╕Щ!, р╕Бр╕▓р╕гр╕нр╕нр╕Бр╣Бр╕Ър╕Ър╕Чр╕╡р╣Ир╕лр╕гр╕╣р╕лр╕гр╕▓р╣Бр╕ер╕░р╕Чр╕▒р╕Щр╕кр╕бр╕▒р╕в!, р╣Др╕Яр╣Вр╕Лр╕ер╣Ир╕▓р╣Ар╕Лр╕ер╕ер╣Мр╕Чр╕╡р╣Ир╕вр╕нр╕Фр╣Ар╕вр╕╡р╣Ир╕вр╕б!, р╕лр╕ер╕▓р╕Бр╕лр╕ер╕▓р╕вр╣Бр╕ер╕░р╕бр╕╡р╕Яр╕▒р╕Зр╕Бр╣Мр╕Кр╕▒р╣Ир╕Щр╕лр╕ер╕▓р╕Бр╕лр╕ер╕▓р╕в!,|fake
р╕кр╕гр╣Йр╕▓р╕Зр╕Фр╣Йр╕зр╕вр╕зр╕▒р╕кр╕Фр╕╕р╕Чр╕╡р╣Ир╣Бр╕Вр╣Зр╕Зр╣Бр╕гр╕Зр╣Бр╕ер╕░р╕Чр╕Щр╕Чр╕▓р╕Щ!, р╕Зр╣Ир╕▓р╕вр╕Хр╣Ир╕нр╕Бр╕▓р╕гр╕Хр╕┤р╕Фр╕Хр╕▒р╣Йр╕Зр╣Бр╕ер╕░р╣Гр╕Кр╣Йр╕Зр╕▓р╕Щ!, р╕Ыр╕гр╕░р╕лр╕вр╕▒р╕Фр╕Юр╕ер╕▒р╕Зр╕Зр╕▓р╕Щр╣Бр╕ер╕░р╣Ар╕Ыр╣Зр╕Щр╕бр╕┤р╕Хр╕гр╕Хр╣Ир╕нр╕кр╕┤р╣Ир╕Зр╣Бр╕зр╕Фр╕ер╣Йр╕нр╕б!, р╣Ар╕лр╕бр╕▓р╕░р╕кр╣Нр╕▓р╕лр╕гр╕▒р╕Ър╣Гр╕Кр╣Йр╣Гр╕Щр╕Бр╕▓р╕гр╣Гр╕лр╣Йр╣Бр╕кр╕Зр╕кр╕зр╣Ир╕▓р╕Зр╕Вр╣Йр╕▓р╕Зр╕Щр╕нр╕Б!,|fake
р╕кр╕гр╣Йр╕▓р╕Зр╕Фр╣Йр╕зр╕вр╕зр╕▒р╕кр╕Фр╕╕р╕Чр╕╡р╣Ир╣Бр╕Вр╣Зр╕Зр╣Бр╕гр╕Зр╣Бр╕ер╕░р╕Чр╕Щр╕Чр╕▓р╕Щ!, р╕Ыр╕гр╕░р╕кр╕┤р╕Чр╕Шр╕┤р╕ар╕▓р╕Юр╣Бр╕ер╕░р╕Др╕зр╕▓р╕бр╣Ар╕Кр╕╖р╣Ир╕нр╕Цр╕╖р╕нр╣Др╕Фр╣Й!, р╕Ыр╕гр╕░р╕лр╕вр╕▒р╕Фр╕Юр╕ер╕▒р╕Зр╕Зр╕▓р╕Щр╣Бр╕ер╕░р╣Ар╕Ыр╣Зр╕Щр╕бр╕┤р╕Хр╕гр╕Хр╣Ир╕нр╕кр╕┤р╣Ир╕Зр╣Бр╕зр╕Фр╕ер╣Йр╕нр╕б!, р╣Др╕Я LED р╕кр╕зр╣Ир╕▓р╕Зр╕бр╕▓р╕Бр╕бр╕▓р╕в!,|fake
р╕кр╕гр╣Йр╕▓р╕Зр╕Фр╣Йр╕зр╕вр╕зр╕▒р╕кр╕Фр╕╕р╕Чр╕╡р╣Ир╣Бр╕Вр╣Зр╕Зр╣Бр╕гр╕Зр╣Бр╕ер╕░р╕Чр╕Щр╕Чр╕▓р╕Щ!, р╕Юр╕ер╕▒р╕Зр╕Зр╕▓р╕Щр╣Бр╕кр╕Зр╕нр╕▓р╕Чр╕┤р╕Хр╕вр╣Мр╕Чр╕╡р╣Ир╣Гр╕Кр╣Йр╣Др╕Фр╣Йр╕Щр╕▓р╕Щ!, р╣Др╕Яр╣Вр╕Лр╕ер╣Ир╕▓р╣Ар╕Лр╕ер╕ер╣Мр╕Чр╕╡р╣Ир╕вр╕нр╕Фр╣Ар╕вр╕╡р╣Ир╕вр╕б!,|fake
р╕кр╕гр╣Йр╕▓р╕Зр╕Фр╣Йр╕зр╕вр╕зр╕▒р╕кр╕Фр╕╕р╕Чр╕╡р╣Ир╣Бр╕Вр╣Зр╕Зр╣Бр╕гр╕Зр╣Бр╕ер╕░р╕Чр╕Щр╕Чр╕▓р╕Щ!, р╕кр╕гр╣Йр╕▓р╕Зр╕Фр╣Йр╕зр╕вр╕зр╕▒р╕кр╕Фр╕╕р╕Чр╕╡р╣Ир╣Бр╕Вр╣Зр╕Зр╣Бр╕гр╕Зр╣Бр╕ер╕░р╕Чр╕Щр╕Чр╕▓р╕Щ!, р╣Ар╕лр╕бр╕▓р╕░р╕кр╣Нр╕▓р╕лр╕гр╕▒р╕Ър╣Гр╕Кр╣Йр╣Гр╕Щр╕Бр╕▓р╕гр╣Гр╕лр╣Йр╣Бр╕кр╕Зр╕кр╕зр╣Ир╕▓р╕Зр╕Вр╣Йр╕▓р╕Зр╕Щр╕нр╕Б!, р╣Ар╕лр╕бр╕▓р╕░р╕кр╣Нр╕▓р╕лр╕гр╕▒р╕Ър╣Гр╕Кр╣Йр╣Гр╕Щр╕Бр╕▓р╕гр╣Гр╕лр╣Йр╣Бр╕кр╕Зр╕кр╕зр╣Ир╕▓р╕Зр╕Вр╣Йр╕▓р╕Зр╕Щр╕нр╕Б!,|fake
р╕кр╕зр╣Ир╕▓р╕З р╕Кр╕нр╕Ър╕бр╕▓р╕Бр╕Др╣Ир╕░р╣Ар╕Чр╕╡р╕вр╕Ър╕гр╕▓р╕Др╕▓р╕Бр╕▒р╕Ър╕Чр╕╡р╣Ир╕нр╕╖р╣Ир╕Щр╕Цр╕╖р╕нр╕зр╣Ир╕▓р╣Вр╕нр╣Ар╕Др╕бр╕▓р╕Б р╕Фр╕╡р╕Др╣Ир╕░р╣Бр╕Щр╕░р╕Щр╣Нр╕▓р╣Ар╕ер╕в р╕Фр╕╡р╣Жр╣Жр╣Жр╣Жр╣Жр╣Жр╣Жр╣Жр╣Жр╣Жр╣Жр╣Жр╣Жр╣Жр╣Жр╣Жр╣Жр╣Жр╣Жр╣Ж|fake
р╕кр╕зр╣Ир╕▓р╕Зр╕Ир╣Йр╕▓ р╕Цр╕╢р╕Зр╣Ар╕Вр╣Йр╕▓р╕Лр╕╖р╣Йр╕нр╣Ар╕ер╕вр╣Др╕бр╣Ир╕Ьр╕┤р╕Фр╕лр╕зр╕▒р╕Зр╕кр╕гр╣Йр╕▓р╕Зр╕Фр╣Йр╕зр╕вр╕зр╕▒р╕кр╕Фр╕╕р╕Чр╕╡р╣Ир╣Бр╕Вр╣Зр╕Зр╣Бр╕гр╕Зр╣Бр╕ер╕░р╕Чр╕Щр╕Чр╕▓р╕Щ!, р╣Ар╕вр╕╡р╣Ир╕вр╕бр╣Ар╕лр╕бр╕▓р╕░р╕кр╣Нр╕▓р╕лр╕гр╕▒р╕Ър╣Гр╕Кр╣Йр╣Гр╕Щр╕Бр╕▓р╕гр╣Гр╕лр╣Йр╣Бр╕кр╕Зр╕кр╕зр╣Ир╕▓р╕Зр╕Вр╣Йр╕▓р╕Зр╕Щр╕нр╕Б!, р╕Фр╕╡р╣Др╕Яр╣Вр╕Лр╕ер╣Ир╕▓р╣Ар╕Лр╕ер╕ер╣Мр╕Чр╕╡р╣Ир╕вр╕нр╕Фр╣Ар╕вр╕╡р╣Ир╕вр╕б!,|fake
р╕кр╕зр╣Ир╕▓р╕Зр╕Фр╕╡р╕Др╕▒р╕Ър╣Бр╕Ър╕Ър╕Ър╕Ър╕Ър╕Ър╕Ър╕Ър╕Ър╕Ър╕Ър╕Ър╕Ър╕Ър╕Ър╕Ър╕Ър╕Ър╕Ър╕Ър╕Ър╕Ър╕Ър╕Ър╕Ър╕Ър╕Ър╕Ър╕Ър╕Ър╕Ър╕Ър╕Ър╕Ър╕Ър╕Ър╕Ър╕Ър╕Ър╕Ър╕Ър╕Ър╕Ър╕Ър╕Ър╕Ър╕Ър╕Ър╕Ър╕Ър╕Ър╕Ър╕Ър╕Ър╕Ър╕Ър╕Ър╕Ър╕Ър╕Ър╕Ър╕Ър╕Ър╕Ър╕Ър╕Ър╕Ър╕Ър╕Ъ|fake
р╕кр╕зр╣Ир╕▓р╕Зр╕бр╕▓р╕Бр╕Чр╕▓р╕Зр╕гр╣Йр╕▓р╕Щр╕Др╣Йр╕▓р╕бр╕╡р╕кр╣Нр╕▓р╕гр╕нр╕Зр╣Др╕Яр╕бр╕▓р╣Гр╕лр╣Йр╕Чр╕╕р╕Бр╕Хр╕▒р╕зр╕Бр╕▓р╕гр╣Гр╕лр╣Йр╣Бр╕кр╕Зр╕кр╕зр╣Ир╕▓р╕Зр╕Фр╣Йр╕зр╕вр╕Юр╕ер╕▒р╕Зр╕Зр╕▓р╕Щр╣Бр╕кр╕Зр╕нр╕▓р╕Чр╕┤р╕Хр╕вр╣Мр╕Чр╕╡р╣Ир╕кр╕░р╕Фр╕зр╕Бр╕кр╕Ър╕▓р╕в!, р╕кр╕┤р╕Щр╕Др╣Йр╕▓р╕Чр╕╡р╣Ир╣Бр╕Щр╕░р╕Щр╣Нр╕▓р╕нр╕вр╣Ир╕▓р╕Зр╕вр╕┤р╣Ир╕З!,|fake
р╕кр╕▒р╣Ир╕Зр╕Др╕гр╕▒р╣Йр╕Зр╕Чр╕╢р╣И2р╣Бр╕ер╣Йр╕зр╕Др╕▒р╕Ър╕гр╣Йр╕▓р╕Щр╕Щр╕╡р╣Йр╕кр╣Ир╕Зр╕Кр╣Йр╕▓р╣Др╕Ыр╕Щр╕┤р╕Фр╕Фр╕Фр╕Фр╕Фр╕Фр╕Фр╕Фр╕Фр╕Фр╕Фр╕Фр╕Фр╕Фр╕Фр╕Фр╕Фр╕Фр╕Фр╕Фр╕Фр╕Юр╕Юр╕Юр╕Фр╕Юр╕Юр╕Юр╕Юр╕Фр╕Фр╕Фр╕Фр╕Фр╕Фр╕Фр╕Фр╕Фр╕Фр╕Фр╕Фр╕Фр╕Фр╕Ф|fake
р╕кр╕┤р╕Щр╕Др╣Йр╕▓р╕Др╕╕р╕Ур╕ар╕▓р╕Юр╕Фр╕╡ р╕кр╣Нр╕▓р╕лр╕гр╕▒р╕Ър╕Ыр╕гр╕░р╕кр╕┤р╕Чр╕Шр╕┤р╕ар╕▓р╕Юр╕Вр╕нр╕ер╕нр╕Зр╣Гр╕Кр╣Йр╕Бр╣Ир╕нр╕Щр╕Щр╕░р╕Др╕░ р╣Бр╕ер╣Йр╕зр╕Ир╕░р╕бр╕▓р╕нр╕╕р╕Фр╕лр╕Щр╕╕р╕Щр╣Гр╕лр╕бр╣Ир╕Др╣Ир╕░р╣Жр╣Жр╣Жр╣Жр╣Жр╣Жр╣Жр╣Жр╣Жр╣Жр╣Ж|fake
р╕кр╕┤р╕Щр╕Др╣Йр╕▓р╕Ир╕▒р╕Фр╕кр╣Ир╕Зр╕бр╕▓р╕Др╕╕р╕Ур╕ар╕▓р╕Юр╕Фр╕╡ р╕вр╕▒р╕Зр╣Др╕бр╣Ир╣Др╕Фр╣Йр╣Гр╕Кр╣Йр╕Зр╕▓р╕Щ р╕ер╕нр╕Зр╕Ыр╕гр╕▒р╕Ър╣Др╕Яр╣Бр╕ер╣Йр╕зр╣Гр╕Кр╣Йр╕Зр╕▓р╕Щр╣Др╕Фр╣Й р╕Вр╕Щр╕▓р╕Фр╕Бр╣Нр╕▓р╕ер╕▒р╕Зр╕Фр╕╡|fake
р╕кр╕┤р╕Щр╕Др╣Йр╕▓р╕Ир╕▒р╕Фр╕кр╣Ир╕Зр╕гр╕зр╕Фр╣Ар╕гр╣Зр╕з/р╕Хр╕гр╕Зр╕Ыр╕Б/р╣Гр╕Кр╣Йр╕Фр╕╡р╕кр╕зр╣Ир╕▓р╕Зр╕Чр╕▒р╣Йр╕Зр╕Др╕╖р╕Щ..р╣Ар╕Фр╣Ир╕зр╕Ир╕░р╕нр╕╕р╕Фр╕лр╕Щр╕╕р╕Щр╕нр╕╡р╕Б..р╣Бр╕Щр╣Ир╕Щр╕нр╕Щ...р╕Бр╕▓р╕гр╕Ър╕гр╕гр╕Ир╕╕р╕лр╕╡р╕Ър╕лр╣Ир╕н..р╕Фр╕╡р╕бр╕▓р╕Б|fake
р╕кр╕┤р╕Щр╕Др╣Йр╕▓р╣Гр╕Кр╣Йр╣Др╕Фр╣ЙтАЛ р╕Хр╕гр╕Зр╕Ыр╕БтАЛ р╕гр╕▓р╕Др╕▓р╕Цр╕╣р╕БтАЛ р╕кр╕зр╣Ир╕▓р╕Зр╣Др╕Фр╣Йр╕Хр╕ер╕нр╕Фр╕Др╕╖р╕ЩтАЛ р╣Др╕бр╣Ир╕Хр╣Йр╕нр╕Зр╕Бр╕▓р╕гр╕кр╕зр╣Ир╕▓р╕Зр╕бр╕▓р╕Бр╣Ар╕Бр╕┤р╕Щр╣Др╕ЫтАЛ р╣Бр╕Щр╕░р╕Щр╣Нр╕▓р╕Др╕гр╕▒р╕Ър╕гр╕╕р╣Ир╕Щр╕Щр╕╡р╣Й|fake
р╕кр╕┤р╕Щр╕Др╣Йр╕▓р╕Фр╕╡р╣Жр╣Жр╣Жр╣Жр╣Жр╣Жр╣Жр╣Жр╣Жр╣Жр╣Жр╣Жр╣Жр╣Жр╣Жр╣Жр╣Жр╣Жр╣Жр╣Жр╣Жр╣Жр╣Жр╣Жр╣Жр╣Жр╣Жр╣Жр╣Жр╣Жр╣Жр╣Жр╣Жр╣Жр╣Жр╣Жр╣Жр╣Жр╣Жр╣Жр╣Жр╣Жр╣Жр╣Жр╣Жр╣Жр╣Жр╣Жр╣Жр╣Жр╣Жр╣Жр╣Жр╣Жр╣Жр╣Жр╣Жр╣Жр╣Жр╣Жр╣Жр╣Жр╣Жр╣Жр╣Жр╣Жр╣Жр╣Жр╣Жр╣Жр╣Жр╣Ж|fake
р╕кр╕┤р╕Щр╕Др╣Йр╕▓р╕Фр╕╡р╕бр╕╡р╕Др╕╕р╕Ур╕ар╕▓р╕Ю р╕Ир╕▒р╕Фр╕кр╣Ир╕кр╕┤р╕Щр╕Др╣Йр╕▓р╕Фр╕╡р╕бр╕╡р╕Др╕╕р╕Ур╕ар╕▓р╕Ю р╕Ир╕▒р╕Фр╕кр╣Ир╕Зр╣Ар╕гр╣Зр╕з р╣Бр╕Щр╕░р╕Щр╣Нр╕▓р╣Гр╕лр╣Й р╕Лр╕╖р╣Йр╕нр╣Др╕Фр╣Й р╕гр╣Йр╕▓р╕Щр╕Щр╕╡р╣Йр╕Ър╕гр╕┤р╕Бр╕▓р╕г р╕Фр╕╡ р╕Др╕╕р╣Йр╕бр╕Др╣Ир╕▓р╕Фр╕╡р╕бр╕▓р╕Б р╣Др╕бр╣Ир╕бр╕╡р╕Ыр╕▒р╕Нр╕лр╕▓р╣Гр╕Ф р╕кр╕Ър╕▓р╕вр╣Гр╕И р╕Ир╕▒р╕Фр╕кр╣Ир╕Зр╣Др╕Фр╣Й р╕Чр╕▒р╣Ир╕зр╕Ыр╕гр╕░р╣Ар╕Чр╕и р╕Зр╣Ар╕гр╣Зр╕з р╣Бр╕Щр╕░р╕Щр╣Нр╕▓р╣Гр╕лр╣Й р╕Лр╕╖р╣Йр╕нр╣Др╕Фр╣Й р╕гр╣Йр╕▓р╕Щр╕Щр╕╡р╣Йр╕Ър╕гр╕┤р╕Бр╕▓р╕г р╕Фр╕╡ р╕Др╕╕р╣Йр╕бр╕Др╣Ир╕▓р╕Фр╕╡р╕бр╕▓р╕Б р╣Др╕бр╣Ир╕бр╕╡р╕Ыр╕▒р╕Нр╕лр╕▓р╣Гр╕Ф р╕кр╕Ър╕▓р╕вр╣Гр╕И р╕Ир╕▒р╕Фр╕кр╣Ир╕Зр╣Др╕Фр╣Й р╕Чр╕▒р╣Ир╕зр╕Ыр╕гр╕░р╣Ар╕Чр╕и|fake
р╕кр╕┤р╕Щр╕Др╣Йр╕▓р╕Фр╕╡р╕бр╕╡р╕Др╕╕р╕Ур╕ар╕▓р╕Юр╕Др╕╕р╣Йр╕бр╕Др╣Ир╕▓р╕гр╕▓р╕Др╕▓р╕Ыр╕гр╕░р╕лр╕вр╕▒р╕Ф р╕Ир╕▒р╕Фр╕кр╣Ир╕Зр╣Ар╕гр╣Зр╕зр╕гр╣Йр╕▓р╕Щр╕Др╣Йр╕▓р╣Бр╕Юр╣Зр╕Др╕кр╕┤р╕Щр╕Др╣Йр╕▓р╣Ар╕гр╕╡р╕вр╕Ър╕гр╣Йр╕нр╕вр╕Юр╕Щр╕▒р╕Бр╕Зр╕▓р╕Щр╕Вр╕Щр╕кр╣Ир╕Зр╕Ир╕▒р╕Фр╕Вр╕нр╕Зр╕кр╣Ир╕Зр╣Др╕Фр╣Йр╕Хр╕▓р╕бр╣Ар╕зр╕ер╕▓р╕Чр╕╡р╣Ир╕Хр╣Йр╕нр╕Зр╕Бр╕▓р╕гр╕гр╕зр╕Фр╣Ар╕гр╣Зр╕зр╕бр╕╡р╕Др╕╕р╕Ур╕ар╕▓р╕Юр╕Юр╕Щр╕▒р╕Бр╕Зр╕▓р╕Щр╕Ир╕▒р╕Фр╕кр╣Ир╕Зр╕кр╕┤р╕Щр╕Др╣Йр╕▓р╕Юр╕╣р╕Фр╕Ир╕▓р╕Фр╕╡р╕Щр╣Ир╕▓р╕гр╕▒р╕Бр╕Чр╕╕р╕Бр╕Др╕Щр╣Ср╣Б р╣Нр╕▓|fake
р╕кр╕┤р╕Щр╕Др╣Йр╕▓р╕Фр╕╡р╕бр╕╡р╕Др╕╕р╕Ур╕ар╕▓р╕Юр╕кр╕╣р╕З........................................................................................................................................................................................р╕кр╕┤р╕Щр╕Др╣Йр╕▓р╕Фр╕╡р╕бр╕╡р╕Др╕╕р╕Ур╕ар╕▓р╕Юр╕кр╕╣р╕З........................................................................................................................................................................................|fake
р╕кр╕┤р╕Щр╕Др╣Йр╕▓р╕Фр╕╡р╕гр╕▓р╕Др╕▓р╕Цр╕╣р╕Бр╣Жр╣Жр╣Жр╣Жр╣Жр╣Жр╣Жр╣Жр╣Жр╣Жр╣Жр╣Жр╣Жр╣Жр╣Жр╣Жр╣Жр╣Жр╣Жр╣Жр╣Жр╣Жр╣Жр╣Жр╣Жр╣Жр╣Жр╣Жр╣Жр╣Жр╣Жр╣Жр╣Жр╣Жр╣Жр╣Жр╣Жр╣Жр╣Жр╣Жр╣Жр╣Жр╣Жр╣Жр╣Жр╣Жр╣Жр╣Жр╣Жр╣Жр╣Жр╣Жр╣Жр╣Жр╣Жр╣Жр╣Жр╣Жр╣Жр╣Жр╣Жр╣Жр╣Жр╣Жр╣Жр╣Жр╣Ж|fake
р╕кр╕┤р╕Щр╕Др╣Йр╕▓р╣Др╕Фр╣Йр╕гр╕▒р╕Ър╣Бр╕ер╣Йр╕зр╕Цр╕╣р╕Бр╣Гр╕Ир╣Гр╕Кр╣Ир╣Ар╕ер╕вsolar light IP67р╕бр╕╡р╕гр╕╡р╣Вр╕бр╕Чр╣Др╕бр╣Ир╣Бр╕Юр╕Зр╕кр╣Ир╕Зр╣Ар╕гр╣Зр╕зр╕Вр╕нр╕Ър╕Др╕╕р╕Ур╕Чр╕▓р╕Зр╕гр╣Йр╕▓р╕Щр╣Бр╕ер╕░lazada р╕Др╕гр╕▒р╕Ъ|fake
р╕кр╕┤р╕Щр╕Др╣Йр╕▓р╕Хр╕гр╕Зр╕Хр╕▓р╕бр╕Чр╕╡р╣Ир╕кр╕▒р╣Ир╕З р╕Ър╕гр╕гр╕Ир╕╕р╕ар╕▒р╕Ур╕Ср╣Мр╕Фр╕╡ р╕Бр╕▓р╕гр╣Гр╕лр╣Йр╣Бр╕кр╕Зр╕кр╕зр╣Ир╕▓р╕Зр╕Фр╣Йр╕зр╕вр╕Юр╕ер╕▒р╕Зр╕Зр╕▓р╕Щр╣Бр╕кр╕Зр╕нр╕▓р╕Чр╕┤р╕Хр╕вр╣Мр╕Чр╕╡р╣Ир╕кр╕░р╕Фр╕зр╕Бр╕кр╕Ър╕▓р╕в!, р╕Юр╕ер╕▒р╕Зр╕Зр╕▓р╕Щр╣Бр╕кр╕Зр╕нр╕▓р╕Чр╕┤р╕Хр╕вр╣Мр╕Чр╕╡р╣Ир╣Гр╕Кр╣Йр╣Др╕Фр╣Йр╕Щр╕▓р╕Щ!, р╣Ар╕лр╕бр╕▓р╕░р╕кр╣Нр╕▓р╕лр╕гр╕▒р╕Ър╕Бр╕▓р╕гр╣Гр╕Кр╣Йр╕Зр╕▓р╕Щр╕Чр╕▒р╣Йр╕Зр╣Гр╕Щр╕гр╣Ир╕бр╣Бр╕ер╕░р╕Вр╣Йр╕▓р╕Зр╕Щр╕нр╕Б!, р╣Др╕Яр╣Вр╕Лр╕ер╣Ир╕▓р╣Ар╕Лр╕ер╕ер╣Мр╕Чр╕╡р╣Ир╕вр╕нр╕Фр╣Ар╕вр╕╡р╣Ир╕вр╕б!, р╣Др╕Я LED р╕кр╕зр╣Ир╕▓р╕Зр╕бр╕▓р╕Бр╕бр╕▓р╕в!,|fake
р╕кр╕┤р╕Щр╕Др╣Йр╕▓р╕Хр╕гр╕Зр╕Ыр╕Б р╕Хр╕гр╕Зр╕гр╕╕р╣Ир╕Щ р╕Др╕гр╕Ър╕Хр╕▓р╕бр╕Ир╣Нр╕▓р╕Щр╕зр╕Щр╕Чр╕╡р╣Ир╕нр╕нр╣Ар╕Фр╕нр╕гр╣М р╕кр╣Ир╕Зр╣Ар╕гр╣Зр╕з р╣Бр╕Юр╣Зр╕Др╣Ар╕Бр╣Зр╕Хр╕Фр╕╡ р╕Бр╕ер╣Ир╕нр╕Зр╣Др╕бр╣Ир╕бр╕╡р╕гр╕нр╕вр╕Вр╕▓р╕Ф р╕кр╕┤р╕Щр╕Др╣Йр╕▓р╣Др╕бр╣Ир╣Ар╕кр╕╡р╕вр╕лр╕▓р╕в|fake
р╕кр╕┤р╕Щр╕Др╣Йр╕▓р╕Хр╕гр╕Зр╕Ыр╕Б р╕Цр╕╣р╕Бр╕Хр╣Йр╕нр╕З р╕нр╕╕р╕Ыр╕Бр╕гр╕Ур╣Мр╕Др╕гр╕Ър╕Чр╕╕р╕Бр╕нр╕вр╣Ир╕▓р╕З р╕бр╕╡р╕нр╕╕р╕Ыр╕Бр╕гр╕Ур╣Мр╕Бр╕▓р╕гр╕Хр╕┤р╕Фр╕Хр╕▒р╣Йр╕Зр╕Чр╕▓р╕Зр╕гр╣Йр╕▓р╕Щр╕бр╕╡р╣Бр╕Цр╕бр╕бр╕▓р╣Гр╕лр╣Йр╕Фр╣Йр╕зр╕в р╕гр╣Йр╕▓р╕Щр╕Щр╕╡р╣Йр╕Фр╕╡р╕Ир╕гр╕┤р╕Зр╕Вр╕нр╕Ър╕нр╕Бр╕Хр╣Ир╕н|fake
р╕кр╕┤р╕Щр╕Др╣Йр╕▓р╕Чр╕╡р╣Ир╣Бр╕Щр╕░р╕Щр╣Нр╕▓р╕нр╕вр╣Ир╕▓р╕Зр╕вр╕┤р╣Ир╕З!, р╕Бр╕▓р╕гр╕Др╕╕р╣Йр╕бр╕Др╕гр╕нр╕Зр╕гр╕▒р╕Ър╕Ыр╕гр╕░р╕Бр╕▒р╕Щр╕Чр╕╡р╣Ир╕вр╕нр╕Фр╣Ар╕вр╕╡р╣Ир╕вр╕б!, р╕Юр╕ер╕▒р╕Зр╕Зр╕▓р╕Щр╣Бр╕кр╕Зр╕нр╕▓р╕Чр╕┤р╕Хр╕вр╣Мр╕Чр╕╡р╣Ир╣Гр╕Кр╣Йр╣Др╕Фр╣Йр╕Щр╕▓р╕Щ!, р╕Бр╕▓р╕гр╕нр╕нр╕Бр╣Бр╕Ър╕Ър╕Чр╕╡р╣Ир╕лр╕гр╕╣р╕лр╕гр╕▓р╣Бр╕ер╕░р╕Чр╕▒р╕Щр╕кр╕бр╕▒р╕в!, р╣Ар╕лр╕бр╕▓р╕░р╕кр╣Нр╕▓р╕лр╕гр╕▒р╕Ър╕Бр╕▓р╕гр╣Гр╕Кр╣Йр╕Зр╕▓р╕Щр╕Чр╕▒р╣Йр╕Зр╣Гр╕Щр╕гр╣Ир╕бр╣Бр╕ер╕░р╕Вр╣Йр╕▓р╕Зр╕Щр╕нр╕Б!, р╣Ар╕лр╕бр╕▓р╕░р╕кр╣Нр╕▓р╕лр╕гр╕▒р╕Ър╣Гр╕Кр╣Йр╣Гр╕Щр╕Бр╕▓р╕гр╣Гр╕лр╣Йр╣Бр╕кр╕Зр╕кр╕зр╣Ир╕▓р╕Зр╕Вр╣Йр╕▓р╕Зр╕Щр╕нр╕Б!, р╕Ыр╕гр╕░р╕кр╕┤р╕Чр╕Шр╕┤р╕ар╕▓р╕Юр╣Бр╕ер╕░р╕Др╕зр╕▓р╕бр╣Ар╕Кр╕╖р╣Ир╕нр╕Цр╕╖р╕нр╣Др╕Фр╣Й!, р╕Зр╣Ир╕▓р╕вр╕Хр╣Ир╕нр╕Бр╕▓р╕гр╕Хр╕┤р╕Фр╕Хр╕▒р╣Йр╕Зр╣Бр╕ер╕░р╣Гр╕Кр╣Йр╕Зр╕▓р╕Щ!,|fake
р╕кр╕┤р╕Щр╕Др╣Йр╕▓р╕Чр╕╡р╣Ир╣Бр╕Щр╕░р╕Щр╣Нр╕▓р╕нр╕вр╣Ир╕▓р╕Зр╕вр╕┤р╣Ир╕З!, р╕Бр╕▓р╕гр╣Гр╕лр╣Йр╣Бр╕кр╕Зр╕кр╕зр╣Ир╕▓р╕Зр╕Фр╣Йр╕зр╕вр╕Юр╕ер╕▒р╕Зр╕Зр╕▓р╕Щр╣Бр╕кр╕Зр╕нр╕▓р╕Чр╕┤р╕Хр╕вр╣Мр╕Чр╕╡р╣Ир╕кр╕░р╕Фр╕зр╕Бр╕кр╕Ър╕▓р╕в!, р╣Ар╕лр╕бр╕▓р╕░р╕кр╣Нр╕▓р╕лр╕гр╕▒р╕Ър╣Гр╕Кр╣Йр╣Гр╕Щр╕Бр╕▓р╕гр╣Гр╕лр╣Йр╣Бр╕кр╕Зр╕кр╕зр╣Ир╕▓р╕Зр╕Вр╣Йр╕▓р╕Зр╕Щр╕нр╕Б!,|fake
р╕кр╕┤р╕Щр╕Др╣Йр╕▓р╕Чр╕╡р╣Ир╣Бр╕Щр╕░р╕Щр╣Нр╕▓р╕нр╕вр╣Ир╕▓р╕Зр╕вр╕┤р╣Ир╕З!, р╕Др╕зр╕▓р╕бр╕кр╕зр╣Ир╕▓р╕Зр╣Бр╕ер╕░р╕Др╕╕р╕Ур╕ар╕▓р╕Юр╕Чр╕╡р╣Ир╕Щр╣Ир╕▓р╕Ыр╕гр╕░р╕Чр╕▒р╕Ър╣Гр╕И!, р╕Зр╣Ир╕▓р╕вр╕Хр╣Ир╕нр╕Бр╕▓р╕гр╕Хр╕┤р╕Фр╕Хр╕▒р╣Йр╕Зр╣Бр╕ер╕░р╣Гр╕Кр╣Йр╕Зр╕▓р╕Щ!, р╣Др╕Яр╣Вр╕Лр╕ер╣Ир╕▓р╣Ар╕Лр╕ер╕ер╣Мр╕Чр╕╡р╣Ир╕вр╕нр╕Фр╣Ар╕вр╕╡р╣Ир╕вр╕б!,|fake
р╕кр╕┤р╕Щр╕Др╣Йр╕▓р╕Чр╕╡р╣Ир╣Бр╕Щр╕░р╕Щр╣Нр╕▓р╕нр╕вр╣Ир╕▓р╕Зр╕вр╕┤р╣Ир╕З!, р╕Др╕╕р╣Йр╕бр╕Др╣Ир╕▓р╕Бр╕▒р╕Ър╕гр╕▓р╕Др╕▓р╕Чр╕╡р╣Ир╕Ир╣Ир╕▓р╕в!, р╣Ар╕лр╕бр╕▓р╕░р╕кр╣Нр╕▓р╕лр╕гр╕▒р╕Ър╕Бр╕▓р╕гр╣Гр╕Кр╣Йр╕Зр╕▓р╕Щр╕Чр╕▒р╣Йр╕Зр╣Гр╕Щр╕гр╣Ир╕бр╣Бр╕ер╕░р╕Вр╣Йр╕▓р╕Зр╕Щр╕нр╕Б!, р╕Др╕зр╕▓р╕бр╕кр╕зр╣Ир╕▓р╕Зр╣Бр╕ер╕░р╕Др╕╕р╕Ур╕ар╕▓р╕Юр╕Чр╕╡р╣Ир╕Щр╣Ир╕▓р╕Ыр╕гр╕░р╕Чр╕▒р╕Ър╣Гр╕И!,|fake
р╕кр╕┤р╕Щр╕Др╣Йр╕▓р╕Чр╕╡р╣Ир╣Бр╕Щр╕░р╕Щр╣Нр╕▓р╕нр╕вр╣Ир╕▓р╕Зр╕вр╕┤р╣Ир╕З!, р╕Др╕╕р╣Йр╕бр╕Др╣Ир╕▓р╕Бр╕▒р╕Ър╕гр╕▓р╕Др╕▓р╕Чр╕╡р╣Ир╕Ир╣Ир╕▓р╕в!, р╣Ар╕лр╕бр╕▓р╕░р╕кр╣Нр╕▓р╕лр╕гр╕▒р╕Ър╕Бр╕▓р╕гр╣Гр╕Кр╣Йр╕Зр╕▓р╕Щр╕Чр╕▒р╣Йр╕Зр╣Гр╕Щр╕гр╣Ир╕бр╣Бр╕ер╕░р╕Вр╣Йр╕▓р╕Зр╕Щр╕нр╕Б!, р╕Зр╣Ир╕▓р╕вр╕Хр╣Ир╕нр╕Бр╕▓р╕гр╕Хр╕┤р╕Фр╕Хр╕▒р╣Йр╕Зр╣Бр╕ер╕░р╣Гр╕Кр╣Йр╕Зр╕▓р╕Щ!,|fake
р╕кр╕┤р╕Щр╕Др╣Йр╕▓р╕Чр╕╡р╣Ир╣Бр╕Щр╕░р╕Щр╣Нр╕▓р╕нр╕вр╣Ир╕▓р╕Зр╕вр╕┤р╣Ир╕З!, р╕Зр╣Ир╕▓р╕вр╕Хр╣Ир╕нр╕Бр╕▓р╕гр╕Хр╕┤р╕Фр╕Хр╕▒р╣Йр╕Зр╣Бр╕ер╕░р╣Гр╕Кр╣Йр╕Зр╕▓р╕Щ!, р╕Бр╕▓р╕гр╕Др╕╕р╣Йр╕бр╕Др╕гр╕нр╕Зр╕гр╕▒р╕Ър╕Ыр╕гр╕░р╕Бр╕▒р╕Щр╕Чр╕╡р╣Ир╕вр╕нр╕Фр╣Ар╕вр╕╡р╣Ир╕вр╕б!, р╕Ыр╕гр╕░р╕лр╕вр╕▒р╕Фр╕Юр╕ер╕▒р╕Зр╕Зр╕▓р╕Щр╣Бр╕ер╕░р╣Ар╕Ыр╣Зр╕Щр╕бр╕┤р╕Хр╕гр╕Хр╣Ир╕нр╕кр╕┤р╣Ир╕Зр╣Бр╕зр╕Фр╕ер╣Йр╕нр╕б!, р╣Ар╕лр╕бр╕▓р╕░р╕кр╣Нр╕▓р╕лр╕гр╕▒р╕Ър╕Бр╕▓р╕гр╣Гр╕Кр╣Йр╕Зр╕▓р╕Щр╕Чр╕▒р╣Йр╕Зр╣Гр╕Щр╕гр╣Ир╕бр╣Бр╕ер╕░р╕Вр╣Йр╕▓р╕Зр╕Щр╕нр╕Б!, р╕Бр╕▓р╕гр╕нр╕нр╕Бр╣Бр╕Ър╕Ър╕Чр╕╡р╣Ир╕лр╕гр╕╣р╕лр╕гр╕▓р╣Бр╕ер╕░р╕Чр╕▒р╕Щр╕кр╕бр╕▒р╕в!, р╕Др╕зр╕▓р╕бр╕кр╕зр╣Ир╕▓р╕Зр╣Бр╕ер╕░р╕Др╕╕р╕Ур╕ар╕▓р╕Юр╕Чр╕╡р╣Ир╕Щр╣Ир╕▓р╕Ыр╕гр╕░р╕Чр╕▒р╕Ър╣Гр╕И!, р╕Ыр╕гр╕░р╕кр╕┤р╕Чр╕Шр╕┤р╕ар╕▓р╕Юр╣Бр╕ер╕░р╕Др╕зр╕▓р╕бр╣Ар╕Кр╕╖р╣Ир╕нр╕Цр╕╖р╕нр╣Др╕Фр╣Й!,|fake
р╕кр╕┤р╕Щр╕Др╣Йр╕▓р╕Чр╕╡р╣Ир╣Бр╕Щр╕░р╕Щр╣Нр╕▓р╕нр╕вр╣Ир╕▓р╕Зр╕вр╕┤р╣Ир╕З!, р╣Др╕Я LED р╕кр╕зр╣Ир╕▓р╕Зр╕бр╕▓р╕Бр╕бр╕▓р╕в!, р╕кр╕гр╣Йр╕▓р╕Зр╕Фр╣Йр╕зр╕вр╕зр╕▒р╕кр╕Фр╕╕р╕Чр╕╡р╣Ир╣Бр╕Вр╣Зр╕Зр╣Бр╕гр╕Зр╣Бр╕ер╕░р╕Чр╕Щр╕Чр╕▓р╕Щ!, р╕Др╕╕р╣Йр╕бр╕Др╣Ир╕▓р╕Бр╕▒р╕Ър╕гр╕▓р╕Др╕▓р╕Чр╕╡р╣Ир╕Ир╣Ир╕▓р╕в!, р╕Зр╣Ир╕▓р╕вр╕Хр╣Ир╕нр╕Бр╕▓р╕гр╕Хр╕┤р╕Фр╕Хр╕▒р╣Йр╕Зр╣Бр╕ер╕░р╣Гр╕Кр╣Йр╕Зр╕▓р╕Щ!, р╕Бр╕▓р╕гр╕нр╕нр╕Бр╣Бр╕Ър╕Ър╕Чр╕╡р╣Ир╕лр╕гр╕╣р╕лр╕гр╕▓р╣Бр╕ер╕░р╕Чр╕▒р╕Щр╕кр╕бр╕▒р╕в!, р╕Ыр╕гр╕░р╕лр╕вр╕▒р╕Фр╕Юр╕ер╕▒р╕Зр╕Зр╕▓р╕Щр╣Бр╕ер╕░р╣Ар╕Ыр╣Зр╕Щр╕бр╕┤р╕Хр╕гр╕Хр╣Ир╕нр╕кр╕┤р╣Ир╕Зр╣Бр╕зр╕Фр╕ер╣Йр╕нр╕б!, р╕Др╕зр╕▓р╕бр╕кр╕зр╣Ир╕▓р╕Зр╣Бр╕ер╕░р╕Др╕╕р╕Ур╕ар╕▓р╕Юр╕Чр╕╡р╣Ир╕Щр╣Ир╕▓р╕Ыр╕гр╕░р╕Чр╕▒р╕Ър╣Гр╕И!,|fake
р╕кр╕┤р╕Щр╕Др╣Йр╕▓р╣Бр╕Юр╣Зр╕Др╕бр╕▓р╕Фр╕╡ р╣Др╕бр╣Ир╕бр╕╡р╕Бр╕▒р╕Щр╕Бр╕гр╕░р╣Бр╕Чр╕Б р╣Др╕бр╣Ир╣Бр╕Хр╕Бр╣Ар╕кр╕╡р╕вр╕лр╕▓р╕вр╣Гр╕Фр╣Ж р╕бр╕╡р╕кр╣Ир╕зр╕Щр╕ер╕Фр╕Кр╣Ир╕зр╕Зр╣Вр╕Ыр╕гр╣Вр╕бр╕Кр╕▒р╣Ир╕Щ р╕кр╣Ир╕Зр╣Ар╕гр╣Зр╕з р╣Гр╕Кр╣Йр╕Зр╕▓р╕Щр╣Др╕Фр╣Йр╕Фр╕╡|fake
р╕кр╕┤р╕Щр╕Др╣Йр╕▓р╕бр╕╡р╕Др╕╕р╕Ур╕ар╕▓р╕Ю р╕Ир╕▒р╕Фр╕кр╣Ир╕Зр╣Ар╕гр╣Зр╕з р╕нр╕вр╕╣р╣Ир╣Гр╕Щр╕кр╕ар╕▓р╕Юр╕Фр╕╡ р╣Др╕бр╣Ир╕бр╕╡р╕Бр╕▒р╕Щр╕Бр╕гр╕░р╣Бр╕Чр╕Б р╣Гр╕Кр╣Йр╕Зр╕▓р╕Щр╣Др╕Фр╣Йр╕вр╕▓р╕зр╕Щр╕▓р╕Щ р╕Др╕╕р╣Йр╕бр╕Др╣Ир╕▓ р╕кр╕▒р╣Ир╕Зр╣Ар╕Ыр╣Зр╕Щр╕Др╕гр╕▒р╣Йр╕Зр╕Чр╕╡р╣И 2|fake
р╕кр╕┤р╕Щр╕Др╣Йр╕▓р╕бр╕╡р╕Др╕╕р╕Ур╕ар╕▓р╕Юр╕Фр╕╡ р╕кр╕░р╕Фр╕зр╕Бр╣Гр╕Кр╣Йр╕Зр╕▓р╕Щ р╕гр╕▓р╕Др╕▓р╕Цр╕╣р╕Бр╕Бр╕зр╣Ир╕▓р╕гр╣Йр╕▓р╕Щр╕нр╕╖р╣Ир╕Щ р╕Др╕╕р╣Йр╕бр╕Др╣Ир╕▓р╕бр╕▓р╕Б р╕Бр╕▓р╕гр╕Ир╕▒р╕Фр╕кр╣Ир╕Зр╣Др╕бр╣Ир╕Щр╕▓р╕Щр╣Ар╕Бр╕┤р╕Щр╣Др╕Ы р╕Ър╕гр╕гр╕Ир╕╕р╕лр╕╡р╕Ър╕лр╣Ир╕нр╕бр╕▓р╕Фр╕╡ р╕кр╕┤р╕Щр╕Др╣Йр╕▓р╣Др╕бр╣Ир╕бр╕╡р╣Ар╕кр╕╡р╕вр╕лр╕▓р╕в|fake
р╕кр╕┤р╕Щр╕Др╣Йр╕▓р╕бр╕╡р╕Др╕╕р╕Ур╕ар╕▓р╕Юр╕Чр╕╡р╣Ир╕Фр╕╡р╕бр╕▓р╕Б р╕Щр╣Ир╕▓р╕Юр╕нр╣Гр╕И р╕Ър╕гр╕гр╕Ир╕╕р╕кр╕┤р╕Щр╕Др╣Йр╕▓р╣Бр╕Щр╣Ир╕Щр╕лр╕Щр╕▓ р╕Бр╕▒р╕Щр╕Бр╕гр╕░р╣Бр╕Чр╕Бр╕бр╕▓р╕нр╕вр╣Ир╕▓р╕Зр╕Фр╕╡ р╕кр╕┤р╕Щр╕Др╣Йр╕▓р╕Ир╕╢р╕Зр╣Др╕бр╣Ир╣Др╕Фр╣Йр╕гр╕▒р╕Ър╕Др╕зр╕▓р╕бр╣Ар╕кр╕╡р╕вр╕лр╕▓р╕вр╣Бр╕Хр╣Ир╕нр╕вр╣Ир╕▓р╕Зр╣Гр╕Ф р╕гр╣Йр╕▓р╕Щр╕кр╣Ир╕Зр╕кр╕┤р╕Щр╕Др╣Йр╕▓р╣Др╕зр╕бр╕▓р╕Бр╣Ж р╕кр╣Ир╕Зр╣Бр╕ер╣Йр╕зр╣Др╕Фр╣Йр╕Вр╕нр╕Зр╣Ар╕гр╣Зр╕зр╕бр╕▓р╕Бр╣Ж р╣Бр╕ер╣Йр╕зр╕Ир╕░р╕кр╕▒р╣Ир╕Зр╕кр╕┤р╕Щр╕Др╣Йр╕▓р╣Ар╕Юр╕┤р╣Ир╕бр╣Ар╕Хр╕┤р╕бр╕нр╕╡р╕Бр╕Щр╕░р╕Др╕гр╕▒р╕Ъ|fake
р╕лр╕ер╕▓р╕Бр╕лр╕ер╕▓р╕вр╣Бр╕ер╕░р╕бр╕╡р╕Яр╕▒р╕Зр╕Бр╣Мр╕Кр╕▒р╣Ир╕Щр╕лр╕ер╕▓р╕Бр╕лр╕ер╕▓р╕в!, р╕Др╕╕р╣Йр╕бр╕Др╣Ир╕▓р╕Бр╕▒р╕Ър╕гр╕▓р╕Др╕▓р╕Чр╕╡р╣Ир╕Ир╣Ир╕▓р╕в!, р╕Бр╕▓р╕гр╕нр╕нр╕Бр╣Бр╕Ър╕Ър╕Чр╕╡р╣Ир╕лр╕гр╕╣р╕лр╕гр╕▓р╣Бр╕ер╕░р╕Чр╕▒р╕Щр╕кр╕бр╕▒р╕в!,|fake
р╕лр╕ер╕▓р╕Бр╕лр╕ер╕▓р╕вр╣Бр╕ер╕░р╕бр╕╡р╕Яр╕▒р╕Зр╕Бр╣Мр╕Кр╕▒р╣Ир╕Щр╕лр╕ер╕▓р╕Бр╕лр╕ер╕▓р╕в!, р╕Юр╕ер╕▒р╕Зр╕Зр╕▓р╕Щр╣Бр╕кр╕Зр╕нр╕▓р╕Чр╕┤р╕Хр╕вр╣Мр╕Чр╕╡р╣Ир╣Гр╕Кр╣Йр╣Др╕Фр╣Йр╕Щр╕▓р╕Щ!, р╕Ыр╕гр╕░р╕кр╕┤р╕Чр╕Шр╕┤р╕ар╕▓р╕Юр╣Бр╕ер╕░р╕Др╕зр╕▓р╕бр╣Ар╕Кр╕╖р╣Ир╕нр╕Цр╕╖р╕нр╣Др╕Фр╣Й!, р╕Бр╕▓р╕гр╕нр╕нр╕Бр╣Бр╕Ър╕Ър╕Чр╕╡р╣Ир╕лр╕гр╕╣р╕лр╕гр╕▓р╣Бр╕ер╕░р╕Чр╕▒р╕Щр╕кр╕бр╕▒р╕в!,|fake
р╕лр╕ер╕▓р╕Бр╕лр╕ер╕▓р╕вр╣Бр╕ер╕░р╕бр╕╡р╕Яр╕▒р╕Зр╕Бр╣Мр╕Кр╕▒р╣Ир╕Щр╕лр╕ер╕▓р╕Бр╕лр╕ер╕▓р╕в!, р╕Юр╕ер╕▒р╕Зр╕Зр╕▓р╕Щр╣Бр╕кр╕Зр╕нр╕▓р╕Чр╕┤р╕Хр╕вр╣Мр╕Чр╕╡р╣Ир╣Гр╕Кр╣Йр╣Др╕Фр╣Йр╕Щр╕▓р╕Щ!, р╕кр╕гр╣Йр╕▓р╕Зр╕Фр╣Йр╕зр╕вр╕зр╕▒р╕кр╕Фр╕╕р╕Чр╕╡р╣Ир╣Бр╕Вр╣Зр╕Зр╣Бр╕гр╕Зр╣Бр╕ер╕░р╕Чр╕Щр╕Чр╕▓р╕Щ!, р╕кр╕┤р╕Щр╕Др╣Йр╕▓р╕Чр╕╡р╣Ир╣Бр╕Щр╕░р╕Щр╣Нр╕▓р╕нр╕вр╣Ир╕▓р╕Зр╕вр╕┤р╣Ир╕З!,|fake
р╕лр╕ер╕▓р╕Бр╕лр╕ер╕▓р╕вр╣Бр╕ер╕░р╕бр╕╡р╕Яр╕▒р╕Зр╕Бр╣Мр╕Кр╕▒р╣Ир╕Щр╕лр╕ер╕▓р╕Бр╕лр╕ер╕▓р╕в!, р╕кр╕┤р╕Щр╕Др╣Йр╕▓р╕Чр╕╡р╣Ир╣Бр╕Щр╕░р╕Щр╣Нр╕▓р╕нр╕вр╣Ир╕▓р╕Зр╕вр╕┤р╣Ир╕З!, р╕Др╕зр╕▓р╕бр╕кр╕зр╣Ир╕▓р╕Зр╣Бр╕ер╕░р╕Др╕╕р╕Ур╕ар╕▓р╕Юр╕Чр╕╡р╣Ир╕Щр╣Ир╕▓р╕Ыр╕гр╕░р╕Чр╕▒р╕Ър╣Гр╕И!, р╕Юр╕ер╕▒р╕Зр╕Зр╕▓р╕Щр╣Бр╕кр╕Зр╕нр╕▓р╕Чр╕┤р╕Хр╕вр╣Мр╕Чр╕╡р╣Ир╣Гр╕Кр╣Йр╣Др╕Фр╣Йр╕Щр╕▓р╕Щ!,|fake
р╕лр╕ер╕▓р╕Бр╕лр╕ер╕▓р╕вр╣Бр╕ер╕░р╕бр╕╡р╕Яр╕▒р╕Зр╕Бр╣Мр╕Кр╕▒р╣Ир╕Щр╕лр╕ер╕▓р╕Бр╕лр╕ер╕▓р╕в!, р╣Ар╕лр╕бр╕▓р╕░р╕кр╣Нр╕▓р╕лр╕гр╕▒р╕Ър╣Гр╕Кр╣Йр╣Гр╕Щр╕Бр╕▓р╕гр╣Гр╕лр╣Йр╣Бр╕кр╕Зр╕кр╕зр╣Ир╕▓р╕Зр╕Вр╣Йр╕▓р╕Зр╕Щр╕нр╕Б!, р╕кр╕гр╣Йр╕▓р╕Зр╕Фр╣Йр╕зр╕вр╕зр╕▒р╕кр╕Фр╕╕р╕Чр╕╡р╣Ир╣Бр╕Вр╣Зр╕Зр╣Бр╕гр╕Зр╣Бр╕ер╕░р╕Чр╕Щр╕Чр╕▓р╕Щ!, р╕Бр╕▓р╕гр╣Гр╕лр╣Йр╣Бр╕кр╕Зр╕кр╕зр╣Ир╕▓р╕Зр╕Фр╣Йр╕зр╕вр╕Юр╕ер╕▒р╕Зр╕Зр╕▓р╕Щр╣Бр╕кр╕Зр╕нр╕▓р╕Чр╕┤р╕Хр╕вр╣Мр╕Чр╕╡р╣Ир╕кр╕░р╕Фр╕зр╕Бр╕кр╕Ър╕▓р╕в!,|fake
р╕лр╕▒р╕зр╣Вр╕Др╕бр╣Др╕Яр╕бр╕╡р╕Вр╕Щр╕▓р╕Фр╣Гр╕лр╕Нр╣Ир╕бр╕▓р╕Бр╣Бр╕ер╕░р╕кр╕Щр╕▓р╕бр╣Бр╕кр╕Зр╕Бр╕зр╣Йр╕▓р╕Зр╕бр╕▓р╕Б р╕Др╕зр╕▓р╕бр╕кр╕зр╣Ир╕▓р╕Зр╕Вр╕нр╕Зр╣Бр╕кр╕Зр╕Щр╕▒р╣Йр╕Щр╕кр╕зр╣Ир╕▓р╕Зр╕бр╕▓р╕Б р╕зр╕▒р╕кр╕Фр╕╕р╣Бр╕ер╕░р╕Эр╕╡р╕бр╕╖р╕нр╕Бр╕▓р╕гр╕Ьр╕ер╕┤р╕Х: р╣Ар╕Ыр╕ер╕╖р╕нр╕Бр╕нр╕ер╕╣р╕бр╕┤р╣Ар╕Щр╕╡р╕вр╕бр╕Чр╕▒р╣Йр╕Зр╕лр╕бр╕Ф р╕кр╣Др╕Хр╕ер╣Мр╕Бр╕▓р╕гр╕нр╕нр╕Бр╣Бр╕Ър╕Ъ: р╕Бр╕гр╕░р╕Фр╕▓р╕Щр╕бр╕╡р╕Вр╕Щр╕▓р╕Фр╣Гр╕лр╕Нр╣Ир╣Бр╕ер╕░р╕Бр╕▓р╕гр╕Кр╕▓р╕гр╣Мр╕Ир╣Ар╕гр╣Зр╕зр╕бр╕▓р╕Б р╕Кр╕▓р╕гр╣Мр╕Ир╣Ар╕Хр╣Зр╕бр╕нр╕вр╣Ир╕▓р╕Зр╕гр╕зр╕Фр╣Ар╕гр╣Зр╕зр╣Гр╕Щр╕гр╕░р╕лр╕зр╣Ир╕▓р╕Зр╕зр╕▒р╕Щ р╕Хр╕▒р╕зр╕Др╕зр╕Ър╕Др╕╕р╕бр╣Бр╕кр╕Зр╕Ир╕░р╕кр╕зр╣Ир╕▓р╕Зр╕Вр╕╢р╣Йр╕Щ р╣Бр╕ер╕░р╕Ир╕░р╕кр╕зр╣Ир╕▓р╕Зр╕Вр╕╢р╣Йр╕Щр╣Вр╕Фр╕вр╕нр╕▒р╕Хр╣Вр╕Щр╕бр╕▒р╕Хр╕┤р╣Ар╕бр╕╖р╣Ир╕нр╕нр╕вр╕╣р╣Ир╣Гр╕Щр╕Чр╕╡р╣Ир╕бр╕╖р╕Ф р╣Бр╕ер╕░р╕кр╕▓р╕бр╕▓р╕гр╕Цр╣Ар╕Ыр╕┤р╕Фр╣Др╕Яр╣Др╕Фр╣Йр╕Хр╕ер╕нр╕Фр╕Чр╕▒р╣Йр╕Зр╕Др╕╖р╕Щр╣Гр╕Щр╣Ар╕з|fake
р╣Ар╕лр╕бр╕▓р╕░р╕кр╣Нр╕▓р╕лр╕гр╕▒р╕Ър╕Бр╕▓р╕гр╣Гр╕Кр╣Йр╕Зр╕▓р╕Щр╕Чр╕▒р╣Йр╕Зр╣Гр╕Щр╕гр╣Ир╕бр╣Бр╕ер╕░р╕Вр╣Йр╕▓р╕Зр╕Щр╕нр╕Б!, р╕Бр╕▓р╕гр╕Др╕╕р╣Йр╕бр╕Др╕гр╕нр╕Зр╕гр╕▒р╕Ър╕Ыр╕гр╕░р╕Бр╕▒р╕Щр╕Чр╕╡р╣Ир╕вр╕нр╕Фр╣Ар╕вр╕╡р╣Ир╕вр╕б!, р╕Ыр╕гр╕░р╕лр╕вр╕▒р╕Фр╕Юр╕ер╕▒р╕Зр╕Зр╕▓р╕Щр╣Бр╕ер╕░р╣Ар╕Ыр╣Зр╕Щр╕бр╕┤р╕Хр╕гр╕Хр╣Ир╕нр╕кр╕┤р╣Ир╕Зр╣Бр╕зр╕Фр╕ер╣Йр╕нр╕б!,|fake
р╣Ар╕лр╕бр╕▓р╕░р╕кр╣Нр╕▓р╕лр╕гр╕▒р╕Ър╕Бр╕▓р╕гр╣Гр╕Кр╣Йр╕Зр╕▓р╕Щр╕Чр╕▒р╣Йр╕Зр╣Гр╕Щр╕гр╣Ир╕бр╣Бр╕ер╕░р╕Вр╣Йр╕▓р╕Зр╕Щр╕нр╕Б!, р╕Зр╣Ир╕▓р╕вр╕Хр╣Ир╕нр╕Бр╕▓р╕гр╕Хр╕┤р╕Фр╕Хр╕▒р╣Йр╕Зр╣Бр╕ер╕░р╣Гр╕Кр╣Йр╕Зр╕▓р╕Щ!, р╕Бр╕▓р╕гр╕Др╕╕р╣Йр╕бр╕Др╕гр╕нр╕Зр╕гр╕▒р╕Ър╕Ыр╕гр╕░р╕Бр╕▒р╕Щр╕Чр╕╡р╣Ир╕вр╕нр╕Фр╣Ар╕вр╕╡р╣Ир╕вр╕б!,|fake
р╣Ар╕лр╕бр╕▓р╕░р╕кр╣Нр╕▓р╕лр╕гр╕▒р╕Ър╕Бр╕▓р╕гр╣Гр╕Кр╣Йр╕Зр╕▓р╕Щр╕Чр╕▒р╣Йр╕Зр╣Гр╕Щр╕гр╣Ир╕бр╣Бр╕ер╕░р╕Вр╣Йр╕▓р╕Зр╕Щр╕нр╕Б!, р╕Зр╣Ир╕▓р╕вр╕Хр╣Ир╕нр╕Бр╕▓р╕гр╕Хр╕┤р╕Фр╕Хр╕▒р╣Йр╕Зр╣Бр╕ер╕░р╣Гр╕Кр╣Йр╕Зр╕▓р╕Щ!, р╕Юр╕ер╕▒р╕Зр╕Зр╕▓р╕Щр╣Бр╕кр╕Зр╕нр╕▓р╕Чр╕┤р╕Хр╕вр╣Мр╕Чр╕╡р╣Ир╣Гр╕Кр╣Йр╣Др╕Фр╣Йр╕Щр╕▓р╕Щ!, р╕Др╕зр╕▓р╕бр╕кр╕зр╣Ир╕▓р╕Зр╣Бр╕ер╕░р╕Др╕╕р╕Ур╕ар╕▓р╕Юр╕Чр╕╡р╣Ир╕Щр╣Ир╕▓р╕Ыр╕гр╕░р╕Чр╕▒р╕Ър╣Гр╕И!,|fake
р╣Ар╕лр╕бр╕▓р╕░р╕кр╣Нр╕▓р╕лр╕гр╕▒р╕Ър╕Бр╕▓р╕гр╣Гр╕Кр╣Йр╕Зр╕▓р╕Щр╕Чр╕▒р╣Йр╕Зр╣Гр╕Щр╕гр╣Ир╕бр╣Бр╕ер╕░р╕Вр╣Йр╕▓р╕Зр╕Щр╕нр╕Б!, р╕Ыр╕гр╕░р╕кр╕┤р╕Чр╕Шр╕┤р╕ар╕▓р╕Юр╣Бр╕ер╕░р╕Др╕зр╕▓р╕бр╣Ар╕Кр╕╖р╣Ир╕нр╕Цр╕╖р╕нр╣Др╕Фр╣Й!, р╣Ар╕лр╕бр╕▓р╕░р╕кр╣Нр╕▓р╕лр╕гр╕▒р╕Ър╣Гр╕Кр╣Йр╣Гр╕Щр╕Бр╕▓р╕гр╣Гр╕лр╣Йр╣Бр╕кр╕Зр╕кр╕зр╣Ир╕▓р╕Зр╕Вр╣Йр╕▓р╕Зр╕Щр╕нр╕Б!,|fake
р╣Ар╕лр╕бр╕▓р╕░р╕кр╣Нр╕▓р╕лр╕гр╕▒р╕Ър╕Бр╕▓р╕гр╣Гр╕Кр╣Йр╕Зр╕▓р╕Щр╕Чр╕▒р╣Йр╕Зр╣Гр╕Щр╕гр╣Ир╕бр╣Бр╕ер╕░р╕Вр╣Йр╕▓р╕Зр╕Щр╕нр╕Б!, р╕Юр╕ер╕▒р╕Зр╕Зр╕▓р╕Щр╣Бр╕кр╕Зр╕нр╕▓р╕Чр╕┤р╕Хр╕вр╣Мр╕Чр╕╡р╣Ир╣Гр╕Кр╣Йр╣Др╕Фр╣Йр╕Щр╕▓р╕Щ!, р╕Др╕╕р╣Йр╕бр╕Др╣Ир╕▓р╕Бр╕▒р╕Ър╕гр╕▓р╕Др╕▓р╕Чр╕╡р╣Ир╕Ир╣Ир╕▓р╕в!,|fake
р╣Ар╕лр╕бр╕▓р╕░р╕кр╣Нр╕▓р╕лр╕гр╕▒р╕Ър╕Бр╕▓р╕гр╣Гр╕Кр╣Йр╕Зр╕▓р╕Щр╕Чр╕▒р╣Йр╕Зр╣Гр╕Щр╕гр╣Ир╕бр╣Бр╕ер╕░р╕Вр╣Йр╕▓р╕Зр╕Щр╕нр╕Б!, р╕кр╕гр╣Йр╕▓р╕Зр╕Фр╣Йр╕зр╕вр╕зр╕▒р╕кр╕Фр╕╕р╕Чр╕╡р╣Ир╣Бр╕Вр╣Зр╕Зр╣Бр╕гр╕Зр╣Бр╕ер╕░р╕Чр╕Щр╕Чр╕▓р╕Щ!, р╕Др╕╕р╣Йр╕бр╕Др╣Ир╕▓р╕Бр╕▒р╕Ър╕гр╕▓р╕Др╕▓р╕Чр╕╡р╣Ир╕Ир╣Ир╕▓р╕в!, р╣Ар╕лр╕бр╕▓р╕░р╕кр╣Нр╕▓р╕лр╕гр╕▒р╕Ър╣Гр╕Кр╣Йр╣Гр╕Щр╕Бр╕▓р╕гр╣Гр╕лр╣Йр╣Бр╕кр╕Зр╕кр╕зр╣Ир╕▓р╕Зр╕Вр╣Йр╕▓р╕Зр╕Щр╕нр╕Б!, р╕Ыр╕гр╕░р╕лр╕вр╕▒р╕Фр╕Юр╕ер╕▒р╕Зр╕Зр╕▓р╕Щр╣Бр╕ер╕░р╣Ар╕Ыр╣Зр╕Щр╕бр╕┤р╕Хр╕гр╕Хр╣Ир╕нр╕кр╕┤р╣Ир╕Зр╣Бр╕зр╕Фр╕ер╣Йр╕нр╕б!,|fake
р╣Ар╕лр╕бр╕▓р╕░р╕кр╣Нр╕▓р╕лр╕гр╕▒р╕Ър╕Бр╕▓р╕гр╣Гр╕Кр╣Йр╕Зр╕▓р╕Щр╕Чр╕▒р╣Йр╕Зр╣Гр╕Щр╕гр╣Ир╕бр╣Бр╕ер╕░р╕Вр╣Йр╕▓р╕Зр╕Щр╕нр╕Б!, р╕кр╕┤р╕Щр╕Др╣Йр╕▓р╕Чр╕╡р╣Ир╣Бр╕Щр╕░р╕Щр╣Нр╕▓р╕нр╕вр╣Ир╕▓р╕Зр╕вр╕┤р╣Ир╕З!, р╕Бр╕▓р╕гр╕нр╕нр╕Бр╣Бр╕Ър╕Ър╕Чр╕╡р╣Ир╕лр╕гр╕╣р╕лр╕гр╕▓р╣Бр╕ер╕░р╕Чр╕▒р╕Щр╕кр╕бр╕▒р╕в!, р╣Ар╕лр╕бр╕▓р╕░р╕кр╣Нр╕▓р╕лр╕гр╕▒р╕Ър╣Гр╕Кр╣Йр╣Гр╕Щр╕Бр╕▓р╕гр╣Гр╕лр╣Йр╣Бр╕кр╕Зр╕кр╕зр╣Ир╕▓р╕Зр╕Вр╣Йр╕▓р╕Зр╕Щр╕нр╕Б!,|fake
р╣Ар╕лр╕бр╕▓р╕░р╕кр╣Нр╕▓р╕лр╕гр╕▒р╕Ър╕Бр╕▓р╕гр╣Гр╕Кр╣Йр╕Зр╕▓р╕Щр╕Чр╕▒р╣Йр╕Зр╣Гр╕Щр╕гр╣Ир╕бр╣Бр╕ер╕░р╕Вр╣Йр╕▓р╕Зр╕Щр╕нр╕Б!, р╕лр╕ер╕▓р╕Бр╕лр╕ер╕▓р╕вр╣Бр╕ер╕░р╕бр╕╡р╕Яр╕▒р╕Зр╕Бр╣Мр╕Кр╕▒р╣Ир╕Щр╕лр╕ер╕▓р╕Бр╕лр╕ер╕▓р╕в!, р╕Ыр╕гр╕░р╕лр╕вр╕▒р╕Фр╕Юр╕ер╕▒р╕Зр╕Зр╕▓р╕Щр╣Бр╕ер╕░р╣Ар╕Ыр╣Зр╕Щр╕бр╕┤р╕Хр╕гр╕Хр╣Ир╕нр╕кр╕┤р╣Ир╕Зр╣Бр╕зр╕Фр╕ер╣Йр╕нр╕б!, р╕кр╕гр╣Йр╕▓р╕Зр╕Фр╣Йр╕зр╕вр╕зр╕▒р╕кр╕Фр╕╕р╕Чр╕╡р╣Ир╣Бр╕Вр╣Зр╕Зр╣Бр╕гр╕Зр╣Бр╕ер╕░р╕Чр╕Щр╕Чр╕▓р╕Щ!,|fake
р╣Ар╕лр╕бр╕▓р╕░р╕кр╣Нр╕▓р╕лр╕гр╕▒р╕Ър╕Бр╕▓р╕гр╣Ар╕Фр╕┤р╕Щр╕Чр╕▓р╕Зр╣Бр╕Др╕бр╕Ыр╣Мр╕Ыр╕┤р╣Йр╕З, р╣Вр╕Др╕бр╣Др╕Яр╕Бр╕ер╕▓р╕Зр╣Бр╕Ир╣Йр╕Зр╕Чр╕╡р╣Ир╕кр╕░р╕Фр╕зр╕Бр╕кр╕Ър╕▓р╕в, р╕Др╕╕р╣Йр╕бр╕Др╣Ир╕▓р╕Бр╕▒р╕Ър╕гр╕▓р╕Др╕▓, р╕Чр╣Ир╕нр╣Вр╕Лр╕ер╣Ир╕▓р╣Ар╕Лр╕ер╕ер╣Мр╕Чр╕╡р╣Ир╕Чр╕Щр╕Чр╕▓р╕Щ,|fake
р╣Ар╕лр╕бр╕▓р╕░р╕кр╣Нр╕▓р╕лр╕гр╕▒р╕Ър╣Гр╕Кр╣Йр╣Гр╕Щр╕Бр╕▓р╕гр╣Гр╕лр╣Йр╣Бр╕кр╕Зр╕кр╕зр╣Ир╕▓р╕Зр╕Вр╣Йр╕▓р╕Зр╕Щр╕нр╕Б!, р╕Бр╕▓р╕гр╣Гр╕лр╣Йр╣Бр╕кр╕Зр╕кр╕зр╣Ир╕▓р╕Зр╕Фр╣Йр╕зр╕вр╕Юр╕ер╕▒р╕Зр╕Зр╕▓р╕Щр╣Бр╕кр╕Зр╕нр╕▓р╕Чр╕┤р╕Хр╕вр╣Мр╕Чр╕╡р╣Ир╕кр╕░р╕Фр╕зр╕Бр╕кр╕Ър╕▓р╕в!, р╣Бр╕Хр╣Ир╣Др╕Яр╕кр╕зр╣Ир╕▓р╕Зр╕Щр╣Йр╕нр╕вр╕Бр╕зр╣Ир╕▓р╕Чр╕╡р╣Ир╕Др╕┤р╕Ф|fake
р╣Ар╕лр╕бр╕▓р╕░р╕кр╣Нр╕▓р╕лр╕гр╕▒р╕Ър╣Гр╕Кр╣Йр╣Гр╕Щр╕Бр╕▓р╕гр╣Гр╕лр╣Йр╣Бр╕кр╕Зр╕кр╕зр╣Ир╕▓р╕Зр╕Вр╣Йр╕▓р╕Зр╕Щр╕нр╕Б!, р╕Юр╕ер╕▒р╕Зр╕Зр╕▓р╕Щр╣Бр╕кр╕Зр╕нр╕▓р╕Чр╕┤р╕Хр╕вр╣Мр╕Чр╕╡р╣Ир╣Гр╕Кр╣Йр╣Др╕Фр╣Йр╕Щр╕▓р╕Щ!, р╣Др╕Я LED р╕кр╕зр╣Ир╕▓р╕Зр╕бр╕▓р╕Бр╕бр╕▓р╕в!, р╕Бр╕▓р╕гр╕Др╕╕р╣Йр╕бр╕Др╕гр╕нр╕Зр╕гр╕▒р╕Ър╕Ыр╕гр╕░р╕Бр╕▒р╕Щр╕Чр╕╡р╣Ир╕вр╕нр╕Фр╣Ар╕вр╕╡р╣Ир╕вр╕б!, р╣Гр╕Кр╣Йр╕Зр╕▓р╕Щр╕Фр╕╡р╕бр╕▓р╕Б|fake
р╣Ар╕лр╕бр╕▓р╕░р╕кр╣Нр╕▓р╕лр╕гр╕▒р╕Ър╣Гр╕Кр╣Йр╣Гр╕Щр╕Бр╕▓р╕гр╣Гр╕лр╣Йр╣Бр╕кр╕Зр╕кр╕зр╣Ир╕▓р╕Зр╕Вр╣Йр╕▓р╕Зр╕Щр╕нр╕Б!, р╕лр╕ер╕▓р╕Бр╕лр╕ер╕▓р╕вр╣Бр╕ер╕░р╕бр╕╡р╕Яр╕▒р╕Зр╕Бр╣Мр╕Кр╕▒р╣Ир╕Щр╕лр╕ер╕▓р╕Бр╕лр╕ер╕▓р╕в!, р╕Ыр╕гр╕░р╕лр╕вр╕▒р╕Фр╕Юр╕ер╕▒р╕Зр╕Зр╕▓р╕Щр╣Бр╕ер╕░р╣Ар╕Ыр╣Зр╕Щр╕бр╕┤р╕Хр╕гр╕Хр╣Ир╕нр╕кр╕┤р╣Ир╕Зр╣Бр╕зр╕Фр╕ер╣Йр╕нр╕б!, р╕Зр╣Ир╕▓р╕вр╕Хр╣Ир╕нр╕Бр╕▓р╕гр╕Хр╕┤р╕Фр╕Хр╕▒р╣Йр╕Зр╣Бр╕ер╕░р╣Гр╕Кр╣Йр╕Зр╕▓р╕Щ!,|fake
р╣Вр╕нр╣Ар╕Др╣Жр╣Жр╣Жр╣Жр╣Жр╣Жр╣Ж р╣Гр╕Кр╣Йр╕Фр╕╡ р╣Жр╣Жр╣Жр╣Жр╣Жр╣Жр╣Жр╣Ж р╕кр╕зр╣Ир╕▓р╕Зр╕Ыр╕гр╕░р╕бр╕▓р╕Ур╕Щр╕╢р╕Зр╣Жр╣Жр╣Жр╣Жр╣Жр╣Жр╣Жр╣Ж р╣Гр╕Кр╣Йр╣Др╕Фр╣Йр╣Жр╣Жр╣Жр╣Жр╣Жр╣Жр╣Жр╣Жр╣Жр╣Жр╣Жр╣Жр╣Жр╣Жр╣Жр╣Жр╣Жр╣Жр╣Жр╣Жр╣Жр╣Жр╣Жр╣Жр╣Жр╣Жр╣Жр╣Жр╣Жр╣Жр╣Жр╣Жр╣Жр╣Жр╣Жр╣Жр╣Жр╣Жр╣Жр╣Жр╣Жр╣Жр╣Ж|fake
р╕▒р╕Фр╕▒р╕▓р╕гр╕гр╕Фр╕Щр╕Юр╕╡р╕░р╕╡р╕╡р╕░р╕гр╕░р╕гр╕░р╕гр╕░р╕гр╕░р╕гр╕░р╕гр╕░р╕╡р╕░р╕░р╕╡р╕╡р╕░р╕гр╕░р╕гр╕░р╕Щр╣Ар╕Щр╕Юр╕Щр╕Юр╕Щр╣Др╕Щр╣Нр╕▓р╕Щр╕Бр╕Бр╕Щр╕лр╕Щр╕Бр╕Щр╕Щр╕Бр╕Щр╕Бр╕Щр╕Бр╕Щр╕Бр╕Щр╕Бр╕Щр╕Бр╕Щр╕Бр╕Щр╕Бр╕Щр╕Бр╕Щр╕Бр╕Щр╕Бр╕Щр╕Бр╕Щр╣Нр╕▓р╕Щр╕Юр╕вр╣Нр╕▓р╕вр╣Нр╕▓|fake
