กระเป๋าดีไซน์ดี หนังนิ่ม เย็บเรียบร้อยดีค่ะ มีแถมกระเป๋าใส่เหรียญให้ด้วย ขอบคุณมากนะคะ เอาไว้โอกาสหน้าจะอุดหนุนนอีดครั้งนะคะ|fake
กระเป๋าสวยมาก คุ้มเกินราคาค่ะ|fake
กระเป๋าสวยมาก หนังนุ่มมมากๆ สีสวย สวยๆๆๆๆๆๆๆๆๆ มากๆๆๆๆๆๆๆๆๆๆๆๆๆๆๆๆๆๆๆๆๆๆๆๆๆๆๆๆๆๆๆๆๆๆๆ|fake
กระเป๋าสวยมากมีของแถมให้ด้วยค่ะถูกใจชอบมากส่งไวกระเป๋าหนังนิ่มสีสวยจะต้องมีสั่งรอบต่อไปแน่นอนค่ะ|fake
กระเป๋าสวยมากเลยค่ะ ซื้อจากร้านนี้ใบที่5แล้วค่ะ ยังใช้ได้ทุกใบ แต่อดใจไม่ได้เพราะมันสวยมากหนังนิ่มมากๆ แนะนําเลยนะคะ|fake
กระเป๋าสีไม่เบจออกน้ําตาลมากกว่า ของแถมไม่สวยเลยแถมมาก็ไม่ได้ใช้ ดีตรงส่งไว แพ็คมาโอเค|fake
กระเป๋าสีสวยถูกใจ สวยแบบที่คิดไว้ แพ็คมาในกล่องที่สวยงาม การส่งของรวดเร็ว สุภาพเรียบร้อยค่ะ|fake
กระเป๋าหนังนิ่มดี แพ็คเกจสวยค่ะ|fake
ของจริงที่ได้รับ ดีมาก สวยถูกใจ สีใช่ตรงปก กระเป๋าหนังนิ่มดี ทรงสวย ถูกใจมากซื้อตอนลด คุ้มจริงๆ|fake
ขอบคุณคุณลูกค้าที่ชอบสินค้าของ Louis Montini นะคะ หากมีโอกาสหวังว่าจะได้บริการคุณลูกค้าอีกนะค้า|fake
ขอบคุณคุณลูกค้าที่ไว้วางใจเลือก Louis Montini นะคะ และขออภัยคุณลูกค้า ทางเราจะนํารีวิวนี้ไปปรับปรุงแก้ไขในครั้งหน้านะคะ|fake
คือดีงาม กระเป๋าสวยมากๆคะ ช่องก็เยอะ หนังก็ดี เอาไปเลย10ดาว|fake
คุณภาพดี สมราคา สวยงาม น่ารักๆ คุณภาพดี สมราคาสวยงาม น่ารัก คุณภาพดี สมราคา|fake
คุณภาพดี หนังนุ่ม แพคดี สวยมากค่ะ ถ้าใช้ดีจะซื้ออีกนะคะ คุณภาพดี หนังนุ่ม แพคดี สวยมากค่ะ ถ้าใช้ดีจะซื้ออีกนะคะ คุณภาพดี หนังนุ่ม แพคดี สวยมากค่ะ ถ้าใช้ดีจะซื้ออีกนะคะ คุณภาพดี หนังนุ่ม แพคดี สวยมากค่ะ ถ้าใช้ดีจะซื้ออีกนะคะ|fake
คุณภาพดี... สมราคา... หนังนิ่มจริง... สีสวยสีน้ําตาลอ่อนๆ... จัดส่งไว... สินค้าใหม่ไม่มีปัญหา|fake
คุณภาพดีมาก จัดส่งไวเวอร์ค่ะ คุ้มค่ากับราคา, ดีไซน์สวยงามและทันสมัย, สไตล์ทันสมัยและเทรนด์, ทนทานและใช้งานได้นาน, หนังแท้คุณภาพสูง, ภายในกว้างขวางพร้อมช่องใส่บัตรหลายช่อง, มาพร้อมกล่องและถุงผ้าหรูหรา,สี:เขียวมรกต0|fake
จัดส่งรวดเร็ว สวยมาก หนังดีมาก ขนาดกําลังพอดี กระเป๋าตังค์ 2 พับดีที่สุดถ้ามีการออกแบบสีดําล้วนก็จะดีมาก ช่องใส่บัตรก็กําลังพอดีไม่เยอะไปไม่น้อยไป คุ้มค่ามาก|fake
จัดส่งรวดเร็วมากๆๆๆ สินค้ามีคุณภาพดีมาก ซื้อซ้ําเป็นครั้งที่ 2 แล้ว มีของแถมให้ด้วย ดีมากกค่ะ|fake
ดีงามสินค้าตรงปก สวยมาก หนังนิ่มมาก ดีงามสินค้าตรงปก สวยมาก หนังนิ่มมากดีงามสินค้าตรงปก สวยมาก หนังนิ่มมาก|fake
ดีไซน์สวยงามและทันสมัย, มาพร้อมกล่องและถุงผ้าหรูหรา, หนังแท้คุณภาพสูง, สไตล์ทันสมัยและเทรนด์,|fake
ดีมาก,คุณภาพสินค้าดี,สวย,วัสดุดีมากค่ะ,โดยรวมดีสุดๆๆชอบมากๆๆค่ะร้านนี้ดีมากแถมกระเป๋าน้อยมาให้ด้วยนะน่ารักมากเลยค่ะคุ้มสุดๆๆ|fake
ได้รับสินค้าตรงตามที่สั่ง สินค้าดีมีคุณภาพ ราคาดี ใช้โค้ดส่วนลดได้ด้วย ส่งฟรีด้วย คุ้มมากๆ|fake
ได้รับสินค้าตรงตามปก สินค้าดีมีคุณภาพ เป็นหนังแท้ๆ สวยงามน่าใช้แพคเกจดีมาก จัดส่งรวดเร็ว|fake
ได้รับสินค้าตรงตามปก สินค้าดีมีคุณภาพ เป็นหนังวัวแท้ สวยงามน่าใช้ ออกแบบทันสมัย จัดส่งรวดเร็ว|fake
ได้รับสินค้าเรียบร้อยค่ะ ส่งไว กระเป๋าดีงามมากคะ หนังนิ่มสั่งกระเป๋าร้านนี้ใบที่2แล้ว แนะนําเลยค่ะงานดี|fake
น่าใช้ ราคาเหมาะสม แพคของเรียบร้อย ส่งตามกําหนดเวลาที่แจ้ง ก่อนจัดส่ง พนง.โทรแจ้ง พอใจๆ|fake
ฝีมือที่ยอดเยี่ยม, ทนทานและใช้งานได้นาน, มาพร้อมกล่องและถุงผ้าหรูหรา, ดีไซน์สวยงามและทันสมัย, คุ้มค่ากับราคา,|fake
ฝีมือที่ยอดเยี่ยม, เหมาะสําหรับงานเลี้ยงเย็น, มาพร้อมกล่องและถุงผ้าหรูหรา, มาพร้อมกล่องและถุงผ้าหรูหรา, มาพร้อมกล่องและถุงผ้าหรูหรา, มาพร้อมกล่องและถุงผ้าหรูหรา, ดีไซน์สวยงามและทันสมัย, ดีไซน์สวยงามและทันสมัย,|fake
แพ็คมาดีมากค่ะสวยมีของแถมมาใฟ้ด้วยถูกใจมากค่ะ|fake
แฟนชอบมากครับแฟนชอบมากครับแฟนชอบมากครับแฟนชอบมากครับแฟนชอบมากครับแฟนชอบมากครับแฟนชอบมากครับ|fake
ภายในกว้างขวางพร้อมช่องใส่บัตรหลายช่อง, คุ้มค่ากับราคา, ทนทานและใช้งานได้นาน, ดีไซน์สวยงามและทันสมัย, เหมาะสําหรับงานเลี้ยงเย็น, ถูกใจที่สุด ไม่ติเลยค่ะ|fake
ภายในกว้างขวางพร้อมช่องใส่บัตรหลายช่อง, มาพร้อมกล่องและถุงผ้าหรูหรา, คุ้มค่ากับราคา, เหมาะสําหรับผู้หญิงที่มีบัตรเยอะ, ทนทานและใช้งานได้นาน,สี:เขียวมรกต0|fake
ภายในกว้างขวางพร้อมช่องใส่บัตรหลายช่อง, มาพร้อมกล่องและถุงผ้าหรูหรา, หนังแท้คุณภาพสูง, ทนทานและใช้งานได้นาน, ได้รับของแล้วค่ะ ส่งเร็วมากๆๆๆ|fake
ภายในกว้างขวางพร้อมช่องใส่บัตรหลายช่อง, สไตล์ทันสมัยและเทรนด์, เหมาะสําหรับผู้หญิงที่มีบัตรเยอะ, มาพร้อมกล่องและถุงผ้าหรูหรา,|fake
มาพร้อมกล่องและถุงผ้าหรูหรา, ฝีมือที่ยอดเยี่ยม, เหมาะสําหรับผู้หญิงที่มีบัตรเยอะ,|fake
มาพร้อมกล่องและถุงผ้าหรูหรา, มาพร้อมกล่องและถุงผ้าหรูหรา, หนังแท้คุณภาพสูง, ภายในกว้างขวางพร้อมช่องใส่บัตรหลายช่อง, คุ้มค่ากับราคา, เหมาะสําหรับผู้หญิงที่มีบัตรเยอะ,|fake
มาพร้อมกล่องและถุงผ้าหรูหรา, เหมาะสําหรับผู้หญิงที่มีบัตรเยอะ, คุ้มค่ากับราคา, ภายในกว้างขวางพร้อมช่องใส่บัตรหลายช่อง, ดีไซน์สวยงามและทันสมัย, หนังแท้คุณภาพสูง,|fake
ไม่เคยผิดหวังกับแบรนด์นี้ค่ะ สวยมากๆๆเลย จัดส่งรวดเร็ว มีของแถมมาให้ด้วยค่ะ แพคเก็ตสวยงามเสมอๆ หนังนิ่ม มีคุณภาพ แนะนําเลยนะคะ|fake
รับเรียบร้อย สินค้าตรงตามปก สีตามแบบที่สั่งไป ขนส่งบริการดี แต่ไม่รุ้เป็นหนังแท้รึป่าว ขอลองใช้ดูก่อน ถ้าโอ้ครจะมาอุดหนุนใหม่นะค่ะ|fake
ร้านจัดส่งตรงเวลา พนักงานจัดส่งสินค้าโทรแจ้งล่วงหน้า สินค้าได้รับครบถ้วนถูกต้องตรงตามภาพ กระเป๋าสวยคุณภาพดี|fake
ส่งไว ใช้ดี ราคาถูก ซื้อได้เรื่อยๆ ไม่น่าเบื่อ สวยงาม เหมาะสมกับการใช้สอย ตรงวัตถุประสงค์ส่งไว ใช้ดี ราคาถูก ซื้อได้เรื่อยๆ ไม่น่าเบื่อ สวยงาม เหมาะสมกับการใช้สอย ตรงวัตถุประสงค์|fake
สไตล์ทันสมัยและเทรนด์, มาพร้อมกล่องและถุงผ้าหรูหรา, เหมาะสําหรับผู้หญิงที่มีบัตรเยอะ,|fake
สไตล์ทันสมัยและเทรนด์, เหมาะสําหรับผู้หญิงที่มีบัตรเยอะ, ทนทานและใช้งานได้นาน, มาพร้อมกล่องและถุงผ้าหรูหรา,|fake
สวยหนังนิ่มคุ้มค่ากับราคา, เหมาะสําหรับผู้หญิงที่มีบัตรเยอะ, ภายในกว้างขวางพร้อมช่องใส่บัตรหลายช่อง,|fake
สินค้าคุณภาพดี สวยงามมาก การบรรจุหีบห่อดี แข็งแรง มีกันกระแทก สินค้าไม่เสียหาย การจัดส่งรวดเร็ว การบริการของขนส่งดีเยี่ยม|fake
สินค้าคุณภาพดีมาก การจัดส่งรวดเร็วดีมาก ได้รับของแถมเป็นกระเป๋าผ้า สวยมาก คุ้มค่ากับเงินที่จ่ายไป|fake
สินค้าคุณภาพดีมาก จัดส่งสินค้ารวดเร็ว แพคเกจดีมาก บริการร้านค้าดีมาก พนักงานจัดส่งสินค้าดีมาก ชอบมากๆๆๆๆ ค่ะ ไม่ผิดหวังเลยกับ Order นี้ แนะนําเลยค่ะ|fake
สินค้าคุณภาพดีมากคะ แพ็คสินค้าดี ห่อของขวัญสวยมาก จัดส่งไว ราคาถูกด้วยคะ คุณภาพเน้นๆเลย|fake
สินค้าดี มีคุณภาพมากค่ะ สวยงามไม่ผิดหวัง แอบเสียดายกระเป๋าเงินเหรียญไม่ได้สีดํา แต่ไม่เป็นไรค่ะดีไซน์เก๋มาก ๆ เลยค่ะ โดยรวมแล้วประทับใจสุด ๆ ค่ะ|fake
สินค้าดี สมราคา|fake
สินค้าดีถูกใจแฟนครับราคาพอเหมาะไม่แพงจนเกินไปส่งไวได้ของตามรูปหนังนิ่มดีของดีครับซื้อเลยไม่ผิดหวังแน่นอน|fake
สินค้าดีมาก หนังนิ่มมากๆๆๆๆ ขนาดดําบังพอดี สีสวยถ๓กใจ ช่องใส่ของเยอะมาก งานเรียบร้อย ไม่มีตําหนิ ห่อขอขวัญมาสวยมาก ลูกสาวชอบมาก มีของแถมให้ด้วย|fake
สินค้าดีมากค่ะ กระเป๋านิ่มมาก ที่สําคัญได้มาในราคาที่ดีมากค่ะ มีช่องใส่ของเยอะ เป็นสัดส่วนดีมากค่ะ|fake
สินค้าตรงปก จัดส่งเร็วมากคะ|fake
สินค้าตรงปก ส่งเร็วทันใจครับ|fake
สินค้าตรงปก. จัดส่งเร็วค่ะ|fake
สินค้ามาพร้อมกล่องและถุงผ้าหรูหรา, หนังนิ่มมากน่าใช้ มีของแถมกระเป๋าผ้ามาให้ด้วย ถูกใจมาก|fake
สีสวย ขนาดใหญ่พอดี มีช่องใส่บัตรเยอะ ราคาไม่แพงเหมาะสมกับราคา|fake
สีสวย หนังนิ่ม ชอบมากกกกกกกกกกกกกก ถูกใจ|fake
สีสวยถูกใจ สวยเรียบหรูดูไฮซื้อให้ลูกสาวชอบมากๆๆแพ็คสินค้ามาดีมีกันกระแทก สินค้าสมบูรณ์ครบถ้วน ไม่มีความเสียหายใดๆการขนส่งไวไม่ช้า ดีมากกๆๆๆ|fake
หนังนิ่ม ขนาดพอดี ช่องข้างในสามารถใส่โทรศัพท์ได้ ราคานี้ คุณภาพนี้ โอเคมาดเลยค่ะ|fake
หนังนิ่ม สวยหรู และคุณภาพดี จัดส่งไว แนะนําเลย|fake
หนังนิ่มเนื้อดี ช่องใส่บัตรเยอะ สวยถูกใจมากค่ะ|fake
หนังนุ่มดี มีใบรับประกันพร้อม สีตามที่สั่ง ชอบมาก|fake
หนังนุ่มมากค่ะ สีสวย บรรจุอย่างดี รอยเย็บไม่มีด้ายหลุดกวนใจ ดีงามมากกกกกกกกกกกกกกกกก|fake
เหมาะสําหรับงานเลี้ยงเย็น, ดีไซน์สวยงามและทันสมัย, เหมาะสําหรับผู้หญิงที่มีบัตรเยอะ, ภายในกว้างขวางพร้อมช่องใส่บัตรหลายช่อง, ทนทานและใช้งานได้นาน, หนังแท้คุณภาพสูง, คุ้มค่ากับราคา, ฝีมือที่ยอดเยี่ยม, คุ้มค่าสมราคา|fake
เหมาะสําหรับงานเลี้ยงเย็น, ภายในกว้างขวางพร้อมช่องใส่บัตรหลายช่อง, คุ้มค่ากับราคา, ทนทานและใช้งานได้นาน, เหมาะสําหรับผู้หญิงที่มีบัตรเยอะ,|fake
เหมาะสําหรับผู้หญิงที่มีบัตรเยอะ, หนังแท้คุณภาพสูง, คุ้มค่ากับราคา, ฝีมือที่ยอดเยี่ยม, สไตล์ทันสมัยและเทรนด์,|fake
