ส่งเร็วมาก ของใช้ได้ปกติสภาพดีครับ|fake
คอนโทรลเลอร์ที่ทนทานและใช้งานได้นาน, ปุ่มที่ตอบสนองได้อย่างแม่นยํา, เหมาะสําหรับเกมเมอร์ทั้งแบบกลางและแบบหนัก, การจับที่สบายสําหรับการเล่นเกมยาวนาน,|fake
ปุ่มนิ่มมาก ไม่แข็งเหมือนของราคาต่ําๆ เชื่อมต่อเร็ว จับถนัดมือ ปุ่มที่ตอบสนองได้อย่างแม่นยํา, สาย USB-C ที่สะดวกสบายสําหรับการเชื่อมต่อง่าย, รองรับการใช้งานกับคอนโซล PC และ Xbox,|fake
การจับที่สบายสําหรับการเล่นเกมยาวนาน, การสร้างคุณภาพสูงเพื่อความทนทาน, คอนโทรลเลอร์ที่ทนทานและใช้งานได้นาน, เพิ่มประสบการณ์การเล่นเกมของคุณ,|fake
รองรับการใช้งานกับคอนโซล PC และ Xbox, สาย USB-C ที่สะดวกสบายสําหรับการเชื่อมต่อง่าย, เหมาะสําหรับเกมเมอร์ทั้งแบบกลางและแบบหนัก,|fake
คอนโทรลเลอร์ที่ทนทานและใช้งานได้นาน, รองรับการใช้งานกับคอนโซล PC และ Xbox, การจับที่สบายสําหรับการเล่นเกมยาวนาน,|fake
รองรับการใช้งานกับคอนโซล PC และ Xbox, เพิ่มประสบการณ์การเล่นเกมของคุณ, เหมาะสําหรับเกมเมอร์ทั้งแบบกลางและแบบหนัก,|fake
รองรับการใช้งานกับคอนโซล PC และ Xbox, สาย USB-C ที่สะดวกสบายสําหรับการเชื่อมต่อง่าย, ดีไซน์ที่หรูหราและสวยงาม, ปุ่มที่ตอบสนองได้อย่างแม่นยํา,|fake
สาย USB-C ที่สะดวกสบายสําหรับการเชื่อมต่อง่าย, เพิ่มประสบการณ์การเล่นเกมของคุณ, ง่ายต่อการติดตั้งและใช้งาน,|fake
สาย USB-C ที่สะดวกสบายสําหรับการเชื่อมต่อง่าย, ง่ายต่อการติดตั้งและใช้งาน, การจับที่สบายสําหรับการเล่นเกมยาวนาน,|fake
ดีดีดีดีดีดีดีดีดีดีดีดีดีดีดีดีดีดีดีดีดีดีดีดีดีดีดีดีดีดีดีดีกีกีดีกีดีดีดีีดีดั|fake
เพิ่มประสบการณ์การเล่นเกมของคุณ, ง่ายต่อการติดตั้งและใช้งาน, คอนโทรลเลอร์ที่ทนทานและใช้งานได้นาน, การสร้างคุณภาพสูงเพื่อความทนทาน,|fake
รองรับการใช้งานกับคอนโซล PC และ Xbox, การจับที่สบายสําหรับการเล่นเกมยาวนาน, เพิ่มประสบการณ์การเล่นเกมของคุณ, ง่ายต่อการติดตั้งและใช้งาน,|fake
คอนโทรลเลอร์ที่ทนทานและใช้งานได้นาน, การสร้างคุณภาพสูงเพื่อความทนทาน, เหมาะสําหรับเกมเมอร์ทั้งแบบกลางและแบบหนัก,|fake
ปุ่มที่ตอบสนองได้อย่างแม่นยํา, คอนโทรลเลอร์ที่ทนทานและใช้งานได้นาน, การสร้างคุณภาพสูงเพื่อความทนทาน, การสร้างคุณภาพสูงเพื่อความทนทาน,|fake
รองรับการใช้งานกับคอนโซล PC และ Xbox, ง่ายต่อการติดตั้งและใช้งาน, เพิ่มประสบการณ์การเล่นเกมของคุณ,|fake
สาย USB-C ที่สะดวกสบายสําหรับการเชื่อมต่อง่าย, คอนโทรลเลอร์ที่ทนทานและใช้งานได้นาน, ปุ่มที่ตอบสนองได้อย่างแม่นยํา, ดีไซน์ที่หรูหราและสวยงาม, รองรับการใช้งานกับคอนโซล PC และ Xbox,|fake
สาย USB-C ที่สะดวกสบายสําหรับการเชื่อมต่อง่าย, รองรับการใช้งานกับคอนโซล PC และ Xbox, คอนโทรลเลอร์ที่ทนทานและใช้งานได้นาน,|fake
ง่ายต่อการติดตั้งและใช้งาน, การจับที่สบายสําหรับการเล่นเกมยาวนาน, สาย USB-C ที่สะดวกสบายสําหรับการเชื่อมต่อง่าย,|fake
ของใช้งานดีมากจับถนัดต่อคอมง่ายมากๆๆๆๆๆๆๆๆๆๆๆๆๆๆๆๆๆไๆๆๆๆๆๆๆๆๆๆๆๆๆๆๆฟๆๆๆๆๆๆๆๆๆๆๆๆๆ|fake
ได้รับของล่ะเร็วมากกกกกกกกกกกกกกกกกกกกกกกกกกกกกกกกกกกกกกกกกกกกกกกกกกกกกกกกกกกกกกกก|fake
ทไัมไัไึววไึวไึไุสไึววไึสไึไึสวไึวําึําวงําคํางงําคไึวํางําึฝไีงําคฝําคฝําคฝําคฝคําฝําฝําึใําึว_ฝึ|fake
ดีมากกกกกกกกกกกกกกกกกกกกกกกกกกกกกกกกกกกกกกกกกกกกกกกกกกกกกกกกกกกกกกกกกกกกกกกกกกกก|fake
คุณภาพของสินค้าดีมากกกกกกกกกกกกกกความคุ้มค่าดีมากกกกกกกกกกกกกกกกกกความรวดเร็วในการจัดส่งดีมากกกกกกกกกการให้บริการจากร้านดีมากกกกกกกกกกกกการให้บริการจากบริษัทขนส่งดีมากกกกกกก|fake
ใช้งานดีครับได้ช่วงลดราคาด้วยสะสะสะสะพาพาพาพาสะสะถสะสถนะนถรถรถาถาพสถาพสถสสะสถสพถสสะ|fake
