สินค้าดี มีคุณภาพ ตามราคา การแพ็คสินค้าดี สินค้าอยู่ในสภาพสมบูรณ์ ไม่มีอะไรเสียหาย ราคาดีงาม แถมยังใช้โค้ดส่งฟรีได้ด้วย|fake
ok good น่ากินครับ อันเล็กๆ พอดีคําok good น่ากินครับ อันเล็กๆ พอดีคําok good น่ากินครับ อันเล็กๆ พอดีคํา|fake
Value for Money:คุณภาพดีมีความอร่อยFlavour:มีความหวานเล็กน้อยขนมตุ๊บตั๊บรสชาติดีก็มีความหวานเล็กน้อยน่าทานมากร้านค้ามีการจัดส่งได้อย่างรวดเร็วมาก|fake
Value for Money:มีความกรอบFlavour:ขนมตุ๊บตั๊บหวานกรอบขนมตุ๊บตั๊บมีความหวานกรอบสดอร่อยน่าทานมากร้านค้ามีการจัดส่งได้อย่างรวดเร็ว|fake
ขนมตุ๊บตั๊บ ,ตรามังกร ,ได้รับสินค้าครบถ้วนตามจํานวนที่ต้องการ ,ซื้อช่วงโปรโมชั่นลดราคา ,แพ็คสินค้าใส่กล่อง , ขนมถั่วรสชาติหวานๆ ไม่แข็งมาก|fake
ขนมตุ๊บตับ ดูจากปกคิดว่าชิ้นใหญ่กว่านี้ ของจริงเล็กจัง ก็พอดีคํา คงสมราคา ยังไม่ได้ลองกิน|fake
ขนมตุ๊บตับ ตรามังกร ร้านค้าจัดส่งสินค้ารวดเร็ว แพ็คสินค้าได้ดี สินค้าไม่เสียหาย แนะนําร้านนี้เลยจร้า|fake
ขนมตุ๊บตั๊บ ตรามังกร ร้านค้าจัดส่งสินค้ารวดเร็ว แพ็คสินค้าได้ดี สินค้าไม่เสียหาย แนะนําร้านนี้เลยจร้า|fake
ขนมตุบตั๊บ มังกร ร้านค้าจัดส่งสินค้ารวดเร็ว แพ็คสินค้าได้ดี สินค้าไม่เสียหาย แนะนําร้านนี้เลยจร้า|fake
ขนมตุ๊บตั๊บ ร้านค้าจัดส่งสินค้ารวดเร็ว แพ็คสินค้าได้ดี สินค้าไม่เสียหาย แนะนําร้านนี้เลยจร้า|fake
ขนมตุ๊บตั๊บ​1แพ็ค​ 6ชิ้น​ × 3 แพ็ค​ รสดั้งเดิม​ อร่อยถ้าเจอราคาดีๆ​ จะกดซื้อทุกครั้ง​ ร้านค้าจัดส่งเร็ว​ แพ็คสินค้าดี​ ขนส่งดีมาก|fake
ขนมตุ๊บตั๊บขนมดีขนมอร่อยร้านนี้ดีส่งของใหม่ส่งของครบตามจํานวนสินค้าดีมีมีคุณภาพสินค้าดี|fake
ขนมตุ๊บตั๊บตรามังกรยี่ห้อนี้อร่อยกินประจํา ซื้อในร้านค้านี้ราคาไม่แพง จัดส่งรวดเร็ว|fake
ขนมตุ๊บตั๊บลดราคาถูกมาก ส่งฟรีด้วย ร้านนี้ซื้อบ่อย ลดราคาบ่อย ขนมใหม่ ไม่หืน คุ้มค่ามาก|fake
ขนมตุีบตั๊บ 1 ชิ้น ร้านค้าจัดส่งสินค้ารวดเร็ว แพ็คสินค้าได้ดี สินค้าไม่เสียหาย แนะนําร้านนี้เลยจร้า|fake
คุณค่าของเงิน: รสชาติ:|fake
คุณค่าของเงิน: รสชาติ:ตุ๊บตั๊บใหม่ อร่อย หอม กินเพลินๆ สั่งหลายครั้งแล้ว ลดราคายิ่งถูกลงไปอีก ส่งฟรีด้วย คุ้มมาก|fake
คุณค่าของเงิน:เกินคุ้ม รสชาติ:ดีเหมือนเดิมทางร้านส่งเร็วมากค่ะ อุดหนุนหลายครั้งแล้ว ไม่ผิดหวังกับตัวสินค้าเป็นของใหม่ไม่ใช่เก่าเก็บ ขนส่งมารยาทดี ส่งเร็วมากค่ะ|fake
คุณค่าของเงิน:เกินคุ้ม รสชาติ:ดีเหมือนเดิมร้านส่งค่อนข้างเร็วมาก รสชาดดีเหมือนเดิม ที่สําคัญไม่เหม็นหืน ขนส่งมารยาทดีค่ะ|fake
คุณค่าของเงิน:เกินคุ้ม รสชาติ:ดีเหมือนเดิมส่งค่อนข้างเร็ว ขนมรสชาดดีเหมือนเดิม ซื้อได้ถูกเหมือนเดิม ขนส่งสุภาพมารยาทดี|fake
คุณค่าของเงิน:เกินคุ้ม รสชาติ:อร่อยเหมือนเดิมขนมอร่อย ไม่เหมือนหื่น แพคเกจดูดี ขนมดูยังใหม่ ขนส่งส่งเร็ว มารยาทดีค่ะ|fake
คุณค่าของเงิน:คุณภาพดีมาก รสชาติ:กรอบหวานเล็กน้อยขนมตุ๊บตั๊บตรามังกรมีความกรอบอร่อยมีความหวานเล็กน้อยร้านค้ามีการจัดส่งได้อย่างรวดเร็วมาก|fake
คุณค่าของเงิน:คุ้มค่าครับ รสชาติ:หวานกรอบอร่อยสั่งมาไว้ทานเล่นอร่อยมากสั่งไว้ฝากลูกฝากหลานจัดโปรก็จะสั่งตลอดครับ|fake
คุณค่าของเงิน:คุ้มค่าครับ รสชาติ:อร่อยสั่งมาไว้ทานเล่นอร่อยมากสั่งไว้ฝากลูกฝากหลานจัดโปรก็จะสั่งตลอดครับ|fake
คุณค่าของเงิน:คุ้มค่ามาก รสชาติ:หวานกรอบอก่อนสั่งมาไว้ทานเล่นอร่อยมากสั่งไว้ฝากลูกฝากหลานฝากญาติพี่น้องจัดโปรก็จะสั่งตลอดครับ|fake
คุณค่าของเงิน:คุ้มค่ามาก รสชาติ:หวานอร่อยสั่งมาไว้ทานเล่นอร่อยมากสั่งไว้ฝากลูกฝากหลานจัดโปรก็จะสั่งตลอดครับ|fake
คุณค่าของเงิน:คุ้มค่ามาก รสชาติ:อร่อยกรอบหวานครับสั่งมาไว้ทานเล่นอร่อยมากสั่งไว้ฝากลูกฝากหลานจัดโปรก็จะสั่งตลอดครับตั้งใจจะเอาไปฝากญาติๆด้วย|fake
คุณค่าของเงิน:คุ้มค่ามาก รสชาติ:อร่อยมากสั่งมาไว้ทานเล่นอร่อยมากสั่งไว้ฝากลูกฝากหลานกัากพี่น้องให้ไปกินจัดโปรก็จะสั่งตลอดครับ|fake
คุณค่าของเงิน:คุ้มค่ามาก รสชาติ:อร่อยสั่งมาไว้ทานเล่นอร่อยมากสั่งไว้ฝากลูกฝากหลานจัดโปรก็จะสั่งตลอดครับ|fake
คุณค่าของเงิน:คุ้มค่ามาก รสชาติ:อร่อยสั่งมาไว้ทานเล่นอร่อยมากสั่งไว้ฝากลูกฝากหลานจัดโปรก็จะสั่งตลอดครับอร่อยคุ้มมากกินอิ่ม|fake
คุณค่าของเงิน:คุ้มค่ามาก รสชาติ:อร่อยหวานสั่งมาไว้ทานเล่นอร่อยมากสั่งไว้ฝากลูกฝากหลานจัดโปรก็จะสั่งตลอดครับ|fake
คุณค่าของเงิน:คุ้มค่าราคา สินค้ามีคุณภาพ รสชาติ:ใหม่ สะอาด หอมถั่ว หวาน มันส์ บริการดี แพ็คเกจเรียบร้อย ส่งไว แนะนําร้านนี้ค่ะ|fake
คุณค่าของเงิน:คุ้มค่าราคาสินค้า รสชาติ:สะอาด สินค้ามีคุณภาพ อร่อย บริการดี แพ็คเกจเรียบร้อย ส่งไว ขนส่งสุภาพ ”แนะนําร้านนี้ค่ะ จัดในราคาโปร บ่อย สินค้าราคาโปรกับสินค้าราคาเต็ม ตรงตามปรก,,|fake
คุณค่าของเงิน:คุ้มมาก รสชาติ:อร่อยมากหวานสั่งมาไว้ทานเล่นอร่อยมากสั่งไว้ฝากลูกฝากหลานจัดโปรก็จะสั่งตลอดครับ|fake
คุณค่าของเงิน:คุ้มมาก รสชาติ:อร่อยหวานสั่งมาไว้ทานเล่นอร่อยมากสั่งไว้ฝากลูกฝากหลานจัดโปรก็จะสั่งตลอดครับ|fake
คุณค่าของเงิน:คุุ้มค่ามาก รสชาติ:กรอบอร่อยหวานสั่งมาไว้ทานเล่นอร่อยมากสั่งไว้ฝากลูกฝากหลานจัดโปรก็จะสั่งตลอดครับ|fake
คุณค่าของเงิน:ดี รสชาติ:ดีคุณภาพ:ดีเนื้อสัมผัส:ดีประสิทธิภาพ:ดีทางร้านแพ็คสินค้ามาดีค่ะ ราคาเหมาะสมกับสินค้าค่ะ อร่อยค่ะ ไว้แวะมาอุดหนุนอีกนะคะ|fake
คุณค่าของเงิน:ดี รสชาติ:ดีคุณภาพ:ดีเนื้อสัมผัส:ดีประสิทธิภาพ:ดีทางร้านแพ็คสินค้ามาดีค่ะ ราคาเหมาะสมกับสินค้าค่ะ อร่อยค่ะ ไว้แวะมาอุดหนุนอีกนะคะ รสชาติ:ดี คุณค่าของเงิน:ดี|fake
คุณค่าของเงิน:ดี รสชาติ:ดีสินค้าแพคมาเรียบร้อยดี ไม่มีแตกหัก สินค้าล็อตใหม่ค่ะ รู้สึกหวานไปนิด พอรับได้ค่ะ|fake
คุณค่าของเงิน:ดีรสชาติ:ดีคุณภาพ:ดีเนื้อสัมผัส:ดีประสิทธิภาพ:ดีทางร้านแพ็คสินค้ามาดีค่ะ ราคาเหมาะสมกับสินค้าค่ะ อร่อยค่ะ ไว้แวะมาอุดหนุนอีกนะคะ|fake
คุณค่าของเงิน:ประหยัดเงินมากสินค้าดี มีคุณภาพ ราคาประหยัด รสชาติอร่อย ถูกใจในตัวสินค้ากับร้านนี้มาก|fake
คุณค่าของเงิน:ประหยัดมากสินค้าดี ราคาประหยัด รสชาติ อร่อย ถูกใจในตัวสินค้ากับร้านค้านี้มาก โอกาสหน้าอุดหนุนอีกแน่นอน|fake
คุณค่าของเงิน:ราคาถูก-ส่งไวจัดโปร ชิ้นละ2บาทซื้อครั้้งที่2 รสชาติ:สะอาด อร่อย|fake
คุณค่าของเงิน:ราคาถูกมากห่อละ 3 บาทค่าส่งไม่ต้องเสียแต่ยังไม่ได้ลองกินแต่เคยกินยี่ห้อนี้อยู่ รสชาติ:ถ้ารสชาติเหมือนที่เคยกินก็น่าจะอร่อย|fake
คุณค่าของเงิน:ราคาถูกมากห่อละ 3 บาทค่าส่งไม่ต้องเสียแต่ยังไม่ได้ลองกินแต่เคยกินยี่ห้อนี้อยู่ สินค้ามาครบรสชาติ:ถ้ารสชาติเหมือนที่เคยกินก็น่าจะอร่อย|fake
คุณค่าของเงิน:สองบาทต่อห่ออร่อยดีมากๆๆๆๆๆ๐๐๐๐๐๐๐๐๐๐๐๐๐๐๐จัดส่งฟรีด้วย...........................|fake
คุณภาพดีมากสินค้าคุณภาพดีมากร้านนี้ดีส่งของวันส่งของครบตามจํานวนสินค้าที่มีคุณภาพ|fake
คุ้มค่า รสชาติดี กรอบหวานอร่อย ไว้มาอุดหนุนอีกนะคะ|fake
คุ้มค่ากับราคา, ขนมว่างที่เหมาะสําหรับทุกโอกาส, ทําให้ติดใจและอร่อยอร่อย, รสชาติแบบไทยแท้,|fake
คุ้มค่ากับราคา, ขนมว่างที่เหมาะสําหรับทุกโอกาส, อายุการเก็บรักษานาน สามารถรับประทานได้หลายเดือน, สะดวกและเคลื่อนย้ายได้ง่าย, ทําจากส่วนผสมคุณภาพสูง,|fake
จัดส่งไว ห่อมาหนาแน่นดี มีกันกระแทกมาเรียบร้อย ขนมอยู่ในสภาพดีไม่เละ ยังไม่ได้แกะกิน|fake
จัดส่งสินค้าเร็ว ได้รับสินค้าตามคําสั่งซื้อแพคสินค้ามาดีชื่นชม ชื่นชม ชื่นชม สั่งเยอะๆเลยค่ะ แนะนําร้านนี้|fake
จัดส่งให้ฟรีด้วย......................ราคาถูก​มาก​ๆ​ๆ​ๆ​ๆ​ๆ​ๆ​ๆ​ๆ​ๆ​ๆ​ๆ​ๆ​ๆ​ๆ​ๆ​ๆ​ๆ​ๆ​ๆ​ๆ​ๆ​ๆ​ๆ2​ บาท/แพ็ค|fake
ซื้อได้ราคาถูกมากๆๆๆๆๆๆๆๆๆๆๆๆๆๆๆๆๆๆสอง​ บาท​/แพ็คจัดส่งให้ฟรีด้วยๆๆๆๆๆๆๆๆๆๆๆๆๆๆๆๆๆๆ|fake
ดีมากกกกกกกกกกกกกกกกกกกที่สุดกกกกกกกกกกกกกดีมากกกกกกกกกกกกกกกกกกกกกกกกกกกกกกกกกกกกกกกกกกกกกดีมากกกกกกกกกกกกกกกกกกกกกกกกกกกกกดีมากกกกกกกกกกกกกกกกกกกกกสินค้าดีมากกกกกกกกกกกกกกกกกกกกกกกกกกกกกกกกกกกกกกกกกเลยครับบบบบบบบ|fake
ได้รับของครบถ้วนตามที่สั่งไปค่ะ ร้านค้าแพคมาดี ไม่เสียหาย สินค้าดี ขนาดเหมาะกับการใช้งาน คุ้มค่ากับราคาที่จ่ายไป คุณค่าของเงิน:คุ้มค่า 6 อันต่อห่อ รสชาติ:อร่อย|fake
ได้รับของเรียบร้อยครบถ้วนตามที่สั่งการตัดส่งค่อนข้างเร็วสินค้าใหม่สด​หอม​น่ากินมาก|fake
ได้รับของแล้วค่ะสินค้าครบถ้วนแพคของมาดูจัดส่งเร็วสินค้าไม่มีเสียหายค่ะบริการดีมากชอบมากค่ะ|fake
ได้รับของแล้วเรียบร้อยครบถ้วนตรงตามที่สั่งการจัดส่งใช้เวลานิดหน่อย​ สินค้าแพ็คมาเรียยร้อย|fake
ได้รับสินค้าตรงตามที่สั่งซื้อครับ การจัดส่งสินค้าจากทางร้านดีและการจัดส่งของบริษัทขนส่งดี รวดเร็วคุณภาพของสินค้าใช้งานได้|fake
ได้รับสินค้าเรียบร้อยครบถ้วนตามที่สั่งช่วงจัดโปรลดราคาได้ของราคาไม่แพงแต่อร่อยๆๆ|fake
ได้รับสินค้าเรียบร้อยดีๆๆๆๆๆๆๆๆฟฟ ส่งมาไวดีๆๆๆๆๆๆๆๆ แพคสินค้ามาดีๆๆๆๆๆๆๆ สินค้าตรงตามปก โดบรวมถือว่าพอใจ|fake
ได้รับสินค้าเรียบร้อยดีๆๆๆๆๆๆๆๆฟฟ ส่งมาไวดีๆๆๆๆๆๆๆๆ แพคสินค้ามาดีๆๆๆๆๆๆๆ สินค้าตรงตามปก โดบรวมถือว่าพอใจ|fake
ได้รับสินค้าเรียบร้อยแล้วค่ะ ครบตามจํานวนที่สั่ง ขอบคุณมากค่ะ สินค้าส่งไว คุ้มค่าคุ้มราคา แพคของมาเรียบร้อยดี กล่องมาบู้บี้เล็กน้อย แต่สินค้าข้างใน ไม่เสียหาย พนักงานโทรมาแจ้งล่วงหน้าก่อนส่งสินค้า บริการดี แนะนําร้านนี้เลยค่ะ|fake
ได้รับสินค้าเรียบร้อยแล้วค่ะทางร้านจัดส่งไวมากเลยความคุ้มค่าดีมากขนมอร่อยกรอบถูกใจค่ะครั้งหน้าจะอุดหนุนอีกนะคะ|fake
ได้รับสินค้าเรียบร้อยแล้วค่ะทางร้านจัดส่งไวมากเลยความคุ้มค่าดีมากขนมอร่อยกรอบถูกใจค่ะครั้งหน้าจะอุดหนุนอีกนะคะ|fake
ได้รับสินค้าเรียยร้อยครบถ้วนตามที่สั่งสั่งซื้อตอนมีโปรลดราคา​ ได้ของอร่อยมากินกัน|fake
ได้รับสินค้าเรียร้อยถูกต้องครบถ้วน ร้านค้าแดคสินค้ามาดี จัดส่งสินค้าไวดีค่ะ ขนมราคาไม่แพง|fake
ได้รับสินค้าเรียร้อยถูกต้องครบถ้วน ร้านค้าแดคสินค้ามาดี จัดส่งสินค้าไวดีค่ะ ชนมราคาไม่แพง|fake
ได้รับสินค้าแล้วค่ะ ทางร้านส่งสินค้าไวบริการดี สินค้าไม่เสียหายอะไรค่ะ ไว้แวะมาอุดหนุนอีกนะคะ|fake
ได้รับสินค้าแล้วค่ะ ทางร้านส่งสินค้าไวบริการดี สินค้าไม่เสียหายอะไรค่ะ ไว้แวะมาอุดหนุนอีกนะคะ รสชาติ: คุณค่าของเงิน:|fake
ได้รับสินค้าแล้วคุ้มค่ากับราคา, ทําจากส่วนผสมคุณภาพสูง, อร่อยและกรอบมาก, รสชาติและเนื้อสัมผัสอร่อยมาก, รสชาติแบบไทยแท้, ทําให้ติดใจและอร่อยอร่อย, อายุการเก็บรักษานาน สามารถรับประทานได้หลายเดือน,|fake
ได้รับสินค้าแล้วในเวลาที่ไม่ช้า การบรรจุหีบห่อดีมาก สินค้าไม่แตกหักเเสียหายใช้แล้วได้ผลดีมาก|fake
ได้รับสินค้าแล้วร้านค้าจัดส่งสินค้าได้ไว ขนม ขนมตุ๊บตั๊บรสชาติ หวานมัน อร่อยมากกกดดดดด|fake
ได้รับสินค้าแล้วร้านค้าจัดส่งสินค้าได้ไว รสชาติ: ขนมตุ๊บตั๊บ รสชาติหวานมันอร่อยดีมาก คุณค่าของเงิน: คุ้มค่า ซื้อมาในช่วงโปรโมชั่นแพ็คละ 3 บาท|fake
ได้รับสินค้าแล้วร้านค้าจัดส่งสินค้าได้ไว รสชาติ: ขนมสุขภาพรสชาติอร่อยหวานมัน คุณค่าของเงิน: คุ้มค่า ราคาโปรโมชั่น ราคา 3 บาทก็แพ็ค|fake
ได้รับสินค้าแล้วเหมาะสําหรับให้เป็นของขวัญหรือว่างๆ, ทําให้ติดใจและอร่อยอร่อย, สะดวกและเคลื่อนย้ายได้ง่าย, อายุการเก็บรักษานาน สามารถรับประทานได้หลายเดือน, รสชาติแบบไทยแท้, คุ้มค่ากับราคา,|fake
ได้รับสินค้าเเล้วจัดส่งรวดเร็วเเพ็คสินค้ามาอย่างดีไม่เสียหายราคาไม่เเพงขนส่งบริการรวดเร็วใว้จะอุดหนุนสินค้าอีก|fake
ตุ๊บตั๊บ ตรามังกร ร้านค้าจัดส่งสินค้ารวดเร็ว แพ็คสินค้าได้ดี สินค้าไม่เสียหาย แนะนําร้านนี้เลยจร้า|fake
ตุ๊บตั๊บรสดั้งเดิม1ห่อมี6ชิ้น​ รสอร่อย​คําเล็กๆ​ ราคาไม่แพง​ ร้านค้าแพ็คสินค้าดี​ ขนส่งดี|fake
ตุ๊บตั๊บห่ออัดใส่กล่องมาพอดีทําให้ไม่แตกละเอียด การจัดส่งเร็ว ขนส่งบริการดี ขนมหวานกรอบอร่อบ|fake
ทําจากส่วนผสมคุณภาพสูง, สะดวกและเคลื่อนย้ายได้ง่าย, ทําให้ติดใจและอร่อยอร่อย, รสชาติและเนื้อสัมผัสอร่อยมาก,|fake
ทําจากส่วนผสมคุณภาพสูง, อร่อยและกรอบมาก, อายุการเก็บรักษานาน สามารถรับประทานได้หลายเดือน, เหมาะสําหรับให้เป็นของขวัญหรือว่างๆ, สะดวกและเคลื่อนย้ายได้ง่าย, ทําให้ติดใจและอร่อยอร่อย,|fake
ทําให้ติดใจและอร่อยอร่อย, คุ้มค่ากับราคา, รสชาติและเนื้อสัมผัสอร่อยมาก, ขนมว่างที่เหมาะสําหรับทุกโอกาส, สะดวกและเคลื่อนย้ายได้ง่าย,|fake
ทําให้ติดใจและอร่อยอร่อย, รสชาติแบบไทยแท้, คุ้มค่ากับราคา, อายุการเก็บรักษานาน สามารถรับประทานได้หลายเดือน,|fake
บสินค้าแล้วในเวลาที่ไม่ช้า การบรรจุหีบห่อดีมาก สินค้าไม่แตกหักเเสียหายใช้แล้วได้ผลดีมาก|fake
บสินค้าแล้วในเวลาที่ไม่ช้า การบรรจุหีบห่อดีมาก สินค้าไม่แตกหักเเสียหายใช้แล้วได้ผลดีมาก รสหวานกรอบ|fake
ไปรับสินค้าแล้วร้านค้าจัดส่งสินค้าได้ไว ขนมตุ๊บตั๊บรสชาติอร่อยหวานมัน โอเค ดู เหมือนของใหม่|fake
แพ็คละสองบาท...................... ส่งฟรีด้วยๆๆๆๆๆๆๆๆๆๆๆๆๆๆๆๆๆๆๆๆๆๆอร่อยดี.........|fake
ไม่เคยกินจัดมา12บาทคับตอนเด็กเคยเห็นแต่ไม่มีตังค์ไ​จะซื้อ เห็นมีโปรเลยจัดมาทดลอง เพื่อความรู้ทักษะการพัตนาตัวเอง​ล้วนๆคับ|fake
รสชาติ:คุณค่าได้รับสินค้าแล้วค่ะ ทางร้านส่งสินค้าไวบริการดี สินค้าไม่เสียหายอะไรค่ะ ไว้แวะมาอุดหนุนอีกนะคะเงิน:|fake
รสชาติ:ดี คุณค่าของเงิน:ประหยัดมากสินค้าดี ราคาประหยัด รสชาติอร่อย หวานพอดีๆ ถูกใจในตัวสินค้ากับร้านนี้มาก|fake
รสชาติ:ดีมาก สินค้าดี ราคาประหยัด รสชาติอร่อย ถูกใจในตัวสินค้านี้มาก โอกาสหน้าอุดหนุนอีกแน่นอน|fake
รสชาติ:ดีมากสินค้าดี ราคาประหยัด รสชาติอร่อย หวานพอดีๆ ถูกใจในตัวสินค้ากับร้านนี้มาก โอกาสหน้าอุดหนุนอีกแน่นอน|fake
รสชาติ:ดีอร่อย​มากๆๆๆๆๆๆๆๆๆๆๆๆๆๆๆๆๆๆๆๆๆๆๆๆๆๆราคสินค้าถูกมากๆๆๆๆๆๆๆๆๆๆๆๆๆๆๆๆๆๆๆๆๆๆๆๆๆๆๆๆๆๆ|fake
รสชาติ:ได้รับสินค้าแล้วค่ะ ทางร้านส่งสินค้าไวบริการดี สินค้าไม่เสียหายอะไรค่ะ ไว้แวะมาอุดหนุนอีกนะคะ|fake
รสชาติ:ได้รัลสินค้าเเล้สจัดส่งรวดเร็วเเพ็คสินค้ามาดีไม่เสียหายราคาไม่เเพงขนส่งบริการรวดเร็ว|fake
รสชาติ:อร่อยดีมากๆๆๆๆๆๆๆๆๆๆๆๆๆๆๆๆๆๆๆๆๆๆๆ๐ๆๆสั่งซื้อได้ราคาถูกมากๆๆๆๆๆๆๆๆๆๆๆๆๆๆๆๆๆๆๆๆๆๆๆๆๆๆๆ|fake
รสชาติ:อร่อยมากๆ คุณค่าของเงิน:คุ้มค่ามากแฟลชเซลในราครถุงละ 3 บาทจัเส่งเร็วดี|fake
รสชาติ:อร่อยสินค้าดี ราคาประหยัด คุ้มราคา ถูกใจในตัวสินค้ากับร้านนี้มาก โอกาสหน้าอุดหนุนอีกแน่นอนครับ|fake
รสชาติแบบไทยแท้, ขนมว่างที่เหมาะสําหรับทุกโอกาส, ขนมว่างที่เหมาะสําหรับทุกโอกาส, คุ้มค่ากับราคา,|fake
รสชาติแบบไทยแท้, ขนมว่างที่เหมาะสําหรับทุกโอกาส, อร่อยและกรอบมาก, รูปลักษณ์ภายนอกของสินค้าสวยงามดี ทําให้ติดใจและอร่อยอร่อย,|fake
รสชาติแบบไทยแท้, ทําให้ติดใจและอร่อยอร่อย, ทําจากส่วนผสมคุณภาพสูง, สะดวกและเคลื่อนย้ายได้ง่าย,|fake
รสชาติและเนื้อสัมผัสอร่อยมาก, ขนมว่างที่เหมาะสําหรับทุกโอกาส, รสชาติแบบไทยแท้, คุ้มค่ากับราคา, ทําจากส่วนผสมคุณภาพสูง,|fake
รสชาติอร่อย ได้เยอะ คุ้มประหยัดมาก ได้มาช่วงโทรคุ้มสุด ได้มาในราคาที่คุ้มมากๆ อร่อยแถมประหยัด|fake
รอสินค้าไม่นานได้ของครบถ้วน ทางร้านจัดส่งของไวมากค่ะเรากดสั่งทางร้านก็แพ็คส่ง ขนมอร่อยลูกชายชอบมากเลยค่ะ|fake
รอสินค้าไม่นานได้ของครบถ้วน ทางร้านจัดส่งของไวมากค่ะเรากดสั่งทางร้านก็แพ็คส่ง ขนมอร่อยลูกชายชอบมากเลยค่ะ|fake
รับสินค้าแล้วในเวลาที่ไม่ช้า การบรรจุหีบห่อดีมาก สินค้าไม่แตกหักเเสียหายใช้แล้วได้ผลดีมาก|fake
รับสินค้าแล้วในเวลาที่ไม่ช้า การบรรจุหีบห่อดีมาก สินค้าไม่แตกหักเเสียหายใช้แล้วได้ผลดีมาก.|fake
ราคาถูก​ดี​มากๆๆๆๆๆๆๆๆๆๆๆๆๆๆๆๆๆๆๆๆๆๆๆๆๆๆๆๆๆๆๆ รสชาติ:อร่อยดีมากๆๆๆๆๆๆๆๆๆๆๆๆๆๆๆๆๆๆๆๆๆๆๆๆๆ|fake
ราคาถูก​ดีมาก​ๆๆๆๆๆๆๆๆๆๆๆๆๆๆๆๆๆๆๆๆๆๆๆซื้อได้ราคา​ 2​บาท​/ แพ็ค.............ส่งให้ฟรีด้วย|fake
ราคาถูกดีมาก​ๆๆๆๆๆๆๆๆๆๆๆๆๆๆๆๆๆๆๆๆๆๆส่งให้ฟรีด้วยๆๆๆๆๆๆๆๆๆๆๆๆๆๆๆๆๆๆๆๆๆๆๆอร่อยดีๆๆๆ|fake
ราคา​ถูก​มาก​ๆ​ๆ​ๆ​ๆ​ๆ​ๆ​ๆ​ๆ​ๆ​ๆ​ๆ​ๆ​ๆ​ๆ​ๆ​ๆ​ๆ​ๆ​ๆ​ๆ​ๆ​ๆ​ๆ​ๆ​ๆ​ๆ​ๆส่งให้ฟรีด้วยๆ​ๆ​ๆ​ๆ​ๆ​ๆ​ๆ​ๆ​ๆ​ๆ​ๆ​ๆ​ๆ​ๆ​ๆ​ๆ​ๆ​ๆ​ๆ​ๆ​ๆ​ๆ​ๆ​ๆ​|fake
ราคาถูกมากๆๆๆๆๆๆๆๆๆๆๆๆๆๆๆๆๆๆสอง​ บาท/แพ็ค................ส่งให้ฟรีด้วย.............|fake
ราคาถูกมากๆเลยๆๆๆๆๆๆๆๆๆๆๆๆๆๆๆๆๆๆๆๆๆๆๆๆส่งให้ฟรีด้วยๆๆๆๆๆๆๆๆๆๆๆๆๆๆๆๆๆๆๆๆๆๆๆๆๆๆๆๆๆ|fake
ราคาถูกมากๆเลยๆๆๆๆๆๆๆๆๆๆๆๆๆๆๆๆๆๆๆๆๆๆๆส่งให้ฟรีด้วยๆๆๆๆๆๆๆๆๆๆๆๆๆๆๆๆๆๆๆๆๆๆๆๆๆๆๆๆๆๆ|fake
ราคาสินค้าถูกมากๆๆๆๆๆๆๆๆๆๆๆๆๆๆๆๆๆๆๆๆๆๆๆๆๆๆๆๆๆ รสชาติ:อร่อยดีมากๆๆๆๆๆๆๆๆๆๆๆๆๆๆๆๆๆๆๆๆๆๆๆๆๆๆ|fake
ราคา​สินค้า​ถูก​มาก​ๆ​ๆ​ๆ​ๆ​ๆ​ๆ​ๆ​ๆ​ๆ​ๆ​ๆ​ๆ​ๆ​ๆ​ๆ​ๆ​ๆ​ๆ​ๆ​ๆ​ๆ​ๆ​ๆ​ๆจัดส่ง​ได้​รวดเร็ว​ดีมาก​ๆ​ๆ​ๆ​ๆ​ๆ​ๆ​ๆ​ๆ​ๆ​ๆ​ๆ​ๆ​ๆ​ๆ​ๆ​ๆ​ๆ​ๆ​ๆ​ๆ​ๆ​ๆ​|fake
ราคาสินค้าถูกมากๆๆๆๆๆๆๆๆๆๆๆๆๆๆๆๆๆๆๆๆๆซื้อได้ราคา​ 2​บาท/ชิ้นส่งฟรีด้วยๆๆๆๆๆๆๆๆๆๆๆๆๆ|fake
ราคาสินค้าไม่แพงและอร่อยดี2 บาท/ห่อ .................ส่งให้ฟรีด้วย..................|fake
ส่งช้าไปนิดหน่อยก็ได้ค่ะถือว่าโอเคค่ะโอกาสหน้าเดี๋ยวอุดหนุนใหม่ค่ะอร่อยดีค่ะซื้อตอนรถพอดี|fake
ส่งช้าไปนิดหน่อยก็ได้ค่ะถือว่าโอเคค่ะโอกาสหน้าเดี๋ยวอุดหนุนใหม่ค่ะอร่อยดีค่ะซื้อตอนลดพอดี|fake
ส่งให้ฟรีด้วยๆๆๆๆๆๆๆๆๆๆๆๆๆๆๆๆๆๆๆๆๆๆๆๆๆๆๆราคาถูกมากๆเลยๆๆๆๆๆๆๆๆๆๆๆๆๆๆๆๆๆๆๆๆๆๆๆๆๆๆๆ|fake
สองบาท..........ต่อห่อ ส่งให้ฟรี.................................อร่อยดีด้วย.....|fake
สองบาทต่อห่อ................................. ..ส่งฟรีด้วย.........................|fake
สะดวกและเคลื่อนย้ายได้ง่าย, คุ้มค่ากับราคา, ทําให้ติดใจและอร่อยอร่อย, รสชาติและเนื้อสัมผัสอร่อยมาก,|fake
สินค้าคุณภาพดี อร่อย ราคาถูกมากก ซื้อตอนลดราคา แพ็คสินค้ามาดีไม่เสียหายเลย ไว้จะกลับมาอุดหนุนอีกแน่นอนค่ะ|fake
สินค้าคุณภาพดีมากสินค้าคุณภาพดีๆส่งของไหว้ส่งของครบตามจํานวนสินค้าดีมีคุณภาพสินค้าอร่อย|fake
สินค้าคุณภาพดีมากสินค้าคุณภาพดีมากร้านดีดีส่งของไหว้ส่งของครบตามจํานวนสินค้าอร่อยหอมดี|fake
สินค้าคุณภาพดีมากสินค้าคุณภาพดีมากร้านนี้ดีส่งของว่างหรือส่งของครบตามจํานวนสินค้าดีมีคุณภาพ|fake
สินค้าคุณภาพดีมากสินค้าคุณภาพดีมากร้านนี้ที่ส่งของไหว้ส่งของครบตามจํานวนสินค้าดีมีคุณภาพ|fake
สินค้าคุณภาพดีมากสินค้าคุณภาพดีมากและดีส่งของไวส่งของครบตามจํานวนสินค้าดีมีคุณภาพ|fake
สินค้าคุณภาพดีมากสินค้าคุณภาพดีมากวันนี้ดีส่งของวันส่งของครบตามจํานวนสินค้าดีมีคุณภาพ|fake
สินค้าคุณภาพดีมากสินค้าคุณภาพดีมากสินค้าอร่อยร้านนี้ดีส่งของวันส่งของครบตามจํานวนสินค้าดีมีคุณภาพ|fake
สินค้าคุณภาพดีมากสินค้าดีสะอาดแพ็คมาเป็นอย่างดีร้านนี้ดีส่งของไวส่งของครบตามจํานวน|fake
สินค้าคุณภาพดีมากสินค้าอร่อยกรอบหอมกําลังดีอะไรอร่อยดีสินค้าดีมีคุณภาพ รสชาติ:รสชาติดีอร่อย|fake
สินค้าดีมากสินค้าตรงปกสินค้าราคาไม่แพงคุ้มค่าคุ้มราคาสินค้าถูกใจมากๆผู้ขายให้บริการที่ดีจัดส่งด้วยรวดเร็วมากๆ|fake
สินค้าดีมากสินค้าตรงปกสินค้าราคาไม่แพงคุ้มค่าคุ้มราคาสินค้าถูกใจมากๆผู้ขายให้บริการที่ดีจัดส่งด้วยรวดเร็วมากๆVariation3:ตุ๊บตั๊บ 1 แพ็ค D1|fake
สินค้าดีมากสินค้าตรงปกสินค้าราคาไม่แพงคุ้มค่าคุ้มราคาสินค้าถูกใจมากๆผู้ขายให้บริการที่ดีจัดส่งได้รวดเร็วมากๆ|fake
สินค้าดีมากสินค้าตรงปกสินค้าราคาไม่แพงคุ้มค่าคุ้มราคาสินค้าถูกใจมากๆผู้ขายให้บริการที่ดีจัดส่งได้รวดเร็วมากๆผู้ขายให้บริการที่ดีจัดส่งได้รวดเร็วมากๆ|fake
สินค้าดีมากสินค้าตรงปกสินค้าราคาไม่แพงคุ้มค่าคุ้มราคาสินค้าถูกใจมากๆผู้ขายให้บริการที่ดีจัดส่งรถได้รวดเร็วมากๆ|fake
สินค้าตรงปกร้านแพ็คของมาเรียบร้อย ราคาถูกกว่าซื้อด้านนอก ลาซาด้าสนับสนุนค่าจัดส่งฟรี ใช้คูปองเป็นส่วนลด|fake
เหมาะสําหรับให้เป็นของขวัญหรือว่างๆ, อร่อยและกรอบมาก, เหมาะสําหรับให้เป็นของขวัญหรือว่างๆ,|fake
อร่อนดีมากๆๆๆๆๆๆๆๆๆๆๆๆๆๆๆๆๆๆๆๆๆๆๆๆๆๆๆสินค้าราคาถูกที่สุดๆๆๆๆๆๆๆๆๆๆๆๆๆๆๆๆๆๆๆๆๆๆๆๆๆๆ|fake
อร่อย กินเพลิน อร่อย กินเพลิน อร่อย กินเพลิน อร่อย กินเพลินอร่อย กินเพลิน อร่อย กินเพลิน อร่อย กินเพลิน|fake
อร่อยดีๆๆๆๆๆๆๆๆๆๆๆๆๆๆๆๆๆๆๆๆๆๆๆๆๆราคาถูกมากๆๆๆๆๆๆๆๆๆๆๆๆๆๆๆๆๆๆๆๆๆๆๆๆๆๆๆส่งฟรีๆๆๆๆๆๆๆๆๆๆๆๆๆๆ|fake
อร่อยดีครับ สะดวกและเคลื่อนย้ายได้ง่าย, ทําให้ติดใจและอร่อยอร่อย, ขนมว่างที่เหมาะสําหรับทุกโอกาส,|fake
อร่อยดีชอบมาก แนะนําซื้อเลยครับ|fake
อร่อยดีชอบมาก แนะนําซื้อเลยครับ|fake
อร่อยดีมากๆๆๆๆๆๆๆๆๆๆๆๆๆๆๆๆๆๆๆๆๆๆๆๆๆๆๆๆๆๆๆๆละลายในปากเลยๆๆๆๆๆๆๆๆๆๆๆๆๆๆๆๆๆๆๆๆๆๆๆๆๆๆๆๆ|fake
อร่อยมากๆๆๆๆๆๆๆๆๆๆๆๆๆๆๆๆๆๆๆๆๆๆๆๆๆๆๆๆๆๆๆๆๆๆส่งให้ฟรีด้วยๆๆๆๆๆๆๆๆๆๆๆๆๆๆๆ|fake
อร่อยมาก๐๐๐๐๐๐๐๐๐๐๐๐๐๐๐๐๐๐๐๐๐๐๐๐๐๐๐๐๐ราคาถูกมากๆเลยๆๆๆๆๆๆๆๆๆๆๆๆๆๆๆๆๆๆๆๆๆๆๆๆส่งฟรีด้วย|fake
อร่อยและกรอบมาก, คุ้มค่ากับราคา, ขนมว่างที่เหมาะสําหรับทุกโอกาส, รสชาติและเนื้อสัมผัสอร่อยมาก, อายุการเก็บรักษานาน สามารถรับประทานได้หลายเดือน,|fake
อร่อยและกรอบมาก, รสชาติแบบไทยแท้, รสชาติและเนื้อสัมผัสอร่อยมาก, อายุการเก็บรักษานาน สามารถรับประทานได้หลายเดือน,|fake
อายุการเก็บรักษานาน สามารถรับประทานได้หลายเดือน, รสชาติและเนื้อสัมผัสอร่อยมาก, อายุการเก็บรักษานาน สามารถรับประทานได้หลายเดือน, ทําจากส่วนผสมคุณภาพสูง,|fake
