555 อ่านไม่ดีเอง ได้มาแต่ชุด ตัวลาบูบู้ไม่มีนะคะ ดูแต่รูป เฮ้อออ|fake
กสรจัดส่งไม่ข้าเกินไป ส่งมาจากต่างประเทศ สินค้าตรงตามาี่สั่ง น่ารักดีราคาไม่แพง|fake
การจัดจากต่างประเทศแต่ส่งรวดเร็ว ร้านบริการดี สินค้าตรงปกน่ารักมากๆ ขอบคุณค้าาาาาาา|fake
ฃุดคุ้มราคา ใช้เวลาส่งนิดหน่อย|fake
คืออยากบอกว่าสั่งอีกชุดแต่ได้อีกชุดอะคะถือมันรู้สึกเฟลแบบเราอยากได้น้องไดโนเสาร์แต่ได้ตัวนี้|fake
คุณลูกค้าที่เคารพ ทางเราเสียใจที่ได้รับรีวิวที่ไม่ดีจากคุณค่ะ เพื่อแก้ปัญหาที่คุณพบ ทางเราจึงได้ติดต่อคุณและคุณสามารถติดต่อกับฝ่ายบริการลูกค้าได้ในทันทีนะคะ ทางเราจะให้เหตุผลที่น่าพอใจแก่คุณอย่างแน่นอนค่ะ|fake
งานดี ตรงปก|fake
งานดีตรงปก ชุดน่ารักมาก งานตัดเย็บโอเค สมราคา ปลายหางตุ๊กตามีประกอบไม่เรียบร้อยนิดหน่อยพอรับได้|fake
จัดส่งไวมาก เราเข้าใจผิดว่า ได้ทั้งตัวตุ๊กตาด้วยเสียใจที่อ่านไม่เข้าใจ มันคือชุด ของน้องตุ๊กตา ลาบูบู้|fake
ชอบมากราคาไม่แพง รอของนานหน่อย คุณภาพดี สั่งครั้งที่สองแล้ว ดีมากเลย ใส่ได้พอดีเลย ดีดี|fake
ชุดคุณภาพดี แต่ต้องตัดช่องใส่หู ให้น้อง เองนะคะ ร้านเย็บชุดติดหมดเลยไม่มีช่อง ใส่หู ใส่แขน ใส่เท้า ให้น้องนะคะ ใส่แน่นมากคะ ถ้าคนกลัวน้องอึดอัด ควรสั่งชุดแบบชิ้นนะคะ|fake
ชุดฉลามน้อยน่ารักไว้สวมใส่ตุ๊กตาลาบูบู้ สีฟ้าอ่อน หมวกฉลามน้อยน่ารัก แววตาไม่ดุ มีแก้มสีชมพูด้วย|fake
ชุดฉลามน่ารักมากกกกก ใส่แล้วเป็นบู้พุงอ้วนนนนน พุงกลมมากกกกก ชุดพอดีเป๊ะเลยคะ|fake
ชุดน่สรักมากพอดีกับบู้สุดๆ รอไม่นานมาก รับได้|fake
ชุดน้องลาบู้ราคาถูก ส่งจากต่างประเทศอาจจะ จัดส่งนานไปหน่อย สินค้าดี มีคุณภาพ ใส่พอดีตัวน้อง|fake
ชุดน้อนน่ารักมากกก|fake
ชุดน่านัก ใส่ยากนิดหน่อย|fake
ชุดน่ารัก งานดี|fake
ชุดน่ารัก จัดส่งเร็ววววว ชุดน่ารัก จัดส่งเร็ววววว ชุดน่ารัก จัดส่งเร็ววววว ชุดน่ารัก จัดส่งเร็ววววว|fake
ชุดน่ารัก ใส่ยากนิดหน่อย|fake
ชุดน่ารักดี สวยตรงปก เหมาสําหรับคนเล่น Art Toy ลาบูบู้ ขนาดพวงกุญแจ รอของนานมากน่าจะส่งจากจีน|fake
ชุดน่ารักดีค่ะ รอนานไปนิดค่ะ|fake
ชุดน่ารักมาก ส่งไม่นานเกินไป รอได้ ไม่รีบ ราคาไม่แพง มีส่วนลดให้ด้วย สินค้าตรงปกสุดๆ ชอบมาก|fake
ชุดน่ารักมาก ใส่ได้พอดีเลยค่ะ แพ็คสินค้ามาดีเลย การจัดส่งดีค่ะ|fake
ชุดน่ารักมากๆๆๆๆๆๆๆๆๆ พอใส่ให้น้องแล้วคือน่ารักสุดๆๆๆเดี๋ยวรอดูชุดที่เหลือว่าเป็นยังงัย|fake
ชุดน่ารักมากก ยังไม่ได้ลองใส่กับน้อลแต่ดูแล้วน่าจะใส่ได้แหละ แต่รอนานไปเพราะส่งมาจากจีน|fake
ชุดน่ารักมากกก|fake
ชุดน่ารักมากกก ยังไม่ได้ลองใส่กับน้อล ดูแล้วน่าจะใส่ได้ แต่ของรอนานเพราะส่งมาจากจีน|fake
ชุดน่ารักมากกก ยังไม่ได้ลองใส่กับน้อลแต่ดูชุดแล้วคิดว่าน่าจะใส่ได้ ของรอนานเพราะส่งมาจากจีน|fake
ชุดน่ารักมากกกก ตรงปก ร้านนี้ดี ราคาถูกสุดแล้วววววจ้าาาาา ใช้เงลาจัดส่ง6-7 วัน รับได่ค่าาา|fake
ชุดน่ารักมากค่ะแต่ส่งช้าไปหน่อยแต่รวมๆโอเคค่ะ|fake
ชุดนี้น่ารักมากชเสื้อด้านในมีลายดอดตะมุตะมิมาก|fake
ชุดพอดีตัว ใส่ลําบากนิดนึง โดยรวมแล้วดีค่ะ แนะนําร้านนี้ ราคาไม่แพง อาจได้รับช้า รอหน่อยเดี๋ยวก็ได้แล้ว|fake
ชุดมาถึงแล้วใส่เรียบร้อยค่ะสวยมากเลย|fake
ชุดลาบูบู้เป็นกวางเรนเดียร์สีน้ําตาล ผ้านุ่มดี มีเขากวางเรนเดียร์ 2 ข้าง มีตาสีดําและจมูกสีแดง|fake
ชุดใส่ได้พอดี แต่หมวกไม่ได้เจาะรูด้านบนให้เอาหูออกได้มา ต้องเอาคัตเตอร์กรีดเจาะเอง|fake
ชุดใหญ่ไปสําหรับ labubu เลยลองเอาไปใส่ให้ upset duck ใส่ได้พอดี น่ารักมาก|fake
ใช้เวลาไม่นาน ได้ของครบตามที่สั่ง ใส่ได้พอดี น่ารักดีค่ะ ใช้เวลาไม่นาน ได้ของครบตามที่สั่ง ใส่ได้พอดี น่ารักดีค่ะ|fake
ดีค่ะ แต่ชุดคับไปหน่อย รอของไม่นานมากค่ะ ดีมากค่ะ ร้านนี้ราคาถูกที่สุด ที่เจอมาค่ะ ไว้จะสั่งอีกนะคะ โดยรวมถือว่าโอเครค่ะ|fake
ดีมากครับ​ / สินค้าตรงปก​ / คุณภาพดี​ / ส่งสินค้ารวดเร็ว​ / หีบห่อดี​ ครับ.​วันหลังจะเข้ามาสั่งสินค้าอีกครับ|fake
ดูหลวมไปนิด โดนรวมแล้วโอเคร|fake
ได้ชุดน้องมาแล้ว ใส่แล้วน่ารักมากค่ะ งานตรงปก ส่งเร็ว รอไม่นานอย่างที่คิด ชอบมากกกกกกก|fake
ได้แต่ชุด แต่น่ารัก|fake
ได้รังชุดแล้วชุดใส่ได้พอดี แต่หมวกใส่ยากติดหูเจ้าบู้|fake
ได้รับของแล้วค่ะ น่ารักมากกกกกกกกกกก สั่งชุดมาก่อน  ขอคนรอของได้นะคะ ใช้เวลาพอสมควร|fake
ได้รับชุดน้องลาบูบูแล้วน่ารักมากนิ่มหมวกใส่ง่ายแต่กางเกงใส่ยากคิดว่าเล็กไปหน่อยแต่พยายามใส่จนได้|fake
ได้รับสินค้าแล้วค่ะ รอสินค้าประมาณเกือบ 2 อาทิตย์ ชุดน่ารักดีผ้านิ่มมาก แต่ยังไม่ได้ลองใส่|fake
ได้รับสินค้าแล้วค่ะ ระยะเวลาส่งไม่นานมากรอได้ สินค้าไม่ชํารุด แต่พอใส่กับตัวตุ๊กตาแล้วมันแน่นไม่เหมือนในรูปของร้านค้าซักเท่าไหร่ แต่ก็พอได้อยู่ค่ะ|fake
ได้รับสินค้าแล้วค่ะ สั่งซื้อมารอน้อง ปรากฏได้ชุดมาสวยมากแต่ยังไม่ได้รับตัวลาบูบู้เลย ยังส่งมาไม่ถึง ไม่นั้นจะใส่มาอวดค่ะ|fake
ตรงปก น่ารัก ใส่พอดี แต่รอขอนิดนึงคะ แต่สมการรอคอย|fake
ตรงปก ผ้านิ่ม มากค่ะ|fake
ตอนซื้อไม่อ่านให้ดี ว่ามีแค่ชุด|fake
ตอนแรกว่าสั่งเป็นพวงกุญแจ จะมาพร้อมตุกตาแต่ทํามัยมาแต่เสื้อตัวเดียว ราคาต้องหลายร้อย ไม่โอเค เสียไปร้อยได้มาแค่นี้|fake
ทําไมผมได้แต่ชุดมาหรอคับ|fake
น้องน่ารักคะ|fake
น้องน่ารักสุดๆๆๆๆๆ แต่ตัวชุดใส่ยากมากคะ แต่หมวกใส่สลบายเลยน่ารักสุดๆๆๆๆเลยจ้า น่ารักมาก|fake
น้องมาเป็นผึ้งน้อย น่ารักมาก เสียดายใส่หมวกไม่ได้ ติดหู|fake
น้อนน่ารักมากเลยค่าพอใส่ชุดแล้ว|fake
น่ารักมากกกก หมวกพอดีน่ารักและสบาย, ลายพิมพ์สนุกและน่าเล่น, มีลวดลายน่ารักให้เลือกมากมาย, มีสีสันสดใสให้เลือก, ผ้าคุณภาพดีมาก, เพิ่มเติมที่ยอดเยี่ยมในการสะสมตุ๊กตา,|fake
น่ารักมากกกกกกก ตรงปก ส่งช้าเพราะมาจากต่างประเทศแต่ก้โอเค ของน่ารักช บมาก อยากสั่งอีกเลย|fake
น่ารักมากค่ะ ใส่ได้พอดีเลย|fake
น่ารักมากจ้าา ฟิตสุดดด 5555 ใส่แล้วตะมุนะมิมากเลย ชอบๆ งับ ราคาดีค่ะ|fake
น่ารักมากมาย นิ่มมากด้วย สีสวย ใส่ได้พอดีเลย ดีเทลการตัดเย็บค่อนข้างดี ร้านจัดส่งตามกําหนด|fake
น่ารักมากแแบใส่ยากแต่ไม่ใช่ปันหาชอบนะแต่เหลืออีกชุดยังไม่มาส่งรออยู่สีน้ําตาลรีบมานะคะ|fake
น่าร้ากกกก ใส่ยากนิดนึง แต่ว่า cute มากกกก เหมาะสมกับราคาค่ะ ยิ่งใส่กับน้อนบู้สี sea salt คือเข้ากันฝุดๆ|fake
นิ่มค่ะสวย|fake
แพ๊คสินค้าดี ส่งสินค้ารวดเร็ว วัสดุที่ใช้ทําดีมาก แนะนําร้านนี้ สวยเลย รอสินค้าไม่นาน|fake
มันคือชุด คือ เอามาใส่กุ้งกิ้ง พอดีเลย|fake
มันคือชุดครับแล้วลง รูป ไอ้เราก็นึกว่าได้ตุ๊กตาด้วยที่ไหนได้หลอกทั้งนั้นส่วนตัวชอบสั่งใน tik tok เพราะของตรงปกไม่เหมือนในแอปนี้ส่วนมากไม่เคยตรงปกเลย|fake
มีความรวดเร็วในการจัดส่งดีมาก ราคาก็พอประมาณ สีสันสวยงามดีค่ะ สั่งไว้ทําร่วมงานบวชกับคนอื่นค่ะ|fake
ไม่ตรงปกแย่มาก|fake
ยังไม่ได้ตุ๊กตาเลยค่ะ เดี๋ยวถ้าได้ จาใส่ละมาอัพเดตนะคะ ยังไม่ได้ตุ๊กตาเลยค่ะ เดี๋ยวถ้าได้ จาใส่ละมาอัพเดตนะคะ|fake
รอการจัดส่งนานนิดนึง เนื่องจากสินค้าส่งมาจากต่างประเทศ เหมาะสําหรับคนรักตุ๊กตา มีสีสันสดใสให้เลือก ชุดน่ารักมากค่ะ|fake
รอนาน แต่ชุดน้องน่ารัก แต่ไม่กล้าใส่หมวก สงสารหูน้อง นะค่ะ|fake
รอนานไปหน่อยค่ะผ้าคุณภาพดีมาก, ชุดเดรสน่ารักมาก, มีสีสันสดใสให้เลือก, เหมาะสําหรับคนรักตุ๊กตา, ลายพิมพ์สนุกและน่าเล่น,|fake
รอนานหน่อย แต่น่ารักคะ|fake
รอสินค้าไม่นาน ได้รับเร็วกว่าที่ระบุไว้ น้องลาบูบู้มาการองใส่แล้วหลวมนิดหน่อย แต่ไม่มากค่ะ มีสายสะพายยาวให้มาด้วย|fake
ร้านค้าจัดส่งสินค้าไวมากก พึ่งกดสั่งไปเมื่อวาน วันนี้ได้รับของแล้ว ขนส่งส่งสินค้าไวมากก ประทับใจมากๆเลยค่ะ|fake
ร้านค้าพักร้อนถึง May 24, 2024 สินค้าอาจเกิดความล่าช้า|fake
เรียนคุณลูกค้าที่เคารพ ทางเราดีใจเป็นอย่างยิ่งที่คุณชอบผลิตภัณฑ์ของเรานะคะ รีวิวดีๆ ของคุณคือการสนับสนุนที่ยิ่งใหญ่ที่สุดสําหรับเรา ขอให้มีความสุขนะคะ|fake
ลาบูบู้กลายร่างเป็นน้องกวางเรนเดียร์ได้น่ารักสุด ๆ ชุดใส่ได้พอดี คุณภาพดี นิ่ม และได้รับสินค้าเร็วกว่ากําหนด|fake
ส่งช้าแต่ของตรงปกน่ารักมากค่ะ|fake
ส่งไว ตอนแรกนึกว่าจะนาน แต่รอของไม่นาน ของตรงตามที่สั่ง ชุดน่ารัก ไว้จะอุดหนุนใหม่อีกสองสามชุด|fake
สวัสดีค่ะ ขอบคุณมากสําหรับความรักและการยอมรับในตัวทางเราค่ะ ความพึงพอใจของคุณคือสิ่งตอบแทนที่ยิ่งใหญ่ที่สุดสําหรับเราค่ะ ทางร้านจะทําให้ดีที่สุด รอคอยการกลับมาอีกครั้งของคุณนะคะ|fake
สั่งชุดกวางมาลอง ถึงเร็วกว่าวันตามที่กําหนด ลาบูบู้มาการองใส่ได้พอดีเป๊ะ ชุดน่ารักมาก,|fake
สั่งไดโนเสาได้สโนวแมน|fake
สั่งไปไม่นาน สินค้าได้รับไว ถูกต้อง ครบถ้วน ไม่ได้รับความเสียหาย ร้านค้าบริการดี สินค้ามี มีลวดลายน่ารักให้เลือกมากมาย,|fake
สินค้า ตรงปก ใช้เวลาส่งมา 10 วันค่อนข้างนานแต่กูก็รับได้ก็สวยน่ารักดี แต่ยังไม่มีตุ๊กตาเลย|fake
สินค้าขนส่งมาจากประเทศจีน ใช้เวลาไม่นาน สินค้าถูกต้องตามที่สั่ง ของจริงน่ารักมาก คุณภาพเหมาะสมกับราคาสินค้า|fake
สินค้าคุณภาพดีมาก น่ารักมากๆ เลย จัดส่งรวดเร็วมาก ตอนแรกเข้าใจว่าส่งจากจีน เหมาะสําหรับคนรักตุ๊กตา,|fake
สินค้าจัดส่งใช้เวลาพอสมควรแพ็คสินค้ามา ไม่ค่อยเรียบร้อยเท่าไหร่ แต่สินค้าอยู่ในสภาพดีใช้งานได้ ได้ส่วนลดในการซื้อ แถมยังมีโปรจัดส่งฟรีดีมากเลยค่ะ|fake
สินค้าตรงปก คุณภาพดี สินค้าตรงปก คุณภาพดี สินค้าตรงปก คุณภาพดี สินค้าตรงปก คุณภาพดี สินค้าตรงปก คุณภาพดี|fake
สินค้าตรงปก แต่ตอนแรกเข้าใจผิดนึกว่าสั่งตัวตุ๊กตาลาบูบู้ แต่เป็นชุด เลยยกเลิกไม่ทัน สั่งครั้งเดียวพอ|fake
สินค้าตรงปก ส่งไว|fake
สินค้าที่ได้รับมีคุณภาพ วัสดุที่ใช้มีคุณภาพ แกะออกมาตรงตามปก งานตัดเย็บเรียบร้อยสวยมาก จัดส่งแพคมาเรียบร้อย ส่งได้รวดเร็ว ชอบมาก คุ้มค่าคุ้มราคามากมาก ทําให้อยากลองซื้อชุดอื่นๆ อ|fake
สินค้าน่ารัก จัดส่งตามที่แจ้ง แต่เร็วกว่ากําหนดด้วยนะ เร็วกว่าที่ร้านแจ้งไว้ 2 วัน แต่เอี๊ยมแอบเล็กเกินใส่ยากเลยไม่ใส่|fake
สินค้าน่ารักมาก แต่ยังไม่ได้ใช้ แค่ลองเพราะถ้าใส่หมวกจะปิดหูน้องกรีนเราเลยยังไม่ใส่ แต่เอี๊ยมน่ารัก|fake
สินค้าราคาถูก คุณภาพดี ตรงปก ตรงแบบ ตรงรุ่น การจัดส่งจากต่างประเทศถือว่าค่อนข้างเร็วพอประมาณ แต่เรื่องราคาถูกกว่าร้านอื่นๆ ไว้จะแวะมาอุดหนุนใหม่นะคะ :|fake
สินค้าวัสดุดี ใส่กับตุ๊กตาได้พอดี|fake
สินค้าส่งช้า แต่คุณภาพดีนะ น้องใส่แล้วน่ารักมากกมายยยย|fake
สินค้าส่งไม่นาน ยังไม่ลองใส่ แต่ก็น่าจะน่ารักดีค่ะ สินค้าส่งไม่นาน ยังไม่ลองใส่ แต่ก็น่าจะน่ารักดีค่ะ|fake
สินค้าสวยงาม สีสันสดใส แต่ได้รับของช้าไปนิด|fake
ใส่กับลาบูบู้ ลําบากหน่อยค่ะ ติดหู ที่หมวกไม่มีรูให้หูโผล่ออกมา เหมือนใส่เป็นผ้าคลุมได้ค่ะ|fake
ใส่แล้วน้องน่ารักขึ้น ล้านเท่า|fake
ใส่แล้วน่ารักกว่าเดิม|fake
ห้ามซื้อเด็ดขาดไม่ตรงปกและโกง สั่งไป 3 ตัว 400 กว่าบาทส่งมาตัวเดียวแย่มาก คืนก็ไม่ได้ อย่าซื้อเด็ดขาด|fake
เหมาะสําหรับคนรักตุ๊กตา,|fake
อันนี้นุ่มนิ่มน่ารักฟุดๆ เป็นกระดุมติดขนนุ่มลื่นสีสวยตรงปก|fake
แอบใหญ่ไปนิดสําหรับลาบูบู้ คิดว่าเหมาะกับเป็ดหน้าบูดมากกว่่ แต่มีสายแถมด้วยดีมากๆๆๆเลยค่ะ|fake
