กระเป๋า สวยมาก มีบัตรรับประกันสินค้าด้วย สีเขียวเหนี่ยวทรัพย์ ถูกใจมากๆๆ สินค้าห่อมาอย่างดี จัดส่งก็รวดเร็ว|fake
กระเป๋าคือสวยมากคะตรงปกหนังนิ่มเงาสวย|fake
กระเป๋าคุณภาพดี มีถุงและบัตรรับประกันให้ด้วย สวยตรงปกถูกใจมากๆ ค่ะ แต่คงไม่ได้อุดหนุนครั้งต่อไปแล้วเพราะระบบการขนส่งของ LEX TH ไม่โอเคเลยค่ะ...เข็ด|fake
กระเป๋าน่ารักดีค่า หนังนิ่ม กล่องใส่ดูดี ช่องใส่ของก็เยอะนะ แพ็คมาหนาแน่นดีค่ะ หวังว่าจะใช้ได้นาน|fake
กระเป๋ามีการตัดเย็บที่มีคุณภาพดีเลยค่ะ ชอบสีนี้ เรียบๆ แต่ดูแพง ช่องใส่การ์ดและธนบัตรก็มีจํานวนเยอะดี ต้องรอดูต่อไปว่าถ้าใช้งานไปสักพักหนังจะหลุดมั้ย แต่โดยภาพรวมถือว่าโอเคมากเลยค่ะในราคาเท่านี้|fake
กระเป๋าส่งไว สวยมากกกก มีบัตรประกันด้วย ชอบมากค่ะ|fake
กระเป๋าสวย คุณภาพดีมาก หนังนิ่มค่ะ ถูกใจสุดๆ|fake
กระเป๋าสวย สีสวย วัสดุดี|fake
กระเป๋าสวยค่ะ หนัง OK ตัดเย็บเรียบร้อย มีถุง กล่องใส่ดูดีค่ะ|fake
กระเป๋าสวยงามหนังนิ่ม ไม่ผิดหวังค่ะสวยมากขอบคุณมากๆนะคะ|fake
กระเป๋าสวยหนังนิ่มแต่สีเข้มจากในรูปไปหน่อย|fake
กระเป๋าสีสวย หนังนิ่มมาก จัดส่งรวดเร็ว แอดมินตอบเร็วมาก|fake
ของจริงสวยมากๆ มีรับประกันสินค้า อย่างดี|fake
ของจริงสีเข้มกว่าในรูปมาก ภายในกว้างขวางพร้อมช่องใส่บัตรหลายช่อง,|fake
ของตรงตามปก ใส่กล่องมาสวยงาม|fake
ของโอเคคะ ส่งช้าไปหน่อย|fake
คุณภาพดี ส่งสินค้าเร็ว ชอบค่ะ|fake
คุณภาพสินค้าดีมาก การตัดเย็บประณีต ดีไซส์เรียบ หรู ดูดี หนังนิ่มมาก ช่องใส่บัตรและใส่เงินด้านในเยอะมาก|fake
งานจริงดีมากค่ะ แพคมาอย่างใส่ใจ และชอบมากค่ะ|fake
จัดส่งเร็วมาก สั่ง 2.2 เที่ยงคืน วันที่ 3 ได้รับของแล้ว สินค้าคุณภาพ มีบริการห่อของขวัญให้ด้วย|fake
จัดส่งไว ได้ของแถมด้วย|fake
จัดส่งไวมากกกก งานสวย ไม่มีตําหนิเลย ห่อมาอย่างดี มีของเเถมให้ด้วย น่ารักมากๆ สีเขียวสวย ถ฿กในมากค่ะ|fake
ชอบคะ ส่งค่อนข้างเร็วนะค่ะ|fake
ชอบค่ะ หนังนิ่ม สีตรงปก ทีกล่องมาให้พร้อม ส่งตรงเวลาที่ระบุไว้|fake
ชอบมากคะ สีสวย ซื้อเป็นของขวัญวันเกิดตัวเอง มีที่ใส่บัตรหลายช่องกระเป๋านิ่มมากพกพาสะดวก|fake
ชอบมากค่าาา ตรงปก เขียวเหนี่ยวทรัพย์|fake
ชอบมากสวยมากกกกกก ถูกใจที่สุดจัดส่งเร็วด้วยจ้า|fake
ชอบสวยนิ่มสมราคาส่งไวมาก|fake
ใช้เป็นใบที่ 2 แล้ว เป็นงานหนังเรียบ สีเขียว มีช่องหลายช่อง ใส่ทั้งบัตร และช่องที่แยกใส่แบงค์ ถูกใจมากค่ะ|fake
ใช้แล้ว ถูกหวย เลยค่ะ ได้หลายๆหมื่นเลนค่ะ สีมงคล ค่ะ เขียวเหนี่ยวทรัพย์|fake
ซื้อ​เป็น​ของขวัญ​ สวย​ ส่งเร็วมาก​ มีของแถมด้วย​ น่ารัก​ ขอบคุณ​ครับ​|fake
ซื้อเป็นใบที่ 2 แล้ว คุณภาพ ดีเยี่ยมเหมือนเดิม ชอบมากกกกกกกกกกกกกกกกกกกก|fake
ซื้อให้ป้า เป็นของขวัญวันเกิด ดูดี สวยงาม|fake
ดีงาม ใส่บัตรได้เยอะมากสีสวย|fake
โดยส่วนตัว ชอบนะคะ คุณภาพเหมาะสมกับราคา ราคาค่อนไปทางถูก ให้ 5 ดาว แทนการอธิบายทุกอย่างได้เลยคะ|fake
ได้รับกระเป๋า แล้วค่ะ จัดส่งรวดเร็วทันใจมากค่ะ กระเป๋าสวยมากค่ะ หนังนิ่มมาก สีออกน้ําตาลค่ะสวยค่ะชอบมากค่ะ|fake
ได้รับของตามกําหนด แพ็คมาอย่างดี สวยและถูกใจแฟนครับ|fake
ได้รับของเร็วกว่าที่คิด​ สีสวยตรงปก​ค่ะ|fake
ได้รับของเรียบร้อยแล้วค่ะ ตรงปก แพ็คเกจดี ห่อมาเรียบร้อย มีถุงใส่มาให้ด้วย สีสวย ถูกใจมากค่ะ|fake
ได้รับของแล้วคะ สีไม่ออกแดงอิฐ ตัวจริงน่าจะสีน้ําตาลมากกว่า|fake
ได้รับแล้ว สวยมากๆชอบมากค่ะ สีก็สวย หนังนิ่มมากๆๆ โอกาศหน้าจะสั่งอีก|fake
ได้รับสินค้าเรียบร้อยแล้ว ส่งเร็วและแพ็คมาดีมากค่ะ มีกระเป๋าแถมมาด้วย 2 ชิ้น คือดีงาม|fake
ได้รับสินค้าแล้ว ถูกใจมากเลยค่ะ|fake
ได้รับสินค้าแล้ว ส่งไว สั่งมา2ใบแล้วค่ะถูกใจใช้ทนมากก|fake
ได้รับสินค้าแล้ว สวยงามมาก วัสดุเป็นหนังแท้ สีสวย มีช่องใส่บัตรหลายช่อง และยังมีช่องใส่เหรียญให้อีก|fake
ได้รับสินค้าแล้วคะทางร้านจัดส่งสินค้าไวมากเลยคะกระเป๋าก็สวยหนังนิ่มสวยถูกใจขนาดกําลังดี|fake
ได้สินค้าเร็วมาก ราคาไม่แพง สวยตรงปก หนังนิ่ม น่าใช้มาก แพคมาดี มีกล่อง ถุงเก็บมาให้ด้วย|fake
ตรงปกไม่จกตา หนังนิ่ม ช่องใส่บัตรเยอะ มีช่องใส่รูป สวยถูกใจมากค่ะ|fake
ถูกใจชอบค่ะสวยงามตามที่ต้องการและยังมีถุงผ้ากับกระเป๋าใส่เหรียญแถมมาให้ด้วยโอกาสหน้าจะสั่งอีกนะค่ะ|fake
ถูกใจในสินค้ามากๆค่ะ ชอบในสินค้า ขนส่งไว|fake
ถูกใจมากค่ะสีสวยหนังดีซื้อ2ใบแล้วค่ะ|fake
ทางร้านค้าส่งสินค้าไวมากค่ะ สั่งวันศุกร์ ได้เช้าวันอาทิตย์ กระเป๋าสีสวย หนังนิ่ม ขนาดกําลังดี|fake
ทางร้านจัดส่งถือว่าเร็ว ราคาโอเค มีของแถมมาให้ด้วย กระเป๋าสวย นิ่ม เคยใช้ยี่ห้อนี้แล้วประทับใจ เลยซื้อมาใช้อีก แนะนําเลย|fake
ทางร้านจัดส่งสินค้าที่สั่งรวดเร็ว แพ็กมาอย่างดี กระเป๋าสีสวย สภาพดูดีมากกก หนังนิ่ม ถูกใจมากๆ ค่ะ|fake
ทางร้านบริการดีมากกกๆๆๆๆๆ เเพ็คสินค้ามาดีด้วยน่ารักมากกๆๆๆ จะกลับมาอุดหนุนอีกแน่นอนน|fake
นึกว่าสีน้ําตาล เอาอะไรมาเบจ|fake
เนื้อดีมากคะตรงปก ถูกใจ|fake
บรรจุของมาดีมากค่ะ กล่องใส่กระเป๋าอย่างดี แถมมีของแถมด้วย ขอบคุณค่ะ|fake
พนักงานขนส่งแจ้งก่อนเข้ามาขนส่งไวสินค้าสีสวยหนังนิ่มค่ะ|fake
เพื่อนชอบค่ะ สวยๆ|fake
แพคเก็จดี ห่อมาอย่างดีสินค้าเรียบหรู สินค้าตรงปกค่ะแนะนํา|fake
แพ็คมาดีมากค่ะ หนังนิ่มจนคิดไปว่า ไม่น่าจะใช่หนังแท้ มันไม่มีความหยาบของหนังเลย|fake
แพคสินค้าดี กระเป๋านิ่ม สั่งครั้งที่2 แล้ว|fake
แพคสินค้ามาดี มีบับเบิ้ลมาด้วย หนังนิ่ม หลายช่อง ขนาดกําลังดี สีสวย|fake
แพคสินค้ามาดี หนังนุ่มและจุมาก|fake
รอสินค้าไม่นาน กระเป๋าสวยถูกใจค่ะ|fake
รับแล้วจ้ะตรงตามแบบดีจ้ะ|fake
ราคาดี สวยงาม ดีมากๆ|fake
ร้านค้าจัดส่งสินค้าเรียบร้อยนะคะจัดส่งสินค้าเร็วกล่องบรรจุภัณฑ์สวยงามมากหรอกที่จะเอามาเป็นของขวัญจริงๆถูกใจไว้จะมาซื้อเพิ่มนะคะ|fake
ร้านจัดส่งของไวมาก สินค้าตรงตามปกตรงตามที่สั่งแพ็คของมาอย่างดี กระเป๋าสวยหนังนิ่มมากค่ะ|fake
รูปทรง การออกแบบสวย หนังนิ่มดีเป็นหนังแท้ แต่จุของได้น้อยขนาดใส่บัตรไม่กี่ใบไม่ตอบโจทย์|fake
ส่งเร็ว กล่องบุบเล็กน้อย กระเป๋าไม่เสียหาย หนังนิ่ม ตัดเย็บดี ราคาไม่แพง คุณภาพสินค้าดีมาก|fake
ส่งเร็วมากกกๆๆๆๆ สวย ตรงปก หนังนิ่มมาก ถูกใจมากเลยค่ะ|fake
ส่งสินสินค้าเร็วดีค่ะแต่กล่องที่บรรจุมาไม่ค่อยแน่นหนาเท่าไหร่สินค้าข้างในดูโอเคสีตรงปกสวยดีแต่ไม่มีใบรับประกันมาให้ค่ะ|fake
สวนมากๆๆๆเลยค่ะ ของส่งมากไวมาก จอบคุณค่ะ|fake
สวย ดูดี น่าใช้ ขนส่งได้รวดเร็วมาก สมราคา เดี๋ยวสั่งซื้ออีกใบ มีของแถมให้ด้วยสวยชอบมาด|fake
สั่งไปให้พี่สาวเป็นของขวัญ พี่สาวบอกสวยมากและถูกใจสุดๆ ไว้โอกาศหน้าจะสั่งแบบอื่นใหม่ค่ะ|fake
สั่งมา2 ใบแล้ว กระเป๋าสีสวยถูกใจมาก การเย็บดีเรียบร้อย หนังนิ่ม ร้านส่งสินค้าไวมาก|fake
สินค้าคุณภาพจัดส่งสินค้ารวดเร็วมากๆครับ แอดมินตอบแชทรวดเร็วมากครับขอให้เขียนการ์ดกับห่อกล่องของขวัญก็ทําให้ขอบคุณมากครับ|fake
สินค้าคุณภาพดี หนังนิ่มดี ช่องใส่บัตรเยอะจุใจ สวยมาก ส่งไวมีของแถม แต่เสียดายกดไม่ทันของแถมพวงกุญแจ|fake
สินค้าคุณภาพดีมากก สีสวยตรงปก หนังนิ่มมาก การบริการจากร้านค้าและขนส่งดี ลืมขอใบกํากับภาษีแต่ไม่มีช่องทางติดต่อร้านค้าโดยตรง|fake
สินค้าจัดส่งไว กระเป๋าหนังนิ่มมากยังไม่ได้ลองใช้แล้วจะมาอุดหนุนใหม่นะคะ|fake
สินค้าดีมากครับ แม่ค้าใจดี เหมาะกับการซื้อเป็นของขวัญให้แฟน|fake
สินค้าตรงปก ใช้งานดีมากคุณภาพดี ราคาไม่แพงขนาดพอดีมีกระเป๋าใส่เหรียญแถมให้และกระเป๋าเล็กกันน้ําแถมอึกใบ คุ้มมากๆ|fake
สินค้าแพคมาดี มีอุปกรณ์ครบ มีกล่อง มีถุงผ้า เริ่ดๆๆ ราคาไม่แพง กระเป๋าน่ารักมาก ขนาดกําลังพอดี|fake
สินค้าแพ็คมาอย่างดี​ จัดส่งรวดเร็ว​ สินค้าสวยงาม​สั่ง2ใบแล้วค่ะ|fake
สินค้าสวยตรงปก แพคกิ้งดีมาก แต่ของถึงช้ามากกกกกก|fake
สินค้าสวยมาก ราคาดี ราคาก็คุ้มค่า|fake
สินค้าสีสวยตรงปกแต่ขนส่งช้านิดหน่อยค่ะ|fake
สีสวย ถูกใจมาก ชอบมากๆค่ะ|fake
สีสวย หนังนิ่ม ขนาดพอเหมาะพอดี มีที่ใส่บัตรเยอะ มีช่องใส่ธนบัตรแยกสองช่อง มีกล่องและถุงผ้าแถมมาให้ด้วย ดูหรูหรา เหมาะที่จะให้เป็นของขวัญ|fake
สีสวย ูถูกใจ หนังคุณภาพดี ช่องใส่ของเยอะมาก|fake
สีสวยค่ะ แพคเกจดีมาก ตั้งใจซื้อสีเดียวกับแฟน พอเห็นใบนร้เปบี่ยนใจเลยค่ะ ถูกใจมากๆค่ะ|fake
สีสวยดี น่าใช้ ขนส่งมาไวมาก ได้ของแถมมาด้วย|fake
สีสวยหนังนิ่มมาก มีของแถมมาให้ด้วย|fake
หนังดีสีสวยขนาดกําลังดีค่ะ|fake
หนังนิ่ม สวย ถูกใจค่ะ|fake
หนังนิ่มดี พร้อมมีการ์ดรับแระกันมาด้วย ราคาดีมากแต่ใช้เวลานานไปหน่อยกว่าจะจัดส่ง|fake
โอเคดีนะ หนังนิ่มสวยดี แต่สีอ่อนกว่าในรูปที่ลงขายไปนิดนึง คิดว่าจะออกฟ้ากว่านี้ ของจริงเหมือนอมเขียวมากกว่าฟ้า|fake
