‡πÅ‡∏û‡πá‡∏Ñ‡∏î‡∏µ‡∏°‡∏≤‡∏Å‡∏ï‡∏É‡∏õ‡∏Å‡πÅ‡∏ï‡πà‡∏ï‡πâ‡∏≠‡∏á‡∏•‡∏¥‡∏á‡∏Å‡∏¥‡∏ô‡∏Å‡πà‡∏≠‡∏ô‡∏ß‡πà‡∏≤‡∏£‡∏™‡∏ä‡∏≤‡∏ï‡∏¥‡∏î‡∏µ‡πÑ‡∏´‡∏°‡∏™‡πà‡∏á‡πÑ‡∏ß‡∏ñ‡∏π‡∏Å‡∏à‡∏¥‡∏á‡∏´‡πâ‡∏≤‡∏î‡∏≤‡∏ß‡∏Ñ‡πà‡∏∞|fake
‡πÑ‡∏î‡πâ‡∏£‡∏±‡∏ö‡∏™‡∏¥‡∏ô‡∏Ñ‡πâ‡∏≤‡πÄ‡∏£‡∏µ‡∏¢‡∏ö‡∏£‡πâ‡∏≠‡∏¢‡∏Ñ‡πà‡∏∞‡∏≠‡∏£‡πà‡∏≠‡∏¢‡πÄ‡∏´‡∏°‡∏∑‡∏≠‡∏ô‡πÄ‡∏î‡∏¥‡∏°|fake
‡∏£‡∏≠‡∏Ç‡∏≠‡∏á‡∏õ‡∏£‡∏∞‡∏°‡∏≤‡∏ì2-3‡∏ß‡∏±‡∏ô‡∏£‡∏™‡∏ä‡∏≤‡∏ï‡∏¥‡∏≠‡∏£‡πà‡∏≠‡∏¢‡∏î‡∏µ‡πÄ‡∏õ‡∏¥‡∏î‡∏Å‡∏£‡∏∞‡∏õ‡πã‡∏≠‡∏á‡∏Å‡∏¥‡∏ô‡πÅ‡∏õ‡πä‡∏ö‡πÄ‡∏î‡∏µ‡∏¢‡∏ß‡∏Å‡∏¥‡∏ô‡πÑ‡∏°‡πà‡∏´‡∏¢‡∏∏‡∏î‡πÄ‡∏•‡∏¢‡∏Ç‡∏ô‡∏™‡πà‡∏á‡∏Å‡πá‡∏ö‡∏£‡∏¥‡∏Å‡∏≤‡∏£‡∏î‡∏µ‡∏õ‡∏£‡∏∞‡∏ó‡∏±‡∏ö‡πÉ‡∏à‡∏à‡πâ‡∏≤|fake
‡∏î‡∏µ‡∏°‡∏≤‡∏Å‡∏î‡∏µ‡∏°‡∏≤‡∏Å‡∏Å‡∏Å‡∏Å‡∏Å‡∏Å‡∏Å‡∏Å‡∏Å‡∏Å‡∏Å‡∏Å‡∏Å ‡∏à‡∏±‡∏î‡∏™‡πà‡∏á‡πÄ‡∏£‡πá‡∏ß‡∏°‡∏≤‡∏Å‡πÄ‡∏•‡∏¢  ‡∏≠‡∏£‡πà‡∏≠‡∏¢‡∏°‡∏≤‡∏Å‡∏Å‡∏¥‡∏ô‡πÄ‡∏û‡∏•‡∏¥‡∏ô‡∏î‡∏µ‡∏î‡πâ‡∏ß‡∏¢‡∏à‡πâ‡∏≤ ‡πÑ‡∏ß‡πâ‡∏≠‡∏∏‡∏î‡∏´‡∏ô‡∏∏‡∏ô‡πÉ‡∏´‡∏°‡πà‡∏ô‡∏∞‡∏Ñ‡πà‡∏∞‡∏ß‡πà‡∏≤‡∏à‡∏∞‡∏£‡∏µ‡∏ß‡∏¥‡∏ß‡∏Å‡πà‡∏≠‡∏ô‡∏Å‡∏¥‡∏ô‡∏Å‡∏¥‡∏ô‡πÑ‡∏õ‡∏Å‡∏¥‡∏ô‡∏°‡∏≤‡∏´‡∏°‡∏î‡πÅ‡∏•‡πâ‡∏ß|fake
‡∏ã‡∏∑‡πâ‡∏≠‡πÄ‡∏õ‡πá‡∏ô‡∏Ñ‡∏£‡∏±‡πâ‡∏á‡∏ó‡∏µ‡πà‡∏™‡∏≠‡∏á ‡∏≠‡∏£‡πà‡∏≠‡∏¢‡∏°‡∏≤‡∏Å ‡πÑ‡∏°‡πà‡πÄ‡∏ú‡πá‡∏î‡πÄ‡∏ó‡πà‡∏≤‡πÑ‡∏£ ‡∏Å‡∏¥‡∏ô‡∏Å‡∏±‡∏ö‡∏Ç‡πâ‡∏≤‡∏ß‡∏™‡∏ß‡∏¢‡∏£‡πâ‡∏≠‡∏ô‡πÜ ‡∏≠‡∏£‡πà‡∏≠‡∏¢‡∏≠‡∏¢‡πà‡∏≤‡∏ö‡∏≠‡∏Å‡πÉ‡∏Ñ‡∏£ ‡πÑ‡∏ß‡πâ‡∏≠‡∏∏‡∏î‡∏´‡∏ô‡∏∏‡∏ô‡πÉ‡∏´‡∏°‡πà|fake
‡∏£‡∏™‡∏ä‡∏≤‡∏ï‡∏¥:‡∏Å‡∏£‡∏≠‡∏ö‡∏≠‡∏£‡πà‡∏≠‡∏¢‡∏°‡∏≤‡∏Å‡∏Ñ‡πà‡∏∞‡∏£‡∏≠‡∏ö‡∏ó‡∏µ‡πà‡πÅ‡∏•‡πâ‡∏ß‡∏Å‡πá‡∏™‡∏±‡πà‡∏á‡∏°‡∏≤‡πÅ‡∏•‡πâ‡∏ß 2 ‡∏Å‡∏£‡∏∞‡∏õ‡∏∏‡∏Å‡πÄ‡∏ú‡πá‡∏î‡∏Å‡∏•‡∏≤‡∏á‡∏Ñ‡πà‡∏∞‡∏£‡∏≤‡∏Ñ‡∏≤‡∏ñ‡∏π‡∏Å‡∏°‡∏≤‡∏Å‡∏Ñ‡πà‡∏∞‡πÅ‡∏°‡πà‡∏Å‡πá‡∏ä‡∏≠‡∏ö‡∏Ñ‡∏∏‡∏ì‡∏¢‡∏≤‡∏¢‡∏Å‡πá‡∏ä‡∏≠‡∏ö‡∏Ñ‡πà‡∏∞‡∏£‡∏™:‡∏£‡∏™‡∏î‡∏±‡πâ‡∏á‡πÄ‡∏î‡∏¥‡∏° ‡πÄ‡∏ú‡πá‡∏î‡∏Å‡∏•‡∏≤‡∏á0|fake
‡∏Ñ‡∏∏‡∏ì‡∏Ñ‡πà‡∏≤‡∏Ç‡∏≠‡∏á‡πÄ‡∏á‡∏¥‡∏ô:‡∏¢‡∏±‡∏á‡πÑ‡∏°‡πà‡πÑ‡∏î‡πâ‡∏•‡∏¥‡∏á‡∏ó‡∏≤‡∏ô‡∏Ñ‡πà‡∏∞ ‡πÅ‡∏ï‡πà‡∏£‡∏≤‡∏Ñ‡∏≤‡πÑ‡∏°‡πÅ‡∏£‡∏á ‡πÇ‡∏î‡∏¢‡∏£‡∏ß‡∏°‡∏ä‡∏≠‡∏ö‡∏ô‡∏∞‡∏Ñ‡∏∞ ‡∏Ñ‡∏∏‡∏ì‡∏Ñ‡πà‡∏≤‡∏Ç‡∏≠‡∏á‡πÄ‡∏á‡∏¥‡∏ô:‡∏¢‡∏±‡∏á‡πÑ‡∏°‡πà‡πÑ‡∏î‡πâ‡∏•‡∏¥‡∏á‡∏ó‡∏≤‡∏ô‡∏Ñ‡πà‡∏∞ ‡πÅ‡∏ï‡πà‡∏£‡∏≤‡∏Ñ‡∏≤‡πÑ‡∏°‡πÅ‡∏£‡∏á ‡πÇ‡∏î‡∏¢‡∏£‡∏ß‡∏°‡∏ä‡∏≠‡∏ö‡∏ô‡∏∞‡∏Ñ‡∏∞ ‡∏Ñ‡∏∏‡∏ì‡∏Ñ‡πà‡∏≤‡∏Ç‡∏≠‡∏á‡πÄ‡∏á‡∏¥‡∏ô:‡∏¢‡∏±‡∏á‡πÑ‡∏°‡πà‡πÑ‡∏î‡πâ‡∏•‡∏¥‡∏á‡∏ó‡∏≤‡∏ô‡∏Ñ‡πà‡∏∞ ‡πÅ‡∏ï‡πà‡∏£‡∏≤‡∏Ñ‡∏≤‡πÑ‡∏°‡πÅ‡∏£‡∏á ‡πÇ‡∏î‡∏¢‡∏£‡∏ß‡∏°‡∏ä‡∏≠‡∏ö‡∏ô‡∏∞‡∏Ñ‡∏∞|fake
‡∏Ñ‡∏∏‡∏ì‡∏Ñ‡πà‡∏≤‡∏Ç‡∏≠‡∏á‡πÄ‡∏á‡∏¥‡∏ô:‡∏Ñ‡∏∏‡πâ‡∏°‡∏°‡∏°‡∏°‡∏Ñ‡πà‡∏≤ ‡∏≠‡∏£‡πà‡∏≠‡∏¢‡∏ô‡∏∞ ‡πÅ‡∏ï‡πà‡πÑ‡∏°‡πà‡∏™‡πà‡∏á‡πÑ‡∏ß‡∏ß‡∏ß‡∏ß ‡πÅ‡∏ï‡πà‡∏Ñ‡∏∏‡πâ‡∏°‡∏à‡πâ‡∏≤‡∏≤‡∏≤ ‡∏≠‡∏¥‡∏≠‡∏¥ ‡∏£‡∏™‡∏ä‡∏≤‡∏ï‡∏¥:‡∏î‡∏µ‡∏Ñ‡πà‡∏∞ ‡∏ô‡πà‡∏≤‡∏´‡∏°‡πà‡πç‡∏≤‡∏ó‡∏µ‡πà‡∏™‡∏∏‡∏î‡∏î‡∏î‡∏î‡∏î‡∏î‡∏î‡∏î‡∏î‡∏î‡∏î ‡πÅ‡∏Å‡∏õ‡πÜ‡πÜ‡πÜ ‡∏î‡∏µ|fake
‡∏™‡∏¥‡∏ô‡∏Ñ‡πâ‡∏≤‡∏≠‡∏£‡πà‡∏≠‡∏¢ ‡∏£‡∏≤‡∏Ñ‡∏≤‡∏ñ‡∏π‡∏Å‡πÉ‡∏à‡∏Ñ‡∏£‡∏±‡∏ö ‡∏Ñ‡∏∏‡∏ì‡∏†‡∏≤‡∏û‡∏î‡∏µ‡∏™‡∏°‡∏£‡∏≤‡∏Ñ‡∏≤ ‡πÅ‡∏û‡∏Ñ‡∏°‡∏≤‡∏î‡∏µ‡πÑ‡∏î‡πâ‡∏Ñ‡∏£‡∏ö‡∏ï‡∏£‡∏á‡∏ï‡∏≤‡∏°‡∏™‡∏±‡πà‡∏á ‡πÉ‡∏´‡∏°‡πà ‡∏≠‡∏£‡πà‡∏≠‡∏¢ ‡πÑ‡∏°‡πà‡∏´‡∏∑‡∏ô‡∏Ñ‡∏£‡∏±‡∏ö|fake
‡∏ô‡πâ‡πç‡∏≤‡∏û‡∏£‡∏¥‡∏Å‡∏´‡∏°‡∏π‡∏Å‡∏£‡∏∞‡∏à‡∏Å ‡∏≠‡∏£‡πà‡∏≠‡∏¢‡∏î‡∏µ‡∏Ñ‡πà‡∏∞ ‡∏£‡πâ‡∏≤‡∏ô‡∏™‡πà‡∏á‡πÑ‡∏ß‡∏î‡∏µ ‡∏Ç‡∏≠‡∏á‡πÉ‡∏´‡∏°‡πà‡πÑ‡∏°‡πà‡πÄ‡∏´‡∏°‡πá‡∏ô‡∏´‡∏∑‡∏ô ‡∏ó‡∏≤‡∏ô‡πÅ‡∏õ‡∏õ‡πÄ‡∏î‡∏µ‡∏¢‡∏ß‡∏´‡∏°‡∏î‡∏Å‡∏£‡∏∞‡∏õ‡∏∏‡∏Å ‡∏£‡∏™‡πÄ‡∏ú‡πá‡∏î‡∏ô‡πâ‡πÅ‡∏¢‡πÅ‡∏•‡πâ‡∏ß‡∏¢‡∏±‡∏á‡πÅ‡∏≠‡∏ö‡πÄ‡∏ú‡πá‡∏î‡∏°‡∏≤‡∏Å‡πÄ‡∏•‡∏¢‡∏≠‡∏¢‡∏π‡πà‡πÄ‡∏•‡∏¢|fake
‡∏™‡∏±‡πà‡∏á‡∏ß‡∏±‡∏ô‡∏Å‡πà‡∏≠‡∏ô‡πÑ‡∏î‡πâ‡∏ß‡∏±‡∏ô‡∏ô‡∏µ‡πâ‡∏°‡∏≤‡∏™‡πà‡∏á‡∏õ‡∏∏‡πä‡∏ö‡∏ä‡∏¥‡∏°‡πÄ‡∏•‡∏¢‡∏à‡πâ‡∏≤‡∏£‡∏™‡∏ä‡∏≤‡∏ï‡∏¥‡∏≠‡∏£‡πà‡∏≠‡∏¢‡∏°‡∏≤‡∏Å‡∏´‡∏°‡∏π‡∏Å‡∏£‡∏≠‡∏ö‡πÑ‡∏°‡πà‡πÄ‡∏´‡∏°‡πá‡∏ô‡∏ó‡∏µ‡πà‡∏ã‡∏µ‡∏ô‡∏î‡∏µ‡∏°‡∏≤‡∏Å‡∏•‡∏°‡πÑ‡∏°‡πà‡πÄ‡∏Ç‡πâ‡∏≤‡πÑ‡∏°‡πà‡πÄ‡∏´‡∏ô‡∏µ‡∏¢‡∏ß|fake
‡∏•‡∏≠‡∏á‡∏ä‡∏¥‡∏°‡πÅ‡∏•‡πâ‡∏ß‡∏Ñ‡πà‡∏∞‡∏≠‡∏£‡πà‡∏≠‡∏¢ ‡πÅ‡∏û‡πá‡∏Ñ‡∏Ç‡∏≠‡∏á‡∏°‡∏≤‡∏î‡∏µ‡πÑ‡∏°‡πà‡∏°‡∏µ‡∏≠‡∏∞‡πÑ‡∏£‡πÄ‡∏™‡∏µ‡∏¢‡∏´‡∏≤‡∏¢‡∏Ñ‡πà‡∏∞|fake
‡πÑ‡∏î‡πâ‡∏£‡∏±‡∏ö‡∏™‡∏¥‡∏ô‡∏Ñ‡πâ‡∏≤‡πÅ‡∏û‡πá‡∏Ñ‡∏°‡∏≤‡∏≠‡∏¢‡πà‡∏≤‡∏á‡∏î‡∏µ ‡∏ó‡∏î‡∏™‡∏≠‡∏ö‡∏Ñ‡∏∏‡∏ì‡∏†‡∏≤‡∏û‡∏Ç‡∏≠‡∏á‡∏™‡∏¥‡∏ô‡∏Ñ‡πâ‡∏≤‡πÅ‡∏•‡πâ‡∏ß‡πÉ‡∏ä‡πâ‡πÑ‡∏î‡πâ ‡∏Å‡∏≤‡∏£‡∏à‡∏±‡∏î‡∏™‡πà‡∏á‡∏£‡∏ß‡∏î‡πÄ‡∏£‡πá‡∏ß‡∏î‡∏µ‡∏™‡πà‡∏á‡πÑ‡∏ß ‡∏Å‡∏≤‡∏£‡πÉ‡∏´‡πâ‡∏ö‡∏£‡∏¥‡∏Å‡∏≤‡∏£‡∏ó‡∏≤‡∏á‡∏î‡πâ‡∏≤‡∏ô‡∏Å‡∏≤‡∏£‡∏à‡∏±‡∏î‡∏™‡πà‡∏á‡∏à‡∏≤‡∏Å‡∏ú‡∏π‡πâ‡∏Ç‡∏≤‡∏¢‡πÅ‡∏•‡∏∞‡∏ö‡∏£‡∏¥‡∏©‡∏±‡∏ó‡∏Ç‡∏ô‡∏™‡πà‡∏á ‡πÑ‡∏î‡πâ‡∏£‡∏±‡∏ö‡∏Å‡∏≤‡∏£‡∏ö‡∏£‡∏¥‡∏Å‡∏≤‡∏£‡∏ó‡∏µ‡πà‡∏î‡∏µ ‡πÄ‡∏´‡∏ï‡∏∏‡∏ú‡∏•‡πÉ‡∏ô‡∏Å‡∏≤‡∏£‡∏ã‡∏∑‡πâ‡∏≠‡∏û‡∏¥‡∏à‡∏≤‡∏£‡∏ì‡∏≤‡∏ó‡∏≤‡∏á‡∏î‡πâ‡∏≤‡∏ô‡∏£‡∏≤‡∏Ñ‡∏≤‡πÄ‡∏õ‡πá‡∏ô‡∏™‡πà‡∏ß‡∏ô‡πÉ‡∏´‡∏ç‡πà‡∏ß‡πà‡∏≤‡∏™‡∏¥‡∏ô‡∏Ñ‡πâ‡∏≤‡∏ô‡∏µ‡πâ‡∏£‡∏≤‡∏Ñ‡∏≤‡∏Ñ‡∏ß‡∏£‡∏à‡∏∞‡∏≠‡∏¢‡∏π‡πà‡∏õ‡∏£‡∏∞‡∏°‡∏≤‡∏ì‡πÑ‡∏´‡∏ô ‡πÉ‡∏ä‡πâ‡πÑ‡∏î‡πâ‡∏≠‡∏£‡πà‡∏≠‡∏¢‡∏î‡∏µ ‡∏ó‡∏≤‡∏ô‡πÄ‡∏û‡∏•‡∏¥‡∏ô‡πÜ ‡πÅ‡∏û‡∏•‡πá‡∏¢‡πÄ‡∏î‡∏µ‡∏¢‡∏ß‡∏´‡∏°‡∏î‡πÑ‡∏õ‡∏Ñ‡∏£‡∏∂‡∏á‡∏Å‡∏£‡∏∞‡∏õ‡∏∏‡∏Å ‡πÅ‡∏ï‡πà‡πÄ‡∏ú‡πá‡∏î|fake
‡∏≠‡∏£‡πà‡∏≠‡∏¢‡∏°‡∏≤‡∏Å ‡∏Å‡∏≤‡∏£‡∏Ç‡∏ô‡∏™‡πà‡∏á‡πÄ‡∏£‡πá‡∏ß‡∏°‡∏≤‡∏Å‡πÜ|fake
‡∏™‡∏±‡πà‡∏á‡πÄ‡∏õ‡πá‡∏ô‡∏Ñ‡∏£‡∏±‡πâ‡∏á‡πÅ‡∏£‡∏Å ‡πÅ‡∏û‡πá‡∏Ñ‡∏™‡∏¥‡∏ô‡∏Ñ‡πâ‡∏≤‡∏°‡∏≤‡∏î‡∏µ ‡∏™‡∏¥‡∏ô‡∏Ñ‡πâ‡∏≤‡πÑ‡∏°‡πà‡πÄ‡∏™‡∏µ‡∏¢‡∏´‡∏≤‡∏¢ ‡∏™‡∏¥‡∏ô‡∏Ñ‡πâ‡∏≤‡∏ï‡∏£‡∏á‡∏õ‡∏Å ‡πÑ‡∏î‡πâ‡πÄ‡∏õ‡∏¥‡∏î‡πÅ‡∏•‡πâ‡∏ß ‡∏£‡∏™‡∏ä‡∏≤‡∏ï‡∏¥‡∏ñ‡∏π‡∏Å‡∏õ‡∏≤‡∏Å ‡∏≠‡∏£‡πà‡∏≠‡∏¢|fake
‡∏™‡∏±‡πà‡∏á‡∏Ñ‡∏£‡∏±‡πâ‡∏á‡πÅ‡∏£‡∏Å‡∏Ñ‡πà‡∏∞ ‡∏£‡∏≤‡∏Ñ‡∏≤‡∏ñ‡∏π‡∏Å ‡∏•‡∏∞‡∏ó‡∏µ‡πà‡∏™‡πç‡∏≤‡∏Ñ‡∏±‡∏ç‡∏≠‡∏£‡πà‡∏≠‡∏¢‡∏°‡∏≤‡∏Å‡∏Å‡∏Å‡∏Å‡∏Å‡∏Å ‡πÅ‡∏ã‡πà‡∏ö‡∏Å‡πç‡∏≤‡∏•‡∏±‡∏á‡∏î‡∏µ‡πÄ‡∏•‡∏¢‡∏Ñ‡πà‡∏∞ ‡∏Å‡∏£‡∏∞‡∏õ‡∏∏‡∏Å‡πÉ‡∏´‡∏ç‡πà ‡πÑ‡∏°‡πà‡∏ô‡πâ‡∏≠‡∏¢‡πÄ‡∏•‡∏¢|fake
‡∏ó‡∏≤‡∏á‡∏£‡πâ‡∏≤‡∏ô‡∏à‡∏±‡∏î‡∏™‡πà‡∏á‡∏£‡∏ß‡∏î‡πÄ‡∏£‡πá‡∏ß ‡∏à‡∏±‡∏î‡∏™‡πà‡∏á‡∏™‡∏¥‡∏ô‡∏Ñ‡πâ‡∏≤‡∏Ñ‡∏£‡∏ö‡∏ï‡∏≤‡∏°‡∏ó‡∏µ‡πà‡∏™‡∏±‡πà‡∏á ‡πÅ‡∏û‡πá‡∏Ñ‡∏™‡∏¥‡∏ô‡∏Ñ‡πâ‡∏≤‡∏°‡∏≤‡∏î‡∏µ ‡∏Ñ‡∏∏‡∏ì‡∏†‡∏≤‡∏û‡∏™‡∏¥‡∏ô‡∏Ñ‡πâ‡∏≤‡πÄ‡∏´‡∏°‡∏≤‡∏∞‡∏™‡∏°‡∏Å‡∏±‡∏ö‡∏£‡∏≤‡∏Ñ‡∏≤|fake
‡∏Å‡∏≤‡∏£‡∏à‡∏±‡∏î‡∏™‡πà‡∏á‡πÑ‡∏ß ‡∏™‡∏±‡πà‡∏á‡∏°‡∏≤‡∏Å‡∏¥‡∏ô‡∏´‡∏•‡∏≤‡∏¢‡∏Ñ‡∏£‡∏±‡πâ‡∏á‡πÅ‡∏•‡πâ‡∏ß ‡∏Å‡∏¥‡∏ô‡πÄ‡∏•‡πà‡∏ô ‡∏Å‡∏¥‡∏ô‡πÄ‡∏õ‡πá‡∏ô‡∏Å‡∏±‡∏ö‡∏Ç‡πâ‡∏≤‡∏ß ‡∏´‡∏£‡∏∑‡∏≠‡∏Å‡∏±‡∏ö‡πÅ‡∏Å‡∏•‡πâ‡∏°‡∏Å‡πá‡∏≠‡∏£‡πà‡∏≠‡∏¢‡πÄ‡∏û‡∏•‡∏¥‡∏ô‡πÑ‡∏õ‡πÄ‡∏•‡∏¢‡∏£‡∏™:‡∏£‡∏™‡∏ï‡πâ‡∏°‡∏¢‡πç‡∏≤0|fake
‡∏≠‡∏£‡πà‡∏≠‡∏¢‡∏°‡∏≤‡∏Å‡∏Ñ‡πà‡∏∞ ‡∏Å‡∏¥‡∏ô‡∏Å‡∏±‡∏ö‡∏Ç‡πâ‡∏≤‡∏ß‡∏Å‡πá‡πÑ‡∏î‡πâ ‡∏Å‡∏¥‡∏ô‡πÄ‡∏•‡πà‡∏ô‡∏Å‡πá‡πÑ‡∏î‡πâ ‡∏£‡∏™‡∏ï‡πâ‡∏°‡∏¢‡πç‡∏≤‡πÄ‡∏Ç‡πâ‡∏°‡∏Ç‡πâ‡∏ô ‡∏£‡∏≤‡∏Ñ‡∏≤‡πÑ‡∏°‡πà‡πÅ‡∏û‡∏á ‡πÑ‡∏ß‡πâ‡∏≠‡∏∏‡∏î‡∏´‡∏ô‡∏∏‡∏ô‡∏≠‡∏µ‡∏Å‡∏ô‡∏∞‡∏Ñ‡∏∞‡∏ä‡∏≠‡∏ö‡∏°‡∏≤‡∏Å|fake
‡∏Ñ‡∏∏‡∏ì‡∏Ñ‡πà‡∏≤‡∏Ç‡∏≠‡∏á‡πÄ‡∏á‡∏¥‡∏ô:‡πÄ‡∏´‡∏°‡∏≤‡∏∞‡∏™‡∏°‡∏Å‡∏±‡∏ö‡∏£‡∏≤‡∏Ñ‡∏≤ ‡πÑ‡∏°‡πà‡πÅ‡∏û‡∏á‡πÄ‡∏•‡∏¢ ‡πÑ‡∏î‡πâ‡∏£‡∏±‡∏ö‡∏Ç‡∏≠‡∏á‡πÑ‡∏ß‡∏î‡πâ‡∏ß‡∏¢ ‡∏£‡∏™‡∏ä‡∏≤‡∏ï‡∏¥:‡∏î‡∏µ ‡∏≠‡∏£‡πà‡∏≠‡∏¢ ‡∏Å‡∏¥‡∏ô‡∏Å‡∏±‡∏ö‡∏Ç‡πâ‡∏≤‡∏ß‡∏£‡πâ‡∏≠‡∏ô‡πÜ ‡∏ô‡πç‡∏≤‡πâ‡∏û‡∏£‡∏¥‡∏Å‡∏ó‡πç‡∏≤‡πÉ‡∏´‡∏°‡πà ‡∏°‡∏µ‡∏Å‡∏•‡∏¥‡πà‡∏ô‡∏´‡∏≠‡∏°|fake
‡πÑ‡∏î‡πâ‡∏£‡∏±‡∏ö‡∏™‡∏¥‡∏ô‡∏Ñ‡πâ‡∏≤‡∏ï‡∏£‡∏á‡∏ï‡∏≤‡∏°‡∏ó‡∏µ‡πà‡∏™‡∏±‡πà‡∏á ‡∏ô‡πâ‡πç‡∏≤‡∏û‡∏£‡∏¥‡∏Å‡∏´‡∏°‡∏π‡∏Å‡∏£‡∏∞‡∏à‡∏Å ‡∏Å‡∏±‡∏ö ‡∏´‡∏ô‡∏±‡∏á‡πÑ‡∏Å‡πà‡πÇ‡∏Ñ‡∏ï‡∏£‡πÅ‡∏ã‡πà‡∏ö‡πÄ‡∏Ñ‡∏¢‡∏ó‡∏≤‡∏ô‡πÅ‡∏•‡πâ‡∏ß ‡∏≠‡∏£‡πà‡∏≠‡∏¢‡∏î‡∏µ ‡πÅ‡∏ï‡πà ‡πÇ‡∏Ñ ‡∏ï‡∏≤ ‡∏£‡∏∞ ‡∏¢‡∏±‡∏á‡πÑ‡∏°‡πà‡πÄ‡∏Ñ‡∏¢‡∏ó‡∏≤‡∏ô ‡∏•‡∏≠‡∏á‡∏™‡∏±‡πà‡∏á‡∏°‡∏≤‡∏ó‡∏≤‡∏ô‡∏î‡∏π‡∏ß‡πà‡∏≤‡∏≠‡∏£‡πà‡∏≠‡∏¢‡πÑ‡∏´‡∏° ‡∏ñ‡πâ‡∏≤ ‡πÇ‡∏Ñ ‡∏ï‡∏≤ ‡∏£‡∏∞ ‡∏≠‡∏£‡πà‡∏≠‡∏¢‡∏à‡∏∞‡∏™‡∏±‡πà‡∏á‡∏≠‡∏µ‡∏Å|fake
‡∏£‡∏™‡∏ä‡∏≤‡∏ï‡∏¥:‡∏≠‡∏£‡πà‡∏≠‡∏¢‡∏°‡∏≤‡∏Å‡∏Ñ‡πà‡∏∞  ‡∏™‡πç‡∏≤‡∏´‡∏£‡∏±‡∏ö‡πÄ‡∏£‡∏≤‡πÅ‡∏•‡πâ‡∏ß‡πÄ‡∏ú‡πá‡∏î‡∏Å‡∏•‡∏≤‡∏á‡∏Å‡πç‡∏≤‡∏•‡∏±‡∏á‡∏û‡∏≠‡∏î‡∏µ‡πÄ‡∏•‡∏¢‡∏Ñ‡πà‡∏∞ ‡∏Ñ‡∏∏‡∏ì‡∏Ñ‡πà‡∏≤‡∏Ç‡∏≠‡∏á‡πÄ‡∏á‡∏¥‡∏ô:‡∏Ñ‡∏∏‡πâ‡∏°‡∏Ñ‡πà‡∏≤‡∏°‡∏≤‡∏Å‡∏Ñ‡πà‡∏∞  ‡∏™‡πà‡∏á‡πÄ‡∏£‡πá‡∏ß‡∏ä‡∏≠‡∏ö‡∏°‡∏≤‡∏Å‡∏Ñ‡πà‡∏∞‡πÑ‡∏ß‡πâ‡∏à‡∏∞‡∏≠‡∏∏‡∏î‡∏´‡∏ô‡∏∏‡∏ô‡∏≠‡∏µ‡∏Å‡∏ô‡∏∞‡∏Ñ‡∏∞|fake
‡∏£‡∏™‡∏ä‡∏≤‡∏î‡∏≠‡∏£‡πà‡∏≠‡∏¢‡∏ó‡∏∏‡∏Å‡∏£‡∏™ ‡πÅ‡∏ï‡πà‡πÄ‡∏ú‡πá‡∏î‡πÑ‡∏õ‡∏´‡∏ô‡πà‡∏≠‡∏¢ ‡∏Å‡∏£‡∏∞‡∏õ‡∏∏‡∏Å‡πÄ‡∏•‡πá‡∏Å‡πÑ‡∏õ ‡∏à‡∏±‡∏î‡∏™‡πà‡∏á‡πÄ‡∏£‡πá‡∏ß‡∏£‡∏≠‡∏Ç‡∏≠‡∏á‡πÑ‡∏°‡πà‡∏ô‡∏≤‡∏ô ‡∏´‡∏°‡∏π‡∏Å‡∏£‡∏∞‡∏à‡∏Å‡∏Å‡∏£‡∏≠‡∏ö‡∏°‡∏≤‡∏Å ‡πÑ‡∏°‡πà‡πÄ‡∏´‡∏°‡πá‡∏ô‡∏´‡∏∑‡∏ô|fake
‡πÑ‡∏î‡πâ‡∏£‡∏±‡∏ö‡∏™‡∏¥‡∏ô‡∏Ñ‡πâ‡∏≤‡πÅ‡∏•‡πâ‡∏ß‡∏Ñ‡πà‡∏∞‡∏£‡∏≠‡πÑ‡∏°‡πà‡∏ô‡∏≤‡∏ô‡∏´‡∏•‡∏±‡∏á‡∏à‡∏≤‡∏Å‡∏™‡∏±‡πà‡∏á‡πÑ‡∏õ‡∏™‡∏¥‡∏ô‡∏Ñ‡πâ‡∏≤‡πÅ‡∏û‡∏Ñ‡πÉ‡∏™‡πà‡∏Å‡∏£‡∏∞‡∏õ‡∏∏‡∏Å‡∏≠‡∏¢‡πà‡∏≤‡∏á‡∏î‡∏µ‡πÑ‡∏°‡πà‡∏°‡∏µ‡πÄ‡∏™‡∏µ‡∏¢‡∏≠‡∏∞‡πÑ‡∏£‡∏Ñ‡πà‡∏∞‡∏£‡∏™‡∏ä‡∏≤‡∏ï‡∏¥‡∏¢‡∏±‡∏á‡πÑ‡∏°‡πà‡πÑ‡∏î‡πâ‡πÄ‡∏õ‡∏¥‡∏î‡∏ä‡∏¥‡∏°‡∏ô‡∏∞‡∏Ñ‡∏∞‡πÅ‡∏ï‡πà‡πÄ‡∏Ñ‡∏¢‡∏™‡∏±‡πà‡∏á‡∏°‡∏≤‡∏£‡∏≠‡∏ö‡∏´‡∏ô‡∏∂‡πà‡∏á‡πÅ‡∏•‡πâ‡∏ß‡∏Å‡πá‡∏ñ‡∏∑‡∏≠‡∏ß‡πà‡∏≤‡πÇ‡∏≠‡πÄ‡∏Ñ‡∏Ñ‡πà‡∏∞|fake
‡∏Ñ‡∏∏‡πâ‡∏°‡∏Ñ‡πà‡∏≤‡∏™‡∏°‡∏£‡∏≤‡∏Ñ‡∏≤ ‡∏™‡πà‡∏á‡πÑ‡∏ß ‡πÄ‡∏ú‡πá‡∏î‡∏™‡∏∞‡πÉ‡∏à  ‡∏Ñ‡∏∏‡πâ‡∏°‡∏Ñ‡πà‡∏≤‡∏™‡∏°‡∏£‡∏≤‡∏Ñ‡∏≤ ‡∏™‡πà‡∏á‡πÑ‡∏ß ‡πÄ‡∏ú‡πá‡∏î‡∏™‡∏∞‡πÉ‡∏à‡∏Ñ‡∏∏‡πâ‡∏°‡∏Ñ‡πà‡∏≤‡∏™‡∏°‡∏£‡∏≤‡∏Ñ‡∏≤ ‡∏™‡πà‡∏á‡πÑ‡∏ß ‡πÄ‡∏ú‡πá‡∏î‡∏™‡∏∞‡πÉ‡∏à‡∏Ñ‡∏∏‡πâ‡∏°‡∏Ñ‡πà‡∏≤‡∏™‡∏°‡∏£‡∏≤‡∏Ñ‡∏≤ ‡∏™‡πà‡∏á‡πÑ‡∏ß ‡πÄ‡∏ú‡πá‡∏î‡∏™‡∏∞‡πÉ‡∏à|fake
‡∏™‡∏¥‡∏ô‡∏Ñ‡πâ‡∏≤‡∏î‡∏µ‡∏Ñ‡πà‡∏∞ ‡∏ñ‡∏π‡∏Å‡πÉ‡∏à‡∏ó‡∏∏‡∏Å‡∏ä‡∏¥‡πâ‡∏ô‡πÄ‡∏•‡∏¢ ‡πÅ‡∏û‡πá‡∏Ñ‡πÄ‡∏Å‡∏à‡∏´‡∏µ‡∏ö‡∏´‡πà‡∏≠‡∏î‡∏µ‡∏°‡∏≤‡∏Å‡∏Ñ‡πà‡∏∞ ‡∏à‡∏±‡∏î‡∏™‡πà‡∏á‡∏£‡∏ß‡∏î‡πÄ‡∏£‡πá‡∏ß‡∏î‡∏µ‡∏Ñ‡πà‡∏∞ ‡∏™‡∏¥‡∏ô‡∏Ñ‡πâ‡∏≤‡πÑ‡∏î‡πâ‡∏£‡∏±‡∏ö‡∏Ñ‡∏£‡∏ö‡∏ñ‡πâ‡∏ß‡∏ô‡∏î‡∏µ‡∏Ñ‡πà‡∏∞ ‡πÇ‡∏î‡∏¢‡∏£‡∏ß‡∏°‡∏£‡∏ß‡∏°‡∏î‡∏µ‡∏°‡∏≤‡∏Å‡∏Ñ‡πà‡∏∞|fake
‡∏ï‡πâ‡∏≠‡∏á‡∏Ñ‡∏£‡∏ö‡∏ñ‡πâ‡∏ß‡∏ô‡πÅ‡∏ï‡πà‡∏¢‡∏±‡∏á‡πÑ‡∏°‡πà‡∏•‡∏≠‡∏á‡∏ä‡∏¥‡∏°‡∏î‡∏π‡πÄ‡∏•‡∏¢‡∏Ñ‡πà‡∏∞|fake
‡πÑ‡∏î‡πâ‡∏£‡∏±‡∏ö‡∏™‡∏¥‡∏ô‡∏Ñ‡πâ‡∏≤‡∏Ñ‡∏£‡∏ö‡∏ñ‡πâ‡∏ß‡∏ô‡∏ñ‡∏π‡∏Å‡∏ï‡πâ‡∏≠‡∏á‡∏ï‡∏≤‡∏°‡∏ó‡∏µ‡πà‡∏™‡∏±‡πà‡∏á‡∏Ñ‡∏£‡πâ‡∏≤ ‡∏ô‡πâ‡πç‡∏≤‡∏û‡∏£‡∏¥‡∏Å‡∏´‡∏°‡∏π‡∏Å‡∏£‡∏∞‡∏à‡∏Å‡∏≠‡∏£‡πà‡∏≠‡∏¢‡∏°‡∏≤‡∏Å‡πÜ‡∏à‡∏£‡πâ‡∏≤‡∏™‡∏±‡πà‡∏á‡∏Å‡∏¥‡∏ô‡∏ï‡∏•‡∏≠‡∏î‡∏´‡∏•‡∏≤‡∏¢‡∏£‡∏≠‡∏ö‡πÅ‡∏•‡πâ‡∏ß‡∏Ñ‡∏£‡πâ‡∏≤|fake
‡∏≠‡∏£‡πà‡∏≠‡∏¢‡∏ñ‡∏π‡∏Å‡πÉ‡∏à‡πÄ‡∏î‡πá‡∏Å‡πÑ‡∏ó‡∏¢ ‡πÄ‡∏Ñ‡πá‡∏°‡∏î‡∏µ‡πÄ‡∏ú‡πá‡∏î‡∏Å‡πç‡∏≤‡∏•‡∏±‡∏á‡∏î‡∏µ‡πÄ‡∏•‡∏¢‡∏à‡∏∞‡πÄ‡∏≠‡∏≤‡∏°‡∏≤‡πÉ‡∏™‡πà‡πÄ‡∏™‡πâ‡∏ô‡∏´‡∏°‡∏µ‡πà‡πÑ‡∏Å‡πà‡∏â‡∏µ‡∏Å‡πÅ‡∏ï‡πà‡∏Å‡∏¥‡∏ô‡πÄ‡∏û‡∏•‡∏¥‡∏ô‡πÑ‡∏õ1‡∏õ‡∏∏‡∏Å‡∏•‡∏∞ ‡∏≠‡∏∏|fake
‡πÑ‡∏î‡πâ‡∏£‡∏±‡∏ö‡∏™‡∏¥‡∏ô‡∏Ñ‡πâ‡∏≤‡πÄ‡∏£‡∏µ‡∏¢‡∏ö‡∏£‡πâ‡∏≠‡∏¢‡πÅ‡∏•‡πâ‡∏ß‡∏Ñ‡∏£‡∏±‡∏ö ‡∏à‡∏±‡∏î‡∏™‡πà‡∏á‡∏£‡∏ß‡∏î‡πÄ‡∏£‡πá‡∏ß ‡∏£‡∏™‡∏ä‡∏≤‡∏ï‡∏¥‡πÑ‡∏°‡πà‡∏ï‡πâ‡∏≠‡∏á‡∏û‡∏π‡∏î‡∏°‡∏≤‡∏Å ‡∏≠‡∏£‡πà‡∏≠‡∏¢‡πÅ‡∏ô‡πà‡∏ô‡∏≠‡∏ô‡∏Ñ‡∏£‡∏±‡∏ö‡πÄ‡∏û‡∏£‡∏≤‡∏∞‡∏™‡∏±‡πà‡∏á‡∏´‡∏•‡∏≤‡∏¢‡∏£‡∏≠‡∏ö‡πÅ‡∏•‡πâ‡∏ß|fake
‡∏Ç‡∏≠‡∏á‡∏Ñ‡∏£‡∏ö ‡πÄ‡πÄ‡∏û‡πá‡∏Ñ‡∏°‡∏≤‡∏î‡∏µ‡πÄ‡∏£‡∏µ‡∏¢‡∏ö‡∏£‡πâ‡∏≠‡∏¢‡∏Ñ‡πà‡∏∞ ‡∏£‡∏™‡∏ä‡∏≤‡∏ï‡∏¥‡πÄ‡∏Ç‡πâ‡∏°‡∏Ç‡πâ‡∏ô ‡πÄ‡∏ú‡πá‡∏î ‡∏´‡∏ß‡∏≤‡∏ô ‡πÄ‡∏Ñ‡πá‡∏° ‡∏Å‡πç‡∏≤‡∏•‡∏±‡∏á‡∏î‡∏µ‡πÄ‡∏•‡∏¢‡∏Ñ‡πà‡∏∞ ‡πÑ‡∏ß‡πâ‡∏Ñ‡∏£‡∏≤‡∏ß‡∏ô‡πà‡∏≤‡∏à‡∏∞‡∏≠‡∏∏‡∏î‡∏´‡∏ô‡∏∏‡∏ô‡∏Å‡∏±‡∏ô‡∏ô‡∏∞‡∏Ñ‡∏∞|fake
‡∏Ñ‡∏∏‡∏ì‡∏Ñ‡πà‡∏≤‡∏Ç‡∏≠‡∏á‡πÄ‡∏á‡∏¥‡∏ô:‡∏î‡∏µ‡∏Ñ‡∏∏‡πâ‡∏°‡∏Ñ‡πà‡∏≤‡∏Ç‡∏ô‡∏™‡πà‡∏á‡∏î‡∏µ‡πÄ‡∏£‡πá‡∏ß‡πÑ‡∏ß‡∏û‡∏π‡∏î‡πÄ‡∏û‡∏£‡∏≤‡∏∞‡∏≠‡∏≠‡∏Å‡πÅ‡∏ö‡∏ö‡πÑ‡∏î‡πâ‡∏î‡∏µ‡∏ó‡∏±‡∏ô‡∏™‡∏°‡∏±‡∏¢ ‡∏£‡∏™‡∏ä‡∏≤‡∏ï‡∏¥:‡∏™‡∏±‡πà‡∏á‡πÄ‡∏ú‡πá‡∏î‡∏ô‡πâ‡∏≠‡∏¢‡πÑ‡∏õ‡πÅ‡∏ï‡πà‡∏™‡πç‡∏≤‡∏´‡∏£‡∏±‡∏ö‡πÄ‡∏£‡∏≤ ‡πÄ‡∏£‡∏≤‡∏ß‡πà‡∏≤‡∏°‡∏±‡∏ô‡πÄ‡∏ú‡πá‡∏î‡∏õ‡∏≤‡∏ô‡∏Å‡∏•‡∏≤‡∏á‡πÄ‡∏•‡∏¢|fake
‡πÑ‡∏î‡πâ‡∏£‡∏±‡∏ö‡∏Ç‡∏≠‡∏á‡πÅ‡∏•‡πâ‡∏ß‡∏Ñ‡πà‡∏∞‡∏£‡πâ‡∏≤‡∏ô‡∏™‡πà‡∏á‡πÑ‡∏ß‡∏î‡∏µ‡∏Ñ‡πà‡∏∞‡πÑ‡∏î‡πâ‡∏°‡∏≤‡πÉ‡∏ô‡∏£‡∏≤‡∏Ñ‡∏≤‡∏ä‡∏¥‡πâ‡∏ô‡∏•‡∏∞ 30 ‡∏ö‡∏≤‡∏ó‡∏Ñ‡∏∏‡πâ‡∏°‡∏°‡∏≤‡∏Å‡πÜ‡∏Ñ‡πà‡∏∞ ‡∏ä‡∏≠‡∏ö‡∏°‡∏≤‡∏Å‡πÜ ‡πÑ‡∏ß‡πâ‡∏à‡∏∞‡∏≠‡∏∏‡∏î‡∏´‡∏ô‡∏∏‡∏ô‡∏≠‡∏µ‡∏Å‡∏Ñ‡πà‡∏∞‡∏Ñ‡∏∏‡∏ì‡∏Ñ‡πà‡∏≤‡∏Ç‡∏≠‡∏á‡πÄ‡∏á‡∏¥‡∏ô:|fake
‡∏≠‡∏£‡πà‡∏≠‡∏¢‡∏î‡∏µ‡∏Ñ‡πà‡∏∞ ‡∏£‡∏™‡∏ï‡πâ‡∏°‡∏¢‡πç‡∏≤‡∏Ñ‡∏∑‡∏≠‡∏ï‡πâ‡∏°‡∏¢‡πç‡∏≤‡∏°‡∏≤‡∏Å‡∏Å‡πÄ‡∏õ‡πâ‡∏ß‡∏ß‡∏ß‡∏°‡∏≤‡∏Å‡∏ó‡πÄ‡∏û‡∏∑‡πà‡∏ô‡∏ä‡∏¥‡∏°‡∏ö‡∏≠‡∏Å‡∏ß‡πà‡∏≤‡πÅ‡∏≠‡∏ö‡πÄ‡∏ú‡πá‡∏î‡πÅ‡∏ï‡πà‡∏Å‡πá‡∏Å‡∏¥‡∏ô‡πÑ‡∏î‡πâ ‡∏´‡∏ô‡∏±‡∏á‡πÑ‡∏Å‡πà‡∏≠‡∏£‡πà‡∏≠‡∏¢‡πÄ‡∏•‡∏¢‡∏£‡∏ß‡∏ä‡∏≤‡∏ï‡∏¥‡∏û‡∏≠‡∏î‡∏µ ‡∏Å‡∏£‡∏≠‡∏ö‡∏Å‡∏£‡∏∏‡∏ö‡∏°‡∏≤‡∏Å‡∏Å‡∏Å ‡∏ä‡∏≠‡∏ö‡∏ö‡∏ö‡∏ö‡∏ö|fake
‡∏Ñ‡∏∏‡∏ì‡∏Ñ‡πà‡∏≤‡∏Ç‡∏≠‡∏á‡πÄ‡∏á‡∏¥‡∏ô:‡∏Ñ‡∏∏‡πâ‡∏° ‡∏£‡∏™‡∏ä‡∏≤‡∏ï‡∏¥:‡∏≠‡∏£‡πà‡∏≠‡∏¢ ‡∏™‡πà‡∏á‡πÑ‡∏ß ‡∏´‡πà‡∏≠‡∏î‡∏µ ‡∏Ç‡∏ô‡∏™‡πà‡∏á‡∏î‡∏µ ‡∏™‡∏¥‡∏ô‡∏Ñ‡πâ‡∏≤‡∏ï‡∏£‡∏á‡∏ï‡∏≤‡∏°‡∏£‡∏™‡∏ä‡∏≤‡∏ï‡∏¥‡∏ó‡∏µ‡πà‡∏™‡∏±‡πà‡∏á‡πÑ‡∏õ ‡∏≠‡∏£‡πà‡∏≠‡∏¢‡πÄ‡∏´‡∏°‡∏∑‡∏≠‡∏ô‡πÄ‡∏î‡∏¥‡∏° ‡πÄ‡∏Ñ‡∏¢‡∏™‡∏±‡πà‡∏á‡∏°‡∏≤‡∏ó‡∏≤‡∏ô‡πÅ‡∏•‡πâ‡∏ß ‡∏ä‡∏≠‡∏ö‡∏°‡∏≤‡∏Å‡∏Å ‡∏Å‡∏¥‡∏ô‡∏Å‡∏±‡∏ö‡∏Ç‡πâ‡∏≤‡∏ß‡∏™‡∏ß‡∏¢‡∏£‡πâ‡∏≠‡∏ô‡∏Ñ‡∏∑‡∏≠‡∏î‡∏µ‡πä|fake
‡∏Ñ‡∏∏‡∏ì‡∏Ñ‡πà‡∏≤‡∏Ç‡∏≠‡∏á‡πÄ‡∏á‡∏¥‡∏ô: ‡∏Ñ‡∏∏‡πâ‡∏°‡∏Ñ‡πà‡∏≤‡∏Å‡∏±‡∏ö‡∏£‡∏≤‡∏Ñ‡∏≤‡∏Ç‡∏≠‡∏á‡∏™‡∏¥‡∏ô‡∏Ñ‡πâ‡∏≤ ‡∏£‡∏™‡∏ä‡∏≤‡∏ï‡∏¥: ‡∏´‡∏≠‡∏°‡∏≠‡∏£‡πà‡∏≠‡∏¢ ‡∏£‡∏™‡∏ä‡∏≤‡∏î‡∏î‡∏µ‡∏°‡∏≤‡∏Å ‡∏£‡∏±‡∏ö‡∏õ‡∏£‡∏∞‡∏ó‡∏≤‡∏ô‡∏Å‡∏±‡∏ö‡∏Ç‡πâ‡∏≤‡∏ß‡∏™‡∏ß‡∏¢‡∏£‡πâ‡∏≠‡∏ô‡πÜ ‡∏Ñ‡∏∑‡∏≠‡∏î‡∏µ‡∏Ñ‡πà‡∏∞  ‡∏™‡∏¥‡∏ô‡∏Ñ‡πâ‡∏≤‡∏°‡∏µ‡∏£‡∏™‡∏ä‡∏≤‡∏î‡∏´‡∏•‡∏≤‡∏Å‡∏´‡∏•‡∏≤‡∏¢‡πÉ‡∏´‡πâ‡πÄ‡∏•‡∏∑‡∏≠‡∏Å‡∏î‡πâ‡∏ß‡∏¢|fake
‡πÄ‡∏£‡∏≤‡∏™‡∏±‡πà‡∏á‡∏ö‡πà‡∏≠‡∏¢‡∏°‡∏≤‡∏Å‡∏ï‡∏£‡∏á‡∏ï‡∏≤‡∏°‡∏ó‡∏µ‡πà‡∏™‡∏±‡πà‡∏á‡∏ï‡∏•‡∏≠‡∏î ‡∏™‡∏±‡πà‡∏á‡∏°‡∏≤‡∏ó‡∏≤‡∏ô‡∏Å‡∏±‡∏ö‡∏Å‡πã‡∏ß‡∏¢‡πÄ‡∏ï‡∏µ‡πã‡∏¢‡∏ß‡∏ó‡∏≤‡∏ô‡∏Å‡∏±‡∏ö‡∏Ç‡πâ‡∏≤‡∏ß‡∏ä‡∏≠‡∏ö‡∏°‡∏≤‡∏Å ‡∏≠‡∏£‡πà‡∏≠‡∏¢‡∏°‡∏≤‡∏Å‡∏Ñ‡πà‡∏∞|fake
‡∏ä‡∏≠‡∏ö‡∏°‡∏≤‡∏Å‡πÜ‡∏Ñ‡πà‡∏∞‡∏≠‡∏£‡πà‡∏≠‡∏¢‡∏°‡∏≤‡∏Å‡∏Ñ‡πà‡∏∞|fake
Value for Money:‡∏î‡∏π‡∏à‡∏≤‡∏Å ‡∏†‡∏≤‡∏¢‡∏ô‡∏≠‡∏Å Packaging ‡∏î‡∏π‡∏î‡∏µFlavour:‡∏ô‡πà‡∏≤‡∏à‡∏∞‡∏≠‡∏£‡πà‡∏≠‡∏¢‡πÄ‡∏î‡∏µ‡πã‡∏¢‡∏ß‡∏à‡∏∞‡∏•‡∏≠‡∏á‡∏Å‡∏¥‡∏ô‡∏î‡∏π‡πÅ‡∏•‡πâ‡∏ß‡∏à‡∏∞‡∏°‡∏≤‡πÄ‡∏°‡πâ‡∏ô‡∏≠‡∏µ‡∏Å‡∏ó‡∏µ‡∏û‡∏ô‡∏±‡∏Å‡∏á‡∏≤‡∏ô‡∏Ç‡∏ô‡∏™‡πà‡∏á‡∏ö‡∏£‡∏¥‡∏Å‡∏≤‡∏£‡πÑ‡∏î‡πâ‡∏£‡∏ß‡∏î‡πÄ‡∏£‡πá‡∏ß|fake
‡∏Ç‡∏≠‡∏á‡πÑ‡∏î‡πâ‡∏ï‡∏≤‡∏°‡∏ó‡∏µ‡πà‡∏™‡∏±‡πà‡∏á ‡∏£‡πâ‡∏≤‡∏ô‡∏£‡∏≤‡∏Ñ‡∏≤‡∏î‡∏µ‡∏Å‡∏ß‡πà‡∏≤‡∏ó‡∏∏‡∏Å‡∏£‡πâ‡∏≤‡∏ô ‡∏Ç‡∏ô‡∏™‡πà‡∏á‡∏™‡πà‡∏á‡πÑ‡∏ß‡∏°‡∏≤‡∏Å‡∏ñ‡∏π‡∏Å‡πÉ‡∏à‡∏Ñ‡πà‡∏∞|fake
‡∏£‡∏™‡∏ä‡∏≤‡∏ï‡∏¥:‡∏à‡∏±‡∏î‡∏à‡πâ‡∏≤‡∏ô‡∏°‡∏≤‡∏Å‡πÄ‡∏•‡∏¢‡∏≠‡∏≤‡∏Å‡∏≤‡∏®‡∏£‡πâ‡∏≠‡∏ô‡πÜ ‡∏Ç‡∏µ‡πâ‡πÄ‡∏Å‡∏µ‡∏¢‡∏à‡∏≠‡∏≠‡∏Å‡πÑ‡∏õ‡∏Å‡∏¥‡∏ô‡∏Ç‡πâ‡∏≤‡∏á‡∏ô‡∏≠‡∏Å‡πÄ‡∏´‡∏°‡∏≤‡∏∞‡∏°‡∏≤‡∏Å‡πÄ‡∏•‡∏¢|fake
‡πÑ‡∏î‡πâ‡∏£‡∏±‡∏ö‡∏Ç‡∏≠‡∏á‡πÅ‡∏•‡πâ‡∏ß‡∏Ñ‡πà‡∏∞ ‡∏™‡πà‡∏á‡πÑ‡∏î‡πâ‡∏£‡∏ß‡∏î‡πÄ‡∏£‡πá‡∏ß ‡∏Ç‡∏≠‡∏á‡πÑ‡∏°‡πà‡πÄ‡∏™‡∏µ‡∏¢‡∏´‡∏≤‡∏¢‡πÅ‡∏°‡πâ‡πÑ‡∏°‡πà‡πÑ‡∏î‡πâ‡πÉ‡∏™‡πà‡∏ö‡∏±‡πä‡∏ö‡πÄ‡∏ö‡∏¥‡πâ‡∏•‡∏Å‡∏±‡∏ô‡∏Å‡∏£‡∏∞‡πÅ‡∏ó‡∏Å ‡∏•‡∏≠‡∏á‡∏ä‡∏¥‡∏°‡πÅ‡∏•‡πâ‡∏ß ‡πÄ‡∏ú‡πá‡∏î‡∏à‡∏£‡∏¥‡∏á ‡∏Å‡∏£‡∏≠‡∏ö‡∏≠‡∏£‡πà‡∏≠‡∏¢ ‡πÅ‡∏ñ‡∏°‡πÑ‡∏î‡πâ‡∏°‡∏≤‡πÉ‡∏ô‡∏£‡∏≤‡∏Ñ‡∏≤ 2 ‡∏Å‡∏£‡∏∞‡∏õ‡∏∏‡∏Å‡∏ô‡∏µ‡πâ ‡∏à‡πà‡∏≤‡∏¢‡πÅ‡∏Ñ‡πà53‡∏ö‡∏≤‡∏ó ‡∏Ñ‡∏∏‡πâ‡∏°‡∏™‡∏∏‡∏î‡πÜ‡πÑ‡∏õ‡πÄ‡∏•‡∏¢|fake
‡∏™‡∏¥‡∏ô‡∏Ñ‡πâ‡∏≤‡∏ó‡∏µ‡πà‡∏ï‡πâ‡∏≠‡∏á‡∏°‡∏µ‡∏™‡πç‡∏≤‡∏´‡∏£‡∏±‡∏ö‡∏Ñ‡∏ô‡∏£‡∏±‡∏Å‡∏≠‡∏≤‡∏´‡∏≤‡∏£‡πÄ‡∏ú‡πá‡∏î ‡∏£‡∏™‡∏ä‡∏≤‡∏ï‡∏¥‡πÄ‡∏Ç‡πâ‡∏°‡∏Ç‡πâ‡∏ô ‡πÄ‡∏´‡∏°‡∏≤‡∏∞‡∏™‡πç‡∏≤‡∏´‡∏£‡∏±‡∏ö‡πÇ‡∏£‡∏¢‡πÄ‡∏õ‡πá‡∏ô‡∏ó‡πâ‡∏≠‡∏õ‡∏õ‡∏¥‡πâ‡∏á‡πÉ‡∏ô‡∏≠‡∏≤‡∏´‡∏≤‡∏£‡πÄ‡∏û‡∏∑‡πà‡∏≠‡πÄ‡∏û‡∏¥‡πà‡∏°‡∏£‡∏™‡∏ä‡∏≤‡∏ï‡∏¥ ‡∏£‡πâ‡∏≤‡∏ô‡∏Ñ‡πâ‡∏≤‡∏à‡∏±‡∏î‡∏™‡πà‡∏á‡∏™‡∏¥‡∏ô‡∏Ñ‡πâ‡∏≤‡∏£‡∏ß‡∏î‡πÄ‡∏£‡πá‡∏ß|fake
‡∏™‡∏¥‡∏ô‡∏Ñ‡πâ‡∏≤‡∏ï‡∏£‡∏á‡∏ï‡∏≤‡∏°‡∏õ‡∏Å‡∏Ñ‡πà‡∏∞ ‡∏≠‡∏£‡πà‡∏≠‡∏¢‡∏î‡∏µ‡∏Ñ‡πà‡∏∞ ‡πÑ‡∏°‡πà‡πÄ‡∏´‡∏°‡πá‡∏ô‡∏´‡∏∑‡∏ô ‡∏Å‡∏£‡∏≠‡∏ö‡∏≠‡∏£‡πà‡∏≠‡∏¢‡∏î‡∏µ‡∏Ñ‡πà‡∏∞ ‡πÄ‡∏î‡∏µ‡πã‡∏¢‡∏ß‡πÅ‡∏ß‡∏∞‡∏°‡∏≤‡∏≠‡∏∏‡∏î‡∏´‡∏ô‡∏∏‡∏ô‡πÄ‡∏£‡∏∑‡πà‡∏≠‡∏¢‡πÜ‡∏Ñ‡πà‡∏∞|fake
‡∏à‡∏±‡∏î‡∏™‡πà‡∏á‡πÄ‡∏£‡πá‡∏ß ‡∏™‡∏¥‡∏ô‡∏Ñ‡πâ‡∏≤‡∏°‡∏µ‡∏Ñ‡∏∏‡∏ì‡∏†‡∏≤‡∏û ‡∏ñ‡∏π‡∏Å‡πÅ‡∏•‡∏∞‡∏î‡∏µ ‡∏™‡∏¥‡∏ô‡∏Ñ‡πâ‡∏≤‡πÑ‡∏°‡πà‡πÄ‡∏™‡∏µ‡∏¢‡∏´‡∏≤‡∏¢ ‡∏Ç‡∏ô‡∏™‡πà‡∏á‡∏î‡∏µ ‡∏™‡∏∏‡∏†‡∏≤‡∏û ‡πÑ‡∏°‡πà‡∏ó‡πç‡∏≤‡πÉ‡∏´‡πâ‡∏ú‡∏¥‡∏î‡∏´‡∏ß‡∏±‡∏á ‡∏ã‡∏∑‡πâ‡∏≠‡πÄ‡∏ñ‡∏≠‡∏∞‡∏≠‡∏¢‡πà‡∏≤‡∏Ñ‡∏¥‡∏î‡∏ô‡∏≤‡∏ô ‡πÅ‡∏ô‡∏∞‡∏ô‡πç‡∏≤‡∏à‡πâ‡∏≤‡∏≤‡∏≤|fake
‡∏ï‡∏ô‡πÅ‡∏•‡πÄ‡∏õ‡πá‡∏ô‡∏û‡∏¥‡πÄ‡∏®‡∏©‡πÄ‡∏û‡∏£‡∏≤‡∏∞‡∏ß‡πà‡∏≤‡∏°‡∏±‡∏ô‡πÄ‡∏õ‡πá‡∏ô‡πÄ‡∏£‡∏∑‡πà‡∏≠‡∏á‡∏ó‡∏µ‡πà‡πÑ‡∏°‡πà‡∏°‡∏µ‡πÉ‡∏Ñ‡∏£‡∏£‡∏π‡πâ‡∏à‡∏±‡∏Å‡∏Å‡∏±‡∏ô‡∏î‡∏µ‡∏Å‡∏ß‡πà‡∏≤‡∏Ñ‡∏£‡∏±‡∏ö‡πÄ‡∏û‡∏£‡∏≤‡∏∞‡∏ß‡πà‡∏≤‡∏°‡∏±‡∏ô‡πÄ‡∏õ‡πá‡∏ô‡πÄ‡∏£‡∏∑‡πà‡∏≠‡∏á‡∏ó‡∏µ‡πà‡πÑ‡∏°‡πà|fake
‡∏Ñ‡∏∏‡∏ì‡∏Ñ‡πà‡∏≤‡∏Ç‡∏≠‡∏á‡πÄ‡∏á‡∏¥‡∏ô:‡∏™‡∏°‡∏£‡∏≤‡∏Ñ‡∏≤ ‡∏£‡∏™‡∏ä‡∏≤‡∏ï‡∏¥:‡∏£‡∏™‡∏ä‡∏≤‡∏ï‡∏¥‡∏î‡∏µ ‡πÑ‡∏°‡πà‡∏°‡∏µ‡∏Å‡∏•‡∏¥‡πà‡∏ô‡∏´‡∏∑‡∏ô‡∏ã‡∏∑‡πâ‡∏≠‡∏£‡πâ‡∏≤‡∏ô‡∏ô‡∏µ‡πâ‡∏õ‡∏£‡∏∞‡∏à‡πç‡∏≤ ‡∏£‡∏≤‡∏Ñ‡∏≤‡∏î‡∏µ ‡πÅ‡∏û‡∏Ñ‡∏™‡∏¥‡∏ô‡∏Ñ‡πâ‡∏≤‡∏î‡∏µ‡πÑ‡∏°‡πà‡πÄ‡∏™‡∏µ‡∏¢‡∏´‡∏≤‡∏¢ ‡πÑ‡∏î‡πâ‡∏™‡∏¥‡∏ô‡∏Ñ‡πâ‡∏≤‡∏Ñ‡∏£‡∏ö‡∏ñ‡πâ‡∏ß‡∏ô|fake
‡∏ï‡∏£‡∏á‡∏õ‡∏Å‡∏Ñ‡∏∞‡∏™‡πà‡∏á‡πÑ‡∏ß‡∏°‡∏≤‡∏Å‡∏£‡∏™‡∏ä‡∏≤‡∏ï‡∏¥‡∏≠‡∏£‡πà‡∏≠‡∏¢‡∏™‡∏±‡πà‡∏á‡πÄ‡∏õ‡πá‡∏ô‡∏£‡∏≠‡∏ö‡∏ó‡∏µ‡πà2‡πÅ‡∏•‡πâ‡∏ß‡∏Ñ‡∏∞‡πÅ‡∏•‡πâ‡∏ß‡∏Å‡πá‡∏à‡∏∞‡∏°‡∏µ‡∏Ñ‡∏£‡∏±‡πâ‡∏á‡∏ï‡πà‡∏≠‡πÑ‡∏õ‡πÅ‡∏û‡∏Ñ‡∏™‡∏¥‡∏ô‡∏Ñ‡πâ‡∏≤‡∏î‡∏µ‡∏°‡∏µ‡∏Å‡∏±‡∏ô‡∏Å‡∏£‡∏∞‡πÅ‡∏ó‡∏Å‡∏î‡πâ‡∏ß‡∏¢‡πÅ‡∏ô‡∏∞‡∏ô‡πç‡∏≤‡∏£‡πâ‡∏≤‡∏ô‡∏ô‡∏µ‡πâ‡∏Ñ‡∏∞|fake
‡∏≠‡∏£‡πà‡∏≠‡∏¢‡πÄ‡∏´‡∏°‡∏∑‡∏≠‡∏ô‡πÄ‡∏î‡∏¥‡∏°‡πÅ‡∏ï‡πà‡∏£‡∏π‡πâ‡∏™‡∏∂‡∏Å‡∏ß‡πà‡∏≤‡∏õ‡∏£‡∏±‡∏ö‡∏Ç‡∏ô‡∏≤‡∏î‡πÄ‡∏•‡πá‡∏Å‡∏•‡∏á‡∏à‡∏≤‡∏Å‡∏£‡∏≠‡∏ö‡πÅ‡∏û‡πá‡∏Ñ‡πÄ‡∏Å‡πá‡∏à‡πÄ‡∏Å‡πà‡∏≤‡∏°‡∏±‡πâ‡∏¢‡∏Ñ‡∏∞55555 ‡πÑ‡∏°‡πà‡πÄ‡∏õ‡πá‡∏ô‡πÑ‡∏£‡∏Ñ‡πà‡∏∞ ‡∏¢‡∏±‡∏á‡∏ä‡∏≠‡∏ö‡∏≠‡∏¢‡∏π‡πà‡∏î‡∏µ‡∏≠‡∏£‡πà‡∏≠‡∏¢‡∏°‡∏≤‡∏Å ‡∏Å‡∏£‡∏≠‡∏ö‡∏°‡∏≤‡∏Å|fake
‡∏î‡∏µ‡∏°‡∏≤‡∏Å ‡∏≠‡∏£‡πà‡∏≠‡∏¢‡∏™‡∏∏‡∏î‡πÜ‡πÑ‡∏õ‡πÄ‡∏•‡∏¢ ‡∏Å‡∏¥‡∏ô‡∏Å‡∏±‡∏ö‡∏Ç‡πâ‡∏≤‡∏ß‡∏£‡πâ‡∏≠‡∏ô‡πÜ‡∏Å‡πá‡∏Ñ‡∏∑‡∏≠‡∏õ‡∏±‡∏á ‡∏£‡πâ‡∏≤‡∏ô‡∏ô‡∏µ‡πâ‡∏™‡πà‡∏á‡πÑ‡∏ß‡∏î‡∏µ‡∏Ñ‡πà‡∏∞ ‡πÅ‡∏•‡∏∞‡∏£‡∏≤‡∏Ñ‡∏≤‡πÑ‡∏°‡πà‡πÅ‡∏û‡∏á‡∏î‡πâ‡∏ß‡∏¢ ‡πÄ‡∏¢‡∏µ‡πà‡∏¢‡∏°‡∏°‡∏≤‡∏Å|fake
‡∏™‡∏ß‡∏¢‡∏°‡∏≤‡∏Å‡∏Ñ‡πà‡∏∞‡∏î‡∏µ‡∏°‡∏≤‡∏Å‡πÄ‡∏£‡∏¥‡πà‡∏î‡πÜ‡πÜ‡πÑ ‡πÉ‡∏ä‡πâ‡∏î‡∏µ‡∏ó‡∏¥‡∏ô‡∏î‡πâ‡∏ß‡∏¢‡∏ï‡∏¥‡∏î‡∏ó‡∏ô‡∏™‡∏±‡πà‡∏á‡∏≠‡∏µ‡∏Å‡∏Ñ‡πà‡∏∞‡∏™‡∏±‡πà‡∏á‡∏≠‡∏µ‡∏Å‡∏™‡∏±‡πà‡∏á‡∏≠‡∏µ‡∏Å‡∏™‡∏ß‡∏¢‡∏°‡∏≤‡∏Å‡∏Ñ‡πà‡∏∞‡∏î‡∏µ‡∏°‡∏≤‡∏Å‡πÄ‡∏£‡∏¥‡πà‡∏î‡πÜ‡πÜ‡πÑ ‡πÉ‡∏ä‡πâ‡∏î‡∏µ‡∏ó‡∏¥‡∏ô‡∏î‡πâ‡∏ß‡∏¢‡∏ï‡∏¥‡∏î‡∏ó‡∏ô‡∏™‡∏±‡πà‡∏á‡∏≠‡∏µ‡∏Å‡∏Ñ‡πà‡∏∞‡∏™‡∏±‡πà‡∏á‡∏≠‡∏µ‡∏Å‡∏™‡∏±‡πà‡∏á‡∏≠‡∏µ‡∏Å|fake
‡∏£‡πâ‡∏≤‡∏ô‡∏Ñ‡πâ‡∏≤‡πÅ‡∏û‡πá‡∏Ñ‡∏™‡∏¥‡∏ô‡∏Ñ‡πâ‡∏≤‡∏°‡∏≤‡∏î‡∏µ ‡∏™‡∏¥‡∏ô‡∏Ñ‡πâ‡∏≤‡πÑ‡∏°‡πà‡πÄ‡∏™‡∏µ‡∏¢‡∏´‡∏≤‡∏¢‡πÉ‡∏ä‡πâ‡πÄ‡∏ß‡∏•‡∏≤‡∏Å‡∏≤‡∏£‡∏à‡∏±‡∏î‡∏™‡πà‡∏á‡πÑ‡∏°‡πà‡∏ô‡∏≤‡∏ô‡∏Ñ‡πà‡∏∞ ‡∏Ç‡∏ô‡∏™‡πà‡∏á‡∏ö‡∏£‡∏¥‡∏Å‡∏≤‡∏£‡∏î‡∏µ ‡∏à‡∏±‡∏î‡∏™‡πà‡∏á‡πÄ‡∏£‡πá‡∏ß|fake
‡∏≠‡∏£‡πà‡∏≠‡∏¢ ‡∏£‡∏™‡∏ä‡∏≤‡∏ï‡∏¥‡πÄ‡∏Ç‡πâ‡∏°‡∏Ç‡πâ‡∏ô ‡πÄ‡∏ú‡πá‡∏î‡∏ñ‡∏∂‡∏á‡πÉ‡∏à ‡πÑ‡∏°‡πà‡πÄ‡∏´‡∏°‡πá‡∏ô‡∏´‡∏∑‡∏ô ‡πÄ‡∏´‡∏°‡∏≤‡∏∞‡∏™‡πç‡∏≤‡∏´‡∏£‡∏±‡∏ö‡πÇ‡∏£‡∏¢‡πÄ‡∏õ‡πá‡∏ô‡∏ó‡πâ‡∏≠‡∏õ‡∏õ‡∏¥‡πâ‡∏á‡πÉ‡∏ô‡∏≠‡∏≤‡∏´‡∏≤‡∏£‡πÄ‡∏û‡∏∑‡πà‡∏≠‡πÄ‡∏û‡∏¥‡πà‡∏°‡∏£‡∏™‡∏ä‡∏≤‡∏ï‡∏¥ ‡∏™‡∏±‡πà‡∏á‡∏°‡∏≤‡∏´‡∏•‡∏≤‡∏¢‡∏Ñ‡∏£‡∏±‡πâ‡∏á‡∏Å‡πá‡∏¢‡∏±‡∏á‡∏î‡∏µ‡πÄ‡∏´‡∏°‡∏∑‡∏≠‡∏ô‡πÄ‡∏î‡∏¥‡∏° ‡∏£‡πâ‡∏≤‡∏ô‡∏Ñ‡πâ‡∏≤‡∏à‡∏±‡∏î‡∏™‡πà‡∏á‡∏™‡∏¥‡∏ô‡∏Ñ‡πâ‡∏≤‡∏£‡∏ß‡∏î‡πÄ‡∏£‡πá‡∏ß|fake
‡πÑ‡∏î‡πâ‡∏Ç‡∏≠‡∏á‡πÑ‡∏ß‡∏°‡∏≤‡∏Å ‡πÜ ‡∏Ñ‡πà‡∏∞ ‡∏£‡πâ‡∏≤‡∏ô‡∏Ñ‡πâ‡∏≤‡∏™‡πà‡∏á‡πÄ‡∏£‡πá‡∏ß‡πÜ ‡∏°‡∏≤‡∏Å‡∏Å‡∏Å‡∏Å‡∏Å‡∏Å‡∏Å‡πÅ‡∏û‡πá‡∏Ñ‡∏î‡∏µ‡∏Ñ‡πà‡∏∞ ‡πÑ‡∏ß‡πâ‡∏Ñ‡∏£‡∏±‡πâ‡∏á‡∏´‡∏ô‡πâ‡∏≤‡∏à‡∏∞‡∏Å‡∏•‡∏±‡∏ö‡∏°‡∏≤‡∏™‡∏±‡πà‡∏á‡∏≠‡∏µ‡∏Å‡∏ô‡∏∞‡∏Ñ‡∏∞ ‡∏™‡πà‡∏á‡πÑ‡∏ß‡∏ß‡∏ñ‡∏π‡∏Å‡πÉ‡∏à‡∏°‡∏≤‡∏Å‡πÄ‡∏•‡∏¢ ‡πÜ‡πÜ‡πÜ|fake
‡πÄ‡∏õ‡πá‡∏ô‡∏Å‡∏≤‡∏£‡∏ã‡∏∑‡πâ‡∏≠‡∏ã‡πâ‡πç‡∏≤ ‡∏Ñ‡∏£‡∏±‡πâ‡∏á‡∏ó‡∏µ‡πà‡πÅ‡∏•‡πâ‡∏ß‡∏ã‡∏∑‡πâ‡∏≠‡∏°‡∏≤‡∏´‡∏•‡∏≤‡∏¢‡∏™‡∏π‡∏ï‡∏£ ‡πÅ‡∏ï‡πà‡∏™‡∏∏‡∏î‡∏ó‡πâ‡∏≤‡∏¢‡∏ä‡∏≠‡∏ö‡∏≠‡∏±‡∏ô‡∏ô‡∏µ‡πâ‡∏™‡∏π‡∏ï‡∏£‡πÄ‡∏î‡∏µ‡∏¢‡∏ß ‡∏Å‡∏≤‡∏£‡πÅ‡∏û‡πá‡∏Ñ‡∏Å‡∏¥‡πâ‡∏á‡∏™‡∏¥‡∏ô‡∏Ñ‡πâ‡∏≤‡∏ó‡πç‡∏≤‡πÑ‡∏î‡πâ‡∏î‡∏µ‡∏°‡∏≤‡∏Å|fake
‡∏Ñ‡∏∏‡∏ì‡∏Ñ‡πà‡∏≤‡∏Ç‡∏≠‡∏á‡πÄ‡∏á‡∏¥‡∏ô:‡∏Ñ‡∏∏‡∏ì‡∏†‡∏≤‡∏û‡∏ï‡∏≤‡∏°‡∏£‡∏≤‡∏Ñ‡∏≤ ‡∏£‡∏™‡∏ä‡∏≤‡∏ï‡∏¥:‡πÄ‡∏Ñ‡πá‡∏°‡∏ô‡∏¥‡∏î‡∏´‡∏ô‡πà‡∏≠‡∏¢‡πÄ‡∏´‡∏°‡∏≤‡∏∞‡∏Å‡∏¥‡∏ô‡∏Å‡∏±‡∏ö‡∏Ç‡πâ‡∏≤‡∏ß‡∏™‡πà‡∏á‡πÑ‡∏°‡πà‡πÄ‡∏£‡πá‡∏ß‡∏°‡∏≤‡∏Å ‡∏£‡∏™‡∏ä‡∏≤‡∏î‡∏à‡∏±‡∏î‡∏à‡πâ‡∏≤‡∏ô ‡∏≠‡∏≠‡∏Å‡πÄ‡∏Ñ‡πá‡∏°‡πÄ‡∏´‡∏°‡∏≤‡∏∞‡∏Å‡∏¥‡∏ô‡∏Å‡∏±‡∏ö‡∏Ç‡πâ‡∏≤‡∏ß ‡∏´‡∏°‡∏π‡∏≠‡∏≠‡∏Å‡πÅ‡∏Ç‡πá‡∏á‡∏ô‡∏¥‡∏î‡∏´‡∏ô‡πà‡∏≠‡∏¢‡∏≠‡∏≤‡∏à‡∏à‡∏∞‡πÄ‡∏û‡∏£‡∏≤‡∏∞‡∏´‡∏°‡∏π‡∏Å‡∏£‡∏∞‡∏à‡∏Å‡∏ä‡∏¥‡πâ‡∏ô‡∏Ñ‡πà‡∏≠‡∏ô‡∏Ç‡πâ‡∏≤‡∏á‡∏´‡∏ô‡∏≤‡∏´‡∏ô‡πà‡∏≠‡∏¢|fake
‡∏≠‡∏£‡πà‡∏≠‡∏¢‡∏™‡∏∏‡∏î‡πÜ ‡∏™‡∏±‡πà‡∏á‡∏£‡∏≠‡∏ö2‡πÅ‡∏•‡πâ‡∏ß‡∏Ñ‡πà‡∏∞|fake
‡∏Ñ‡∏∏‡∏ì‡∏Ñ‡πà‡∏≤‡∏Ç‡∏≠‡∏á‡πÄ‡∏á‡∏¥‡∏ô:‡∏Ñ‡∏∏‡πâ‡∏°‡∏£‡∏≤‡∏Ñ‡∏≤ ‡∏£‡∏™‡∏ä‡∏≤‡∏ï‡∏¥:‡∏≠‡∏£‡πà‡∏≠‡∏¢ ‡πÄ‡∏û‡πà‡∏á‡∏™‡∏±‡πà‡∏á‡∏Ñ‡∏£‡∏±‡πâ‡∏á‡πÅ‡∏£‡∏Å|fake
‡πÇ‡∏≠‡πÄ‡∏Ñ‡∏£‡∏Ñ‡∏£‡∏±‡∏ö ‡∏Å‡∏≤‡∏£‡∏à‡∏ô‡∏™‡πà‡∏á‡∏Å‡πá‡∏™‡πà‡∏á‡πÄ‡∏£‡πá‡∏ß‡∏î‡∏µ‡∏Ñ‡∏£‡∏≤‡∏ö‡∏ú‡∏° ‡∏ï‡πâ‡∏≠‡∏á‡∏î‡∏π‡∏Å‡πà‡∏≠‡∏ô‡∏Ñ‡∏∏‡∏ì‡∏†‡∏≤‡∏û‡∏î‡∏µ‡∏Ç‡∏ô‡∏≤‡∏î‡πÑ‡∏´‡∏ô‡∏Ñ‡∏£‡∏±‡∏ö‡∏î‡∏π‡∏Å‡∏±‡∏ô‡∏¢‡∏≤‡∏ß‡πÜ‡πÜ‡πÜ‡∏Ñ‡∏£‡∏≤‡∏ö‡∏ß‡πà‡∏≤‡∏î‡∏µ‡πÅ‡∏Ñ‡πà‡πÑ‡∏´‡∏ô‡∏Ñ‡∏£‡∏±‡∏ö‡∏î‡∏π‡∏Å‡∏±‡∏ô‡∏≠‡∏µ‡∏Å‡∏ó‡∏µ‡∏Ñ‡∏£‡∏±‡∏ö ‡∏Ñ‡∏£‡∏±‡∏ö|fake
‡∏≠‡∏£‡πà‡∏≠‡∏¢‡∏°‡∏≤‡∏Å‡πÜ‡∏à‡∏£‡πâ‡∏≤‡∏™‡∏±‡πà‡∏á‡∏°‡∏≤‡∏Å‡∏¥‡∏ô‡∏´‡∏•‡∏≤‡∏¢‡∏£‡∏≠‡∏ö‡πÅ‡∏•‡πâ‡∏ß‡∏Ñ‡∏£‡πâ‡∏≤‡∏£‡∏≠‡πÑ‡∏°‡πà‡∏ô‡∏≤‡∏ô‡∏£‡∏≠‡∏ö‡∏ô‡∏µ‡πâ‡∏°‡∏µ‡πÇ‡∏õ‡∏£‡∏™‡πà‡∏á‡∏ü‡∏£‡∏µ‡∏î‡πâ‡∏ß‡∏¢‡∏î‡∏µ‡∏°‡∏≤‡∏Å‡πÜ‡πÄ‡∏•‡∏¢‡∏à‡∏£‡πâ‡∏≤‡∏≤‡∏≤|fake
‡∏Ñ‡∏∏‡∏ì‡∏Ñ‡πà‡∏≤‡∏Ç‡∏≠‡∏á‡πÄ‡∏á‡∏¥‡∏ô:‡∏Ñ‡∏∏‡πâ‡∏°‡∏Ñ‡πà‡∏≤ ‡πÉ‡∏´‡πâ‡πÄ‡∏¢‡∏≠‡∏∞ ‡∏£‡∏™‡∏ä‡∏≤‡∏ï‡∏¥:‡∏≠‡∏£‡πà‡∏≠‡∏¢ ‡πÄ‡∏Ç‡πâ‡∏°‡∏Ç‡πâ‡∏ô ‡∏Å‡∏£‡∏≠‡∏ö‡∏î‡∏µ ‡∏£‡∏™‡∏ä‡∏≤‡∏ï‡∏¥‡∏ô‡∏±‡∏ß‡∏°‡∏≤‡∏Å‡∏Ç‡∏ô‡∏™‡πà‡∏á‡∏î‡∏µ ‡∏™‡∏¥‡∏ô‡∏Ñ‡πâ‡∏≤‡∏Ñ‡∏£‡∏ö‡∏ñ‡πâ‡∏ß‡∏ô ‡πÄ‡∏•‡∏∑‡∏≠‡∏Å‡∏£‡∏™‡πÄ‡∏ú‡πá‡∏î‡∏°‡∏≤‡∏Å‡∏°‡∏≤‡∏Å‡πá‡πÄ‡∏ú‡πá‡∏î‡∏™‡∏∞‡πÉ‡∏à‡∏™‡∏∏‡∏î ‡πÜ ‡∏≠‡∏£‡πà‡∏≠‡∏¢ ‡πÜ ‡∏Å‡∏¥‡∏ô‡πÄ‡∏•‡πà‡∏ô‡πÑ‡∏î‡πâ‡∏ó‡∏±‡πâ‡∏á‡∏ß‡∏±‡∏ô|fake
‡∏Å‡∏£‡∏∞‡∏õ‡∏∏‡∏Å‡πÉ‡∏´‡∏ç‡πà‡∏°‡∏≤‡∏Å‡∏Ñ‡πà‡∏∞‡∏™‡πà‡∏ß‡∏ô‡∏£‡∏™‡∏ä‡∏≤‡∏ï‡∏¥‡πÄ‡∏î‡∏µ‡∏¢‡∏ß‡∏•‡∏≠‡∏á‡∏ä‡∏¥‡∏°‡∏Å‡πà‡∏≠‡∏ô‡∏ô‡πà‡∏∞‡∏Ñ‡πà‡∏∞|fake
‡∏£‡∏™‡∏ä‡∏≤‡∏ï‡∏¥:‡∏≠‡∏£‡πà‡∏≠‡∏¢‡∏°‡∏≤‡∏Å ‡∏•‡∏≤‡∏ö‡∏≠‡∏£‡πà‡∏≠‡∏¢‡πÄ‡∏õ‡∏£‡∏µ‡πâ‡∏¢‡∏ß‡∏ô‡∏¥‡∏î‡πÄ‡∏ú‡πá‡∏î‡∏ï‡∏≤‡∏°‡πÅ‡∏ã‡πà‡∏ö ‡πÄ‡∏ú‡πá‡∏î‡∏≠‡∏£‡πà‡∏≠‡∏¢‡∏ï‡πâ‡∏°‡∏¢‡πç‡∏≤‡πÅ‡∏ã‡πà‡∏ö‡∏≠‡∏µ‡∏´‡∏•‡∏µ‡∏ä‡∏≠‡∏ö‡∏°‡∏≤‡∏Å‡∏≠‡∏£‡πà‡∏≠‡∏¢3‡∏î‡∏£‡∏∞‡∏õ‡∏∏‡∏Å114‡∏ö‡∏≤‡∏ó‡∏ñ‡∏π‡∏Å‡∏°‡∏≤‡∏Å‡πÑ‡∏î‡πâ‡πÄ‡∏¢‡∏≠‡∏∞‡∏Ñ‡∏∏‡πâ‡∏°|fake
‡∏ã‡∏∑‡πâ‡∏≠‡∏°‡∏≤‡∏Å‡∏¥‡∏ô‡πÑ‡∏õ‡∏Ñ‡∏£‡∏∂‡πà‡∏á‡∏ô‡∏∂‡∏á‡πÅ‡∏•‡πâ‡∏ß‡∏Ñ‡πà‡∏∞‡∏≠‡∏£‡πà‡∏≠‡∏¢‡∏ô‡∏∞‡∏ä‡∏≠‡∏ö‡∏à‡∏∞‡∏™‡∏±‡πà‡∏á‡∏≠‡∏µ‡∏Å‡∏ô‡∏∞‡∏Ñ‡∏∞‡∏™‡∏±‡πà‡∏á‡∏Ç‡∏≠‡∏á‡πÑ‡∏°‡πà‡∏Å‡∏µ‡πà‡∏ß‡∏±‡∏ô‡∏Å‡πá‡πÑ‡∏î‡πâ‡πÄ‡∏•‡∏¢‡∏£‡∏™‡∏ä‡∏≤‡∏ï‡∏¥‡∏ô‡∏µ‡πâ‡∏ñ‡∏π‡∏Å‡πÉ‡∏à‡∏Ñ‡πà‡∏∞|fake
‡∏≠‡∏£‡πà‡∏≠‡∏¢‡∏°‡∏≤‡∏Å‡∏Ñ‡πà‡∏∞‡πÑ‡∏î‡πâ‡πÄ‡∏¢‡∏≠‡∏∞‡∏î‡πâ‡∏ß‡∏¢‡∏õ‡∏£‡∏¥‡∏°‡∏≤‡∏ì‡πÄ‡∏¢‡∏≠‡∏∞|fake
‡∏Å‡∏£‡∏∞‡∏õ‡∏∏‡∏Å‡πÉ‡∏™‡∏ô‡πâ‡πç‡∏≤‡∏û‡∏£‡∏¥‡∏Å ‡∏ó‡πç‡∏≤‡∏°‡∏≤‡∏î‡∏µ‡πÄ‡∏•‡∏¢ ‡∏°‡∏µ‡∏ù‡∏≤‡∏õ‡∏¥‡∏î‡∏°‡∏¥‡∏î‡∏ä‡∏¥‡∏î ‡πÅ‡∏ô‡πà‡∏ô‡∏´‡∏ô‡∏≤‡∏™‡πà‡∏á‡∏Ç‡∏≠‡∏á‡∏Ñ‡πà‡∏≠‡∏ô‡∏Ç‡πâ‡∏≤‡∏á‡πÑ‡∏ß|fake
‡∏£‡∏™‡∏ä‡∏≤‡∏ï‡∏¥:‡πÑ‡∏î‡πâ‡∏£‡∏±‡∏ö‡∏™‡∏¥‡∏ô‡∏Ñ‡πâ‡∏≤‡∏à‡∏≤‡∏Å‡∏£‡πâ‡∏≤‡∏ô‡∏Ñ‡πâ‡∏≤‡πÑ‡∏ß‡∏°‡∏≤‡∏Å‡∏Å ‡∏Å‡∏≤‡∏£‡∏ö‡∏£‡∏¥‡∏Å‡∏≤‡∏£‡∏à‡∏≤‡∏Å‡∏£‡πâ‡∏≤‡∏ô‡∏Ñ‡πâ‡∏≤‡∏î‡∏µ ‡∏Å‡∏≤‡∏£‡πÅ‡∏û‡∏Ñ‡∏™‡∏¥‡∏ô‡∏Ñ‡πâ‡∏≤‡∏î‡∏µ‡∏ô‡∏∞ ‡∏Å‡∏≤‡∏£‡∏à‡∏±‡∏î‡∏™‡πà‡∏á‡∏Å‡πá‡∏î‡∏µ ‡∏£‡∏≤‡∏Ñ‡∏≤‡∏î‡∏µ‡πÅ‡∏•‡∏∞‡∏Ñ‡∏∏‡πâ‡∏°‡∏Ñ‡πà‡∏≤|fake
‡πÇ‡∏≠‡πÄ‡∏Ñ‡πÑ‡∏î‡πâ‡∏£‡∏±‡∏ö‡∏™‡∏¥‡∏ô‡∏Ñ‡πâ‡∏≤‡πÅ‡∏•‡πâ‡∏ß ‡∏û‡∏ô‡∏±‡∏Å‡∏á‡∏≤‡∏ô‡∏™‡πà‡∏á‡∏Ç‡∏≠‡∏á‡πÇ‡∏≠‡πÄ‡∏Ñ‡∏°‡∏≤‡∏ï‡∏£‡∏á‡πÄ‡∏ß‡∏•‡∏≤ ‡∏ö‡∏£‡∏£‡∏à‡∏∏‡∏†‡∏±‡∏ì‡∏ë‡πå‡∏ö‡∏∏‡∏ö‡∏ô‡∏¥‡∏î‡∏´‡∏ô‡πà‡∏≠‡∏¢ ‡∏£‡∏™‡∏ä‡∏≤‡∏î‡∏≠‡∏£‡πà‡∏≠‡∏¢ ‡∏≠‡∏ö‡∏Å‡∏¥‡∏ô‡πÑ‡∏î‡πâ‡πÄ‡∏•‡∏¢ ‡πÑ‡∏ß‡πâ‡∏Ñ‡∏£‡∏±‡πâ‡∏á‡∏´‡∏ô‡πâ‡∏≤‡∏à‡∏∞‡∏™‡∏±‡πà‡∏á‡πÉ‡∏´‡∏°‡πà|fake
‡∏£‡∏™‡∏ä‡∏≤‡∏ï‡∏¥:‡∏Å‡∏¥‡∏ô‡πÅ‡∏õ‡πä‡∏ö‡πÄ‡∏î‡∏µ‡∏¢‡∏ß‡∏à‡∏∞‡∏´‡∏°‡∏î‡πÅ‡∏•‡πâ‡∏ß‡∏≠‡∏£‡πà‡∏≠‡∏¢‡∏°‡∏≤‡∏Å‡∏ä‡∏≠‡∏ö‡∏°‡∏≤‡∏Å‡∏Ñ‡πà‡∏∞‡∏£‡∏™:‡∏£‡∏™‡∏î‡∏±‡πâ‡∏á‡πÄ‡∏î‡∏¥‡∏° ‡πÄ‡∏ú‡πá‡∏î‡∏Å‡∏•‡∏≤‡∏á|fake
‡πÑ‡∏î‡πâ‡∏£‡∏±‡∏ö‡∏™‡∏¥‡∏ô‡∏Ñ‡πâ‡∏≤‡πÄ‡∏£‡πá‡∏ß‡∏Ñ‡πà‡∏∞ ‡∏ô‡πà‡∏≤‡∏Å‡∏¥‡∏ô‡∏≠‡∏¢‡∏π‡πà‡∏Ñ‡πà‡∏∞ ‡πÅ‡∏ï‡πà‡∏Ç‡∏≠‡∏ó‡∏î‡∏•‡∏≠‡∏á‡∏Å‡∏¥‡∏ô‡∏î‡∏π‡∏Å‡πà‡∏≠‡∏ô‡∏ô‡∏∞‡∏Ñ‡πà‡∏∞ ‡∏ñ‡πâ‡∏≤‡∏≠‡∏£‡πà‡∏≠‡∏¢‡∏à‡∏∞‡∏Å‡∏±‡∏ö‡∏°‡∏≤ ‡∏≠‡∏∏‡∏î‡∏Å‡∏ô‡∏∏‡∏ô‡πÉ‡∏´‡∏°‡πà‡∏Ñ‡πà‡∏∞ ‡∏Ç‡∏≠‡∏ö‡∏Ñ‡∏∏‡∏ì‡∏ó‡∏≤‡∏á‡∏£‡πâ‡∏≤‡∏ô‡∏ó‡∏µ‡πà‡∏™‡πà‡∏á‡πÑ‡∏ß‡∏Ñ‡πà‡∏∞|fake
‡∏™‡∏±‡πà‡∏á‡∏Ç‡∏≠‡∏á‡πÑ‡∏õ‡∏ß‡∏±‡∏ô‡∏ó‡∏µ‡πà19/01/2566 ‡∏ß‡∏±‡∏ô‡∏ó‡∏µ‡πà 20/01/2566  ‡∏ä‡∏¥‡∏°‡πÅ‡∏•‡πâ‡∏ß‡∏≠‡∏£‡πà‡∏≠‡∏¢‡∏¢‡∏¢‡∏¢‡∏¢‡∏¢‡∏¢‡∏¢‡∏¢‡∏¢ ‡πÅ‡∏û‡πá‡∏Ñ‡∏°‡∏≤‡∏î‡∏µ‡∏°‡∏≤‡∏Å‡∏Å‡∏Å‡∏Å‡∏Å‡∏Å‡∏Å‡∏Å|fake
‡πÑ‡∏î‡πâ‡∏£‡∏±‡∏ö‡∏™‡∏¥‡∏ô‡∏Ñ‡πâ‡∏≤‡πÅ‡∏•‡πâ‡∏ß‡∏Ñ‡πà‡∏∞‡∏™‡∏¥‡∏ô‡∏Ñ‡πâ‡∏≤‡∏à‡∏±‡∏î‡∏™‡πà‡∏á‡πÑ‡∏ß‡∏°‡∏≤‡∏Å‡∏•‡∏≠‡∏á‡∏ä‡∏¥‡∏°‡πÅ‡∏•‡πâ‡∏ß‡∏≠‡∏£‡πà‡∏≠‡∏¢‡∏î‡∏µ‡∏Ñ‡πà‡∏∞‡πÇ‡∏Ñ‡∏ï‡∏£‡πÅ‡∏ã‡πà‡∏ö‡∏ú‡∏°‡∏ä‡∏∑‡πà‡∏≠‡∏Ñ‡πà‡∏∞‡∏à‡∏∞‡∏™‡∏±‡πà‡∏á‡πÉ‡∏´‡∏°‡πà‡πÅ‡∏ô‡πà‡∏ô‡∏≠‡∏ô‡∏Ñ‡πà‡∏∞|fake
‡πÑ‡∏î‡πâ‡∏£‡∏±‡∏ö‡∏™‡∏¥‡∏ô‡∏Ñ‡πâ‡∏≤‡πÄ‡∏£‡∏µ‡∏¢‡∏ö‡∏£‡πâ‡∏≠‡∏¢‡πÅ‡∏•‡πâ‡∏ß‡∏Ñ‡πà‡∏∞ ‡∏à‡∏±‡∏î‡∏™‡πà‡∏á‡∏£‡∏ß‡∏î‡πÄ‡∏£‡πá‡∏ß ‡∏£‡∏™‡∏ä‡∏≤‡∏ï‡∏¥‡∏≠‡∏£‡πà‡∏≠‡∏¢ ‡πÄ‡∏ú‡πá‡∏î‡∏™‡∏∞‡πÉ‡∏à|fake
‡∏£‡∏™‡∏ä‡∏≤‡∏ï‡∏¥‡∏≠‡∏£‡πà‡∏≠‡∏¢‡∏î‡∏µ‡∏Ñ‡∏∞‡∏´‡∏•‡∏≤‡∏ô‡∏≠‡∏¢‡∏≤‡∏Å‡∏Å‡∏¥‡∏ô ‡∏Ç‡∏ô‡∏™‡πà‡∏á‡∏ä‡πâ‡∏≤‡πÑ‡∏õ‡∏ô‡∏¥‡∏î ‡∏£‡∏™‡∏ä‡∏≤‡∏ï‡∏¥‡∏≠‡∏£‡πà‡∏≠‡∏¢‡∏î‡∏µ‡∏Ñ‡∏∞‡∏´‡∏•‡∏≤‡∏ô‡∏≠‡∏¢‡∏≤‡∏Å‡∏Å‡∏¥‡∏ô ‡∏Ç‡∏ô‡∏™‡πà‡∏á‡∏ä‡πâ‡∏≤‡πÑ‡∏õ‡∏ô‡∏¥‡∏î‡πÑ‡∏î‡πâ‡∏£‡∏≤‡∏Ñ‡∏≤‡πÇ‡∏õ‡∏£45‡∏ö‡∏≤‡∏ó|fake
‡∏≠‡∏£‡πà‡∏≠‡∏¢‡∏Ñ‡πà‡∏∞ ‡πÄ‡∏ú‡πá‡∏î‡πÅ‡∏ö‡∏ö‡∏û‡∏≠‡∏î‡∏µ ‡∏Å‡∏£‡∏≠‡∏ö‡πÅ‡∏ï‡πà‡∏°‡∏µ‡∏ö‡∏≤‡∏á‡∏ä‡∏¥‡πâ‡∏ô‡πÅ‡∏Ç‡πá‡∏á‡πÅ‡∏ï‡πà‡∏ô‡πâ‡∏≠‡∏¢‡∏Ñ‡πà‡∏∞ ‡∏Ñ‡∏∏‡πâ‡∏°‡∏Ñ‡πà‡∏≤‡∏£‡∏≤‡∏Ñ‡∏≤ ‡πÑ‡∏°‡πà‡πÄ‡∏´‡∏°‡πá‡∏ô‡∏´‡∏∑‡∏ô‡πÄ‡∏•‡∏¢‡∏Ñ‡πà‡∏∞ ‡∏à‡∏∞‡∏™‡∏±‡πà‡∏á‡∏≠‡∏µ‡∏Å‡πÅ‡∏ô‡πà‡∏ô‡∏≠‡∏ô‡∏Ñ‡πà‡∏∞|fake
‡∏õ‡∏£‡∏∞‡πÇ‡∏¢‡∏Ñ‡πÅ‡∏£‡∏Å‡∏ó‡∏µ‡πà‡∏à‡∏∞‡∏û‡∏¥‡∏°‡∏û‡πå ‡∏Ñ‡∏∑‡∏≠ ‡∏≠‡∏£‡πà‡∏≠‡∏¢‡∏°‡∏≤‡∏Å‡πÜ‡πÜ‡πÜ ‡∏£‡∏™‡∏ä‡∏≤‡∏ï‡∏¥‡∏î‡∏µ ‡πÑ‡∏î‡πâ‡∏£‡∏±‡∏ö‡∏™‡∏¥‡∏ô‡∏Ñ‡πâ‡∏≤‡πÑ‡∏ß‡∏°‡∏≤‡∏Å ‡∏Ç‡∏ô‡∏™‡πà‡∏ß‡∏Å‡πá‡∏™‡πà‡∏á‡πÑ‡∏ß ‡πÅ‡∏û‡πá‡∏Ñ‡∏î‡∏µ‡∏°‡∏≤‡∏Å ‡πÑ‡∏°‡πà‡πÄ‡∏™‡∏µ‡∏¢‡∏´‡∏≤‡∏¢|fake
‡∏Å‡∏£‡∏≠‡∏ö ‡∏≠‡∏£‡πà‡∏≠‡∏¢ ‡πÑ‡∏°‡πà‡πÄ‡∏´‡∏°‡πá‡∏ô‡∏´‡∏∑‡∏ô ‡∏£‡∏™‡∏ä‡∏≤‡∏ï‡∏¥‡πÄ‡∏Ç‡πâ‡∏°‡∏Ç‡πâ‡∏ô ‡πÄ‡∏´‡∏°‡∏≤‡∏∞‡∏™‡πç‡∏≤‡∏´‡∏£‡∏±‡∏ö‡πÇ‡∏£‡∏¢‡πÄ‡∏õ‡πá‡∏ô‡∏ó‡πâ‡∏≠‡∏õ‡∏õ‡∏¥‡πâ‡∏á‡πÉ‡∏ô‡∏≠‡∏≤‡∏´‡∏≤‡∏£‡πÄ‡∏û‡∏∑‡πà‡∏≠‡πÄ‡∏û‡∏¥‡πà‡∏°‡∏£‡∏™‡∏ä‡∏≤‡∏ï‡∏¥ ‡∏£‡πâ‡∏≤‡∏ô‡∏Ñ‡πâ‡∏≤‡∏à‡∏±‡∏î‡∏™‡πà‡∏á‡∏™‡∏¥‡∏ô‡∏Ñ‡πâ‡∏≤‡∏£‡∏ß‡∏î‡πÄ‡∏£‡πá‡∏ß|fake
‡∏≠‡∏£‡πà‡∏≠‡∏¢‡∏°‡∏≤‡∏Å‡πÄ‡∏ú‡πá‡∏î‡∏î‡∏µ ‡∏Ñ‡∏•‡∏∏‡∏Å‡∏Å‡∏±‡∏ö‡∏Ç‡πâ‡∏≤‡∏ß‡∏Å‡πá‡∏≠‡∏£‡πà‡∏≠‡∏¢‡πÅ‡∏ï‡πà‡∏™‡πà‡∏ß‡∏ô‡∏°‡∏≤‡∏Å‡∏à‡∏∞‡∏ó‡∏≤‡∏ô‡πÄ‡∏•‡πà‡∏ô ‡∏™‡∏±‡πà‡∏á‡∏°‡∏≤ 3 ‡∏Å‡∏•‡πà‡∏≠‡∏á‡∏Ñ‡πà‡∏∞ ‡πÄ‡∏õ‡πá‡∏ô‡∏´‡∏°‡∏π‡∏Å‡∏£‡∏∞‡∏à‡∏Å‡πÅ‡∏ö‡∏ö‡∏£‡∏™‡πÄ‡∏ú‡πá‡∏î‡∏°‡∏≤‡∏Å|fake
‡∏Ç‡πâ‡∏≤‡∏ß‡∏™‡∏ß‡∏¢‡∏£‡πâ‡∏≠‡∏ô‡πÜ ‡∏Ñ‡∏•‡∏∏‡∏Å‡∏Å‡∏±‡∏ö‡∏ô‡πâ‡πç‡∏≤‡∏û‡∏£‡∏¥‡∏Å ‡∏£‡∏≤‡∏î‡∏î‡πâ‡∏ß‡∏¢‡πÑ‡∏Ç‡πà‡πÄ‡∏à‡∏µ‡∏¢‡∏ß‡∏ü‡∏π‡πÜ|fake
‡∏™‡πà‡∏á‡πÄ‡∏£‡πá‡∏ß‡∏Ñ‡πà‡∏∞ ‡∏≠‡∏£‡πà‡∏≠‡∏¢ ‡∏™‡∏±‡πà‡∏á‡πÄ‡∏ú‡πá‡∏î‡∏°‡∏≤‡∏Å‡∏°‡∏≤‡∏≠‡∏£‡πà‡∏≠‡∏¢‡∏î‡∏µ‡∏Ñ‡πà‡∏∞ ‡∏£‡πâ‡∏≤‡∏ô‡∏™‡πà‡∏á‡πÄ‡∏£‡πá‡∏ß‡∏°‡∏≤‡∏Å‡∏Ñ‡πà‡∏∞ ‡πÑ‡∏°‡πà‡∏Å‡∏µ‡πà‡∏ß‡∏±‡∏ô‡∏Å‡πâ‡∏≠‡∏ñ‡∏∏‡∏á ‡∏£‡∏≤‡∏Ñ‡∏≤‡πÇ‡∏≠‡πÄ‡∏Ñ‡∏Ñ‡πà‡∏∞|fake
‡∏ñ‡∏∂‡∏á‡πÑ‡∏ß‡∏°‡∏≤‡∏Å‡πÜ‡πÜ‡∏Ñ‡πà‡∏∞ ‡∏£‡∏≤‡∏Ñ‡∏≤‡∏ñ‡∏π‡∏Å‡∏î‡∏µ ‡∏£‡∏≠‡∏ö‡∏Å‡πà‡∏≠‡∏ô‡∏™‡∏±‡πà‡∏á‡πÑ‡∏õ‡∏•‡∏≠‡∏á‡∏£‡∏™‡∏ï‡πâ‡∏°‡∏¢‡πç‡∏≤‡πÑ‡∏õ ‡πÅ‡∏ã‡πà‡∏ö‡πÅ‡∏•‡∏∞‡πÄ‡∏ú‡πá‡∏î‡∏°‡∏≤‡∏Å‡∏Å‡∏Å‡∏Å‡∏Å‡∏Å ‡∏£‡∏≠‡∏ö‡∏ô‡∏µ‡πâ‡∏™‡∏±‡πà‡∏á‡∏£‡∏™‡πÉ‡∏´‡∏°‡πà 3 ‡∏£‡∏™ ‡∏£‡∏™‡∏•‡∏≤‡∏ö ‡∏≠‡∏£‡πà‡∏≠‡∏¢‡πÅ‡∏ï‡πà‡πÄ‡∏ú‡πá‡∏î‡∏°‡∏≤‡∏Å‡∏Å‡∏Å ‡∏£‡∏™‡∏ò‡∏£‡∏£‡∏°‡∏î‡∏≤‡∏Å‡πá‡∏≠‡∏£‡πà‡∏≠‡∏¢‡∏î‡∏µ ‡πÑ‡∏î‡πâ‡∏£‡∏™‡∏ä‡∏≤‡∏ï‡∏¥‡∏´‡∏°‡∏π‡∏Å‡∏£‡∏∞‡∏à‡∏Å‡∏ä‡∏±‡∏î ‡∏™‡πà‡∏ß‡∏ô‡∏ô‡πâ‡πç‡∏≤‡∏¢‡πâ‡∏≠‡∏¢‡∏Å‡πá‡∏≠‡∏£‡πà‡∏≠‡∏¢‡∏°‡∏≤‡∏Å‡πÜ‡πÜ‡πÄ‡∏ú‡πá‡∏î‡∏õ‡∏≤‡∏ô‡∏Å‡∏•‡∏≤‡∏á ‡∏£‡∏≠‡∏ö‡∏´‡∏ô‡πâ‡∏≤‡∏°‡∏µ‡∏≠‡∏∏‡∏î‡∏´‡∏ô‡∏∏‡∏ô‡πÉ‡∏´‡∏°‡πà‡πÅ‡∏ô‡πà‡∏ô‡∏≠‡∏ô‡∏Ñ‡πà‡∏≤‡∏≤‡∏≤‡∏≤‡∏≤|fake
‡∏£‡∏±‡∏ö‡∏™‡∏¥‡∏ô‡∏Ñ‡πâ‡∏≤‡∏Ñ‡∏£‡∏ö‡∏ñ‡πâ‡∏ß‡∏ô‡∏ï‡∏£‡∏á‡∏ï‡∏≤‡∏°‡∏ó‡∏µ‡πà‡∏™‡∏±‡πà‡∏á‡πÑ‡∏ß‡πâ ‡∏ú‡∏π‡πâ‡∏Ç‡∏≤‡∏¢‡∏à‡∏±‡∏î‡∏™‡πà‡∏á‡∏™‡∏¥‡∏ô‡∏Ñ‡πâ‡∏≤‡∏î‡πâ‡∏ß‡∏¢‡∏Ñ‡∏ß‡∏≤‡∏°‡πÄ‡∏£‡∏µ‡∏¢‡∏ö‡∏£‡πâ‡∏≠‡∏¢‡∏™‡∏¥‡∏ô‡∏Ñ‡πâ‡∏≤‡∏Å‡πá‡πÅ‡∏ô‡πà‡∏ô‡πÄ‡∏ï‡πá‡∏°‡∏Å‡∏£‡∏∞‡∏õ‡∏∏‡∏Å‡πÄ‡∏´‡∏°‡∏∑‡∏≠‡∏ô‡∏Å‡∏±‡∏ö‡∏ó‡∏µ‡πà‡πÇ‡∏Ü‡∏©‡∏ì‡∏≤ ‡∏î‡∏µ‡∏°‡∏≤‡∏Å‡πÜ‡πÜ‡πÜ‡πÜ‡πÜ ‡πÅ‡∏•‡πâ‡∏ß‡∏Ñ‡∏£‡∏±‡πâ‡∏á‡∏ï‡πà‡∏≠‡πÜ‡πÑ‡∏õ‡∏Ñ‡∏á‡∏à‡∏∞‡πÑ‡∏î‡πâ‡∏°‡∏µ‡∏Å‡∏≤‡∏£‡∏≠‡∏∏‡∏î‡∏´‡∏ô‡∏∏‡∏ô‡∏Å‡∏±‡∏ô‡πÄ‡∏£‡∏∑‡πà‡∏≠‡∏¢‡πÜ|fake
‡∏ñ‡πâ‡∏≤‡∏Å‡∏£‡∏∞‡πÇ‡∏î‡∏î‡πÄ‡∏ä‡∏∑‡∏≠‡∏Å‡πÑ‡∏°‡πà‡πÄ‡∏õ‡πá‡∏ô‡∏à‡∏£‡∏¥‡∏á‡πÜ ‡∏û‡∏≠‡∏°‡∏µ‡∏ó‡πà‡∏≤‡∏≠‡∏≠‡∏Å‡∏Å‡πç‡∏≤‡∏•‡∏±‡∏á‡∏Å‡∏≤‡∏¢‡∏≠‡∏±‡∏ô‡πÑ‡∏´‡∏ô‡πÄ‡πÄ‡∏ó‡∏ô‡∏Å‡∏≤‡∏£‡∏Å‡∏£‡∏∞‡πÇ‡∏î‡∏î‡πÄ‡∏ä‡∏∑‡∏≠‡∏Å‡πÑ‡∏î‡πâ‡∏ö‡πâ‡∏≤‡∏á‡∏Ñ‡∏±‡∏ö ‡∏≠‡∏¢‡∏≤‡∏Å‡∏•‡∏î‡πÑ‡∏Ç‡∏°‡∏±‡∏ô ‡∏ï‡∏±‡πâ‡∏á‡πÄ‡πÄ‡∏ï‡πà‡∏≠‡∏≤‡∏¢‡∏∏ 13 ‡πÄ‡∏•‡∏¢ ‡∏°‡∏µ‡∏û‡∏∏‡∏á ‡∏°‡∏µ‡πÄ‡πÄ‡∏Å‡πâ‡∏°‡∏ô‡∏¥‡∏î‡πÜ‡πÑ‡∏°‡πà‡∏Ñ‡πà‡∏≠‡∏¢‡∏ä‡∏≠‡∏ö5555|fake
‡πÑ‡∏î‡πâ‡∏£‡∏±‡∏ö‡∏™‡∏¥‡∏ô‡∏Ñ‡πâ‡∏≤‡∏´‡∏•‡∏≤‡∏¢‡∏ß‡∏±‡∏ô‡πÅ‡∏•‡πâ‡∏ß‡πÄ‡∏û‡∏¥‡πà‡∏á‡∏°‡∏≤‡∏£‡∏µ‡∏ß‡∏¥‡∏ß ‡∏£‡∏™‡∏ä‡∏≤‡∏î‡∏Ç‡∏≠‡∏á‡∏ô‡πâ‡πç‡∏≤‡∏û‡∏£‡∏¥‡∏Å‡∏û‡∏≠‡πÉ‡∏ä‡πâ‡πÑ‡∏î‡πâ|fake
‡∏≠‡∏£‡πà‡∏≠‡∏¢‡∏Ñ‡πà‡∏∞‡∏ä‡∏≠‡∏ö‡∏ô‡∏∞‡∏£‡∏≤‡∏Ñ‡∏≤‡∏ñ‡∏π‡∏Å|fake
‡∏ô‡πâ‡πç‡∏≤‡∏û‡∏£‡∏¥‡∏Å‡∏Å‡∏£‡∏≠‡∏ö‡∏≠‡∏£‡πà‡∏≠‡∏¢‡∏î‡∏µ‡∏Ñ‡πà‡∏∞ ‡πÅ‡∏ï‡πà‡πÇ‡∏î‡∏¢‡∏™‡πà‡∏ß‡∏ô‡∏ï‡∏±‡∏ß‡∏´‡∏ß‡∏≤‡∏ô‡πÑ‡∏õ‡∏ô‡∏¥‡∏î ‡πÄ‡∏•‡∏¢‡∏õ‡∏£‡∏∏‡∏á‡πÄ‡∏û‡∏¥‡πà‡∏°‡πÄ‡∏≠‡∏á‡πÄ‡∏û‡∏¥‡πà‡∏°‡πÄ‡∏Ñ‡πá‡∏°‡∏≠‡∏µ‡∏Å‡∏´‡∏ô‡πà‡∏≠‡∏¢‡∏ô‡∏∂‡∏á‡πÇ‡∏î‡∏¢‡∏£‡∏ß‡∏°‡πÉ‡∏ä‡πâ‡πÑ‡∏î‡πâ‡πÄ‡∏•‡∏¢‡∏Ñ‡πà‡∏∞|fake
‡∏î‡∏µ‡∏≠‡∏£‡πà‡∏≠‡∏¢‡∏™‡πà‡∏á‡∏Ç‡∏≠‡∏á‡∏õ‡∏Å‡∏ï‡∏¥‡πÑ‡∏°‡πà‡πÄ‡∏£‡πá‡∏ß‡πÑ‡∏°‡πà‡∏ä‡πâ‡∏≤‡∏Ç‡∏≠‡∏á‡∏°‡∏≤‡∏î‡∏µ‡πÑ‡∏°‡πà‡∏°‡∏µ‡πÄ‡∏™‡∏µ‡∏¢‡∏´‡∏≤‡∏¢ ‡∏≠‡∏£‡πà‡∏≠‡∏¢‡∏î‡∏µ‡∏°‡∏≤‡∏Å‡∏Ç‡∏ô‡∏™‡πà‡∏á‡∏î‡∏µ‡∏°‡∏≤‡∏Å ‡∏Ç‡∏≠‡∏á‡∏°‡∏≤‡∏Ñ‡∏£‡∏ö‡∏ï‡∏≤‡∏°‡∏Ñ‡πç‡∏≤‡∏™‡∏±‡πà‡∏á‡∏ã‡∏∑‡πâ‡∏≠|fake
‡∏≠‡∏£‡πà‡∏≠‡∏¢‡∏Ñ‡πà‡∏∞ ‡πÅ‡∏ï‡πà‡πÄ‡∏õ‡πá‡∏ô‡∏Ñ‡∏ô‡πÑ‡∏°‡πà‡∏Ñ‡πà‡∏≠‡∏¢‡∏Å‡∏¥‡∏ô‡∏´‡∏ß‡∏≤‡∏ô‡πÄ‡∏•‡∏¢‡∏£‡∏π‡πâ‡∏™‡∏∂‡∏Å‡∏ß‡πà‡∏≤‡∏´‡∏ß‡∏≤‡∏ô‡πÑ‡∏õ‡∏Ñ‡πà‡∏∞ ‡πÅ‡∏ï‡πà‡∏£‡∏ß‡∏°‡πÜ‡∏≠‡∏£‡πà‡∏≠‡∏¢‡∏Ñ‡πà‡∏∞ ‡πÑ‡∏ß‡πâ‡∏à‡∏∞‡∏≠‡∏∏‡∏î‡∏´‡∏ô‡∏∏‡∏ô‡∏™‡∏¥‡∏ô‡∏Ñ‡πâ‡∏≤‡∏Ç‡∏≠‡∏á‡∏Ñ‡∏∏‡∏ì‡∏≠‡∏µ‡∏Å‡∏ô‡∏∞‡∏Ñ‡∏∞|fake
‡πÑ‡∏î‡πâ‡∏£‡∏±‡∏ö‡∏™‡∏¥‡∏ô‡∏Ñ‡πâ‡∏≤‡πÄ‡∏£‡∏µ‡∏¢‡∏ö‡∏£‡πâ‡∏≠‡∏¢‡πÅ‡∏•‡πâ‡∏ß‡∏Ñ‡πà‡∏∞ ‡πÑ‡∏°‡πà‡∏£‡∏π‡πâ‡∏à‡∏∞‡∏û‡∏π‡∏î‡∏≠‡∏∞‡πÑ‡∏£ ‡∏™‡∏±‡πà‡∏á‡∏ö‡πà‡∏≠‡∏¢‡∏°‡∏≤‡∏Å‡∏Å‡∏Å‡∏Å‡∏Å‡∏Å‡∏Å‡∏Å 55555 ‡∏Å‡∏¥‡∏ô‡∏Å‡∏±‡∏ô‡∏ó‡∏±‡πâ‡∏á‡∏ö‡πâ‡∏≤‡∏ô|fake
‡πÑ‡∏î‡πâ‡∏£‡∏±‡∏ö‡∏™‡∏¥‡∏ô‡∏Ñ‡πâ‡∏≤‡∏Ñ‡∏£‡∏ö‡∏ï‡∏£‡∏á‡∏ï‡∏≤‡∏°‡∏ó‡∏µ‡πà‡∏™‡∏±‡πà‡∏á‡∏Ñ‡πà‡∏∞ ‡∏Å‡∏≤‡∏£‡∏à‡∏±‡∏î‡∏™‡πà‡∏á‡∏™‡∏¥‡∏ô‡∏Ñ‡πâ‡∏≤‡∏£‡∏ß‡∏î‡πÄ‡∏£‡πá‡∏ß‡∏î‡∏µ ‡∏Å‡∏≤‡∏£‡πÅ‡∏û‡πá‡∏Ñ‡∏™‡∏¥‡∏ô‡∏Ñ‡πâ‡∏≤‡∏Å‡πá‡∏ñ‡∏∑‡∏≠‡∏ß‡πà‡∏≤‡πÇ‡∏≠‡πÄ‡∏Ñ‡∏î‡∏µ‡∏Ñ‡πà‡∏∞|fake
‡∏™‡∏¥‡∏ô‡∏Ñ‡πâ‡∏≤‡∏ï‡∏£‡∏á‡∏õ‡∏Å‡∏ï‡∏£‡∏á‡∏ï‡∏≤‡∏°‡∏™‡∏±‡πà‡∏á ‡∏à‡∏±‡∏î‡∏™‡πà‡∏á‡πÑ‡∏î‡πâ‡∏£‡∏ß‡∏î‡πÄ‡∏£‡πá‡∏ß‡∏°‡∏≤‡∏Å‡πÜ ‡πÅ‡∏Ñ‡πà‡∏Ç‡πâ‡∏≤‡∏°‡∏ß‡∏±‡∏ô‡∏Å‡πá‡πÑ‡∏î‡πâ‡∏£‡∏±‡∏ö‡∏Ç‡∏≠‡∏á‡πÅ‡∏•‡πâ‡∏ß ‡πÅ‡∏û‡πá‡∏Ñ‡∏Å‡∏¥‡πâ‡∏á‡∏î‡∏π‡∏î‡∏µ‡∏ô‡πà‡∏≤‡∏à‡∏∞‡∏≠‡∏£‡πà‡∏≠‡∏¢ ‡∏Ç‡∏≠‡∏•‡∏≠‡∏á‡∏ó‡∏≤‡∏ô‡∏î‡∏π‡∏Å‡πà‡∏≠‡∏ô ‡∏ñ‡πâ‡∏≤‡∏≠‡∏£‡πà‡∏≠‡∏¢‡∏°‡∏µ‡∏ã‡∏∑‡πâ‡∏≠‡∏ã‡πâ‡πç‡∏≤‡πÅ‡∏ô‡πà‡∏ô‡∏≠‡∏ô|fake
‡πÑ‡∏î‡πâ‡∏£‡∏±‡∏ö‡∏™‡∏¥‡∏ô‡∏Ñ‡πâ‡∏≤‡πÄ‡∏£‡∏µ‡∏¢‡∏ö‡∏£‡πâ‡∏≠‡∏¢‡πÅ‡∏•‡πâ‡∏ß‡∏Ñ‡πà‡∏∞ ‡∏ô‡πâ‡πç‡∏≤‡∏û‡∏£‡∏¥‡∏Å‡∏ô‡πâ‡πç‡∏≤‡∏¢‡πâ‡∏≠‡∏¢ ‡∏ô‡πâ‡πç‡∏≤‡∏û‡∏£‡∏¥‡∏Å‡∏ó‡∏µ‡πà‡∏ï‡πâ‡∏≠‡∏á‡∏°‡∏µ‡∏ï‡∏¥‡∏î‡∏ö‡πâ‡∏≤‡∏ô‡∏ô‡∏ô‡∏ô ‡πÑ‡∏°‡πà‡∏°‡∏µ‡πÑ‡∏°‡πà‡πÑ‡∏î‡πâ ‡∏≠‡∏¥‡∏≠‡∏¥|fake
‡∏≠‡∏£‡πà‡∏≠‡∏¢‡∏ô‡∏∞ ‡πÅ‡∏ï‡πà‡∏°‡∏µ‡∏Ñ‡∏ß‡∏≤‡∏°‡∏Ç‡∏°‡∏õ‡∏•‡∏≤‡∏¢‡πÜ ‡∏ó‡∏≤‡∏Å‡∏±‡∏ö‡∏Ç‡πâ‡∏≤‡∏ß‡∏ô‡πà‡∏≤‡∏à‡∏∞‡πÄ‡∏Ç‡πâ‡∏≤‡∏Å‡∏±‡∏ô ‡∏Å‡∏¥‡∏ô‡πÄ‡∏•‡πà‡∏ô ‡∏ï‡∏≠‡∏ô‡∏î‡∏π‡∏ó‡∏µ‡∏ß‡∏µ ‡∏Å‡πá‡πÄ‡∏û‡∏•‡∏¥‡∏ô‡∏ô‡∏∞‡∏Ñ‡∏∞. ‡πÑ‡∏°‡πà‡∏°‡∏µ‡∏Å‡∏•‡∏¥‡πà‡∏ô‡πÄ‡∏´‡∏°‡πá‡∏ô‡∏´‡∏∑‡∏ô|fake
‡πÑ‡∏î‡πâ‡∏£‡∏±‡∏ö‡∏Ç‡∏≠‡∏á‡πÅ‡∏•‡πâ‡∏ß‡∏Ñ‡πà‡∏∞‡∏£‡πâ‡∏≤‡∏ô‡∏™‡πà‡∏á‡πÑ‡∏ß‡∏î‡∏µ‡∏Ñ‡πà‡∏∞‡πÑ‡∏î‡πâ‡∏°‡∏≤‡πÉ‡∏ô‡∏£‡∏≤‡∏Ñ‡∏≤‡∏Ç‡∏ß‡∏î‡∏•‡∏∞ 26 ‡∏ö‡∏≤‡∏ó‡∏Ñ‡∏∏‡πâ‡∏°‡∏°‡∏≤‡∏Å‡πÜ‡∏Ñ‡πà‡∏∞ ‡∏ä‡∏≠‡∏ö‡∏°‡∏≤‡∏Å‡πÜ ‡πÑ‡∏ß‡πâ‡∏à‡∏∞‡∏≠‡∏∏‡∏î‡∏´‡∏ô‡∏∏‡∏ô‡∏≠‡∏µ‡∏Å‡∏Ñ‡πà‡∏∞|fake
‡∏à‡∏±‡∏î‡∏™‡πà‡∏á‡πÑ‡∏ß‚Äã ‡∏£‡∏™‡∏ä‡∏≤‡∏ï‡∏¥‚Äã‡∏≠‡∏£‡πà‡∏≠‡∏¢‡∏ñ‡∏π‡∏Å‡∏õ‡∏≤‡∏Å‡∏Å‡πà‡∏≠‡∏ô‡∏ñ‡∏∂‡∏á‡∏à‡∏∞‡∏ñ‡∏π‡∏Å‡∏•‡∏¥‡πâ‡∏ô‚Äã|fake
‡∏Ñ‡∏∏‡∏ì‡∏Ñ‡πà‡∏≤‡∏Ç‡∏≠‡∏á‡πÄ‡∏á‡∏¥‡∏ô:‡πÄ‡∏´‡∏°‡∏≤‡∏∞‡∏™‡∏° ‡∏£‡∏™‡∏ä‡∏≤‡∏ï‡∏¥:‡∏≠‡∏£‡πà‡∏≠‡∏¢‡∏°‡∏≤‡∏Å‡∏Å ‡πÑ‡∏°‡πà‡πÄ‡∏ú‡πá‡∏î‡πÄ‡∏Å‡∏¥‡∏ô‡πÑ‡∏õ‡∏™‡πç‡∏≤‡∏´‡∏£‡∏±‡∏ö‡∏Ñ‡∏ô‡πÑ‡∏°‡πà‡∏Å‡∏¥‡∏ô‡πÄ‡∏ú‡πá‡∏î ‡∏Ç‡∏ô‡∏≤‡∏î‡∏Å‡πç‡∏≤‡∏•‡∏±‡∏á‡∏û‡∏≠‡∏î‡∏µ‡∏û‡∏≠‡πÄ‡∏´‡∏°‡∏≤‡∏∞ ‡πÄ‡∏´‡∏°‡∏≤‡∏™‡∏°‡∏Å‡∏±‡∏ö‡∏£‡∏≤‡∏Ñ‡∏≤‡∏°‡∏≤‡∏Å‡πÜ|fake
‡∏≠‡∏£‡πà‡∏≠‡∏¢‡∏°‡∏≤‡∏Å‡∏Ñ‡∏£‡∏±‡∏ö  ‡∏Å‡∏£‡∏≠‡∏ö‡πÑ‡∏°‡πà‡πÅ‡∏Ç‡πá‡∏á  ‡∏£‡∏™‡πÄ‡∏ú‡πá‡∏î‡∏°‡∏≤‡∏Å‡∏Ñ‡∏£‡∏±‡∏ö ‡∏Ñ‡∏£‡∏≤‡∏ß‡∏´‡∏ô‡πâ‡∏≤ ‡∏ï‡πâ‡∏≠‡∏á‡∏™‡∏±‡πà‡∏á‡πÄ‡∏ú‡πá‡∏î‡∏ô‡πâ‡∏≠‡∏¢ ‡πÑ‡∏°‡πà‡∏≠‡∏°‡∏ô‡πç‡∏≤‡πâ‡∏°‡∏±‡∏ô  ‡∏ä‡∏≠‡∏ö‡∏°‡∏≤‡∏Å‡∏Ñ‡∏£‡∏±‡∏ö|fake
‡∏£‡∏≠‡∏Ç‡∏≠‡∏á‡∏ô‡∏≤‡∏ô‡∏´‡∏•‡∏≤‡∏¢‡∏ß‡∏±‡∏ô ‡∏û‡∏≠‡πÑ‡∏î‡πâ‡∏£‡∏±‡∏ö‡∏•‡∏≠‡∏á‡∏Å‡∏¥‡∏ô‡πÄ‡∏õ‡πá‡∏ô‡∏Ç‡∏≠‡∏á‡πÉ‡∏´‡∏°‡πà ‡∏Å‡∏£‡∏≠‡∏ö‡∏≠‡∏£‡πà‡∏≠‡∏¢‡∏î‡∏µ‡∏Ñ‡πà‡∏∞ ‡∏Ç‡∏ô‡∏≤‡∏î‡∏™‡∏±‡πà‡∏á‡πÄ‡∏ú‡πá‡∏î‡∏ô‡πâ‡∏≠‡∏¢ ‡∏¢‡∏±‡∏á‡∏Ñ‡∏¥‡∏î‡∏ß‡πà‡∏≤‡πÄ‡∏ú‡πá‡∏î‡πÑ‡∏õ‡∏™‡πç‡∏≤‡∏´‡∏£‡∏±‡∏ö‡πÄ‡∏£‡∏≤ ‡πÄ‡∏û‡∏£‡∏≤‡∏∞‡πÄ‡∏õ‡πá‡∏ô‡∏Ñ‡∏ô‡πÑ‡∏°‡πà‡∏Å‡∏¥‡∏ô‡πÄ‡∏ú‡πá‡∏î|fake
‡∏™‡∏¥‡∏ô‡∏Ñ‡πâ‡∏≤‡∏à‡∏±‡∏î‡∏™‡πà‡∏á‡∏£‡∏ß‡∏î‡πÄ‡∏£‡πá‡∏ß ‡∏´‡πà‡∏≠‡∏î‡∏µ ‡∏ö‡∏£‡∏£‡∏à‡∏∏‡∏†‡∏±‡∏ì‡∏ë‡πå‡∏î‡∏π‡∏î‡∏µ ‡∏´‡∏°‡∏π‡∏Å‡∏£‡∏∞‡∏à‡∏Å‡∏Å‡∏£‡∏≠‡∏ö‡∏î‡∏µ‡∏Ñ‡πà‡∏∞ ‡∏ô‡πâ‡πç‡∏≤‡∏û‡∏£‡∏¥‡∏Å‡∏´‡∏°‡∏π‡∏î‡∏±‡πâ‡∏á‡πÄ‡∏î‡∏¥‡∏°‡∏´‡∏ß‡∏≤‡∏ô‡∏°‡∏≤‡∏Å‡∏ô‡πâ‡πç‡∏≤‡∏ï‡∏≤‡∏•‡∏°‡∏≤‡πÄ‡∏õ‡πá‡∏ô‡πÄ‡∏°‡πá‡∏î‡πÄ‡∏•‡∏¢ üòÇ ‡∏ñ‡πâ‡∏≤‡∏•‡∏î‡∏´‡∏ß‡∏≤‡∏ô‡∏•‡∏á‡∏à‡∏∞‡∏î‡∏µ‡∏°‡∏≤‡∏Å‡πÄ‡∏•‡∏¢ ‡∏™‡πà‡∏ß‡∏ô‡∏£‡∏™‡∏ï‡πâ‡∏°‡∏¢‡πç‡∏≤‡∏¢‡∏±‡∏á‡πÑ‡∏°‡πà‡πÑ‡∏î‡πâ‡∏•‡∏≠‡∏á‡∏ä‡∏¥‡∏°‡∏Ñ‡πà‡∏∞ ‡∏£‡∏ß‡∏°‡πÜ‡πÅ‡∏•‡πâ‡∏ß‡∏î‡∏µ‡∏Ñ‡πà‡∏∞|fake
‡∏£‡πâ‡∏≤‡∏ô‡∏à‡∏±‡∏î‡∏™‡πà‡∏á‡πÄ‡∏£‡πá‡∏ß‡∏°‡∏≤‡∏Å‡∏Ñ‡πà‡∏∞ ‡πÑ‡∏°‡πà‡πÄ‡∏Å‡∏¥‡∏ô2‡∏ß‡∏±‡∏ô‡πÑ‡∏î‡πâ‡∏£‡∏±‡∏ö‡∏Ç‡∏≠‡∏á‡πÄ‡∏•‡∏¢‡∏ó‡∏µ‡πà‡∏™‡πç‡∏≤‡∏Ñ‡∏±‡∏ç‡∏≠‡∏£‡πà‡∏≠‡∏¢‡∏°‡∏≤‡∏Å ‡πÉ‡∏´‡πâ‡∏û‡∏µ‡πà‡∏ó‡∏µ‡πà‡∏ó‡πç‡∏≤‡∏á‡∏≤‡∏ô‡∏ä‡∏¥‡∏°‡∏î‡πâ‡∏ß‡∏¢ ‡∏à‡∏ô‡∏ï‡πâ‡∏≠‡∏á‡∏™‡∏±‡πà‡∏á‡∏ï‡∏≤‡∏°‡πÄ‡∏•‡∏¢|fake
‡∏Ñ‡∏∏‡πâ‡∏°‡∏£‡∏≤‡∏Ñ‡∏≤‡∏°‡∏≤‡∏Å‡πÜ ‡∏ã‡∏∑‡πâ‡∏≠‡πÑ‡∏î‡πâ‡πÉ‡∏ô‡∏£‡∏≤‡∏Ñ‡∏≤‡∏ñ‡∏π‡∏Å ‡∏£‡πâ‡∏≤‡∏ô‡∏Ñ‡πâ‡∏≤‡∏™‡πà‡∏á‡∏Ç‡∏≠‡∏á‡πÑ‡∏ß‡∏î‡∏µ‡∏£‡∏≠‡πÑ‡∏°‡πà‡∏ô‡∏≤‡∏ô‡πÅ‡∏û‡πá‡∏Ñ‡∏°‡∏≤‡∏≠‡∏¢‡πà‡∏≤‡∏á‡∏î‡∏µ‡∏Ç‡∏≠‡∏á‡πÑ‡∏°‡πà‡πÄ‡∏™‡∏µ‡∏¢‡∏´‡∏≤‡∏¢...|fake
‡∏Ñ‡∏∏‡∏ì‡∏Ñ‡πà‡∏≤‡∏Ç‡∏≠‡∏á‡πÄ‡∏á‡∏¥‡∏ô:‡∏Ñ‡∏∏‡πâ‡∏°‡∏Ñ‡πà‡∏≤‡∏°‡∏≤‡∏Å ‡∏£‡∏™‡∏ä‡∏≤‡∏ï‡∏¥:‡∏î‡∏µ‡∏ï‡πà‡∏≠‡πÉ‡∏à‡∏ô‡πâ‡πç‡∏≤‡∏û‡∏£‡∏¥‡∏Å‡∏´‡∏°‡∏π‡∏Å‡∏£‡∏∞‡∏à‡∏Å ‡πÇ‡∏Ñ‡∏ï‡∏£‡πÅ‡∏ã‡πà‡∏ö ‡∏£‡∏∞‡∏î‡∏±‡∏ö‡∏Ñ‡∏ß‡∏≤‡∏°‡πÄ‡∏ú‡πá‡∏î‡∏ô‡πâ‡∏≠‡∏¢ ‡∏´‡∏°‡∏π‡∏Å‡∏£‡∏∞‡∏à‡∏Å‡∏Å‡∏£‡∏≠‡∏ö‡∏≠‡∏£‡πà‡∏≠‡∏¢ ‡πÄ‡∏Ñ‡∏µ‡πâ‡∏¢‡∏ß‡πÄ‡∏û‡∏•‡∏¥‡∏ô ‡πÄ‡∏Å‡∏¥‡∏ô‡∏´‡πâ‡∏≤‡∏°‡πÉ‡∏à ‡πÑ‡∏ß‡πâ‡∏≠‡∏∏‡∏î‡∏´‡∏ô‡∏∏‡∏ô‡πÉ‡∏´‡∏°‡πà‡∏Ñ‡πà‡∏∞|fake
‡∏£‡∏™‡∏ä‡∏≤‡∏ï‡∏¥: ‡∏ô‡πâ‡πç‡∏≤‡∏û‡∏£‡∏¥‡∏Å‡∏ô‡πâ‡πç‡∏≤‡∏¢‡πâ‡∏≠‡∏¢ ‡∏Ç‡∏≠‡∏à.‡πÅ‡∏û‡∏£‡πà  ‡∏ã‡∏∑‡πâ‡∏≠‡∏°‡∏≤‡∏•‡∏≠‡∏á‡∏Å‡∏¥‡∏ô ‡∏ô‡πà‡∏≤‡∏à‡∏∞‡∏≠‡∏£‡πà‡∏≠‡∏¢ ‡∏ô‡πâ‡πç‡∏≤‡∏û‡∏£‡∏¥‡∏Å‡∏ô‡πâ‡πç‡∏≤‡∏¢‡πâ‡∏≠‡∏¢ ‡∏Ç‡∏≠‡∏à.‡πÅ‡∏û‡∏£‡πà  ‡∏ã‡∏∑‡πâ‡∏≠‡∏°‡∏≤‡∏•‡∏≠‡∏á‡∏Å‡∏¥‡∏ô ‡∏ô‡πà‡∏≤‡∏à‡∏∞‡∏≠‡∏£‡πà‡∏≠‡∏¢|fake
‡πÑ‡∏î‡πâ‡∏£‡∏±‡∏ö‡∏™‡∏¥‡∏ô‡∏Ñ‡πâ‡∏≤‡πÅ‡∏•‡πâ‡∏ß‡∏ô‡∏∞‡∏Ñ‡πà‡∏∞ ‡∏™‡∏¥‡∏ô‡∏Ñ‡πâ‡∏≤‡πÑ‡∏î‡πâ‡∏ï‡∏£‡∏á‡∏ï‡∏≤‡∏°‡∏ó‡∏µ‡πà‡∏™‡∏±‡πà‡∏á‡πÑ‡∏õ ‡∏£‡∏≠‡∏™‡∏¥‡∏ô‡∏Ñ‡πâ‡∏≤‡πÑ‡∏°‡πà‡∏ô‡∏≤‡∏ô‡∏ó‡∏≤‡∏á‡∏£‡πâ‡∏≤‡∏ô‡∏à‡∏±‡∏î‡∏™‡πà‡∏á‡πÄ‡∏£‡πá‡∏ß‡∏°‡∏≤‡∏Å ‡∏™‡∏¥‡∏ô‡∏Ñ‡πâ‡∏≤‡πÑ‡∏°‡πà‡πÑ‡∏î‡πâ‡∏ä‡πç‡∏≤‡∏£‡∏∏‡∏î‡πÅ‡∏•‡∏∞‡πÄ‡∏™‡∏µ‡∏¢‡∏´‡∏≤‡∏¢‡∏ï‡∏£‡∏á‡πÑ‡∏´‡∏ô ‡πÄ‡∏¢‡∏µ‡πà‡∏¢‡∏°|fake
‡∏Ç‡∏ô‡∏™‡πà‡∏á‡∏£‡∏ß‡∏î‡πÄ‡∏£‡πá‡∏ß‚Äã ‡πÅ‡∏û‡πá‡∏Ñ‡∏î‡∏µ‚Äã ‡∏Ñ‡∏£‡∏ö‡∏ñ‡πâ‡∏ß‡∏ô‚Äã ‡∏ñ‡∏π‡∏Å‡∏ï‡πâ‡∏≠‡∏á‚Äã ‡∏™‡∏¥‡∏ô‡∏Ñ‡πâ‡∏≤‡∏°‡∏µ‡∏Ñ‡∏∏‡∏ì‡∏†‡∏≤‡∏û‚Äã‡∏£‡∏≤‡∏Ñ‡∏≤‡πÑ‡∏°‡πà‡πÅ‡∏û‡∏á‡πÅ‡∏ô‡∏∞‡∏ô‡πç‡∏≤‡∏£‡πâ‡∏≤‡∏ô‡∏ô‡∏µ‡πâ‡πÄ‡∏•‡∏¢‡∏Ñ‡πà‡∏∞‚Äã|fake
‡∏ú‡∏π‡πâ‡∏ã‡∏∑‡πâ‡∏≠‡πÑ‡∏î‡πâ‡∏£‡∏±‡∏ö‡∏™‡∏¥‡∏ô‡∏Ñ‡πâ‡∏≤‡∏à‡∏≤‡∏Å‡∏ó‡∏≤‡∏á‡∏ú‡∏π‡πâ‡∏Ç‡∏≤‡∏¢‡πÄ‡∏£‡∏µ‡∏¢‡∏ö‡∏£‡πâ‡∏≠‡∏¢‡πÅ‡∏•‡πâ‡∏ß‡∏™‡∏¥‡∏ô‡∏Ñ‡πâ‡∏≤‡∏°‡∏≤‡∏Ñ‡∏£‡∏ö‡∏ñ‡πâ‡∏ß‡∏ô‡∏ñ‡∏π‡∏Å‡∏ï‡πâ‡∏≠‡∏á‡∏ï‡∏£‡∏á‡∏ï‡∏≤‡∏°‡∏ó‡∏µ‡πà‡∏™‡∏±‡πà‡∏á‡πÑ‡∏ß‡πâ ‡∏™‡∏¥‡∏ô‡∏Ñ‡πâ‡∏≤‡πÑ‡∏°‡πà‡∏°‡∏µ‡∏Ñ‡∏ß‡∏≤‡∏°‡πÄ‡∏™‡∏µ‡∏¢‡∏´‡∏≤‡∏¢‡πÉ‡∏î‡πÜ‡∏ï‡πâ‡∏≠‡∏á‡∏Ç‡∏≠‡∏Ç‡∏≠‡∏ö‡∏Ñ‡∏∏‡∏ì‡∏ó‡∏≤‡∏á‡∏ú‡∏π‡πâ‡∏Ç‡∏≤‡∏¢‡∏°‡∏≤‡∏Å‡πÜ|fake
‡∏™‡∏±‡πà‡∏á‡∏Å‡∏µ‡πà‡∏£‡∏≠‡∏ö ‡∏ä‡∏≠‡∏ö ‡∏ó‡∏∏‡∏Å ‡∏£‡∏≠‡∏ö‡∏Ñ‡∏∞  ‡∏™‡πà‡∏á‡πÑ‡∏ß  ‡∏£‡∏≤‡∏Ñ‡∏≤‡∏î‡∏µ ‡πÑ‡∏°‡πà‡πÅ‡∏û‡∏á  ‡πÅ‡∏ñ‡∏° ‡∏´‡πà‡∏≠‡∏Å‡∏±‡∏ô‡∏Å‡∏£‡∏∞  ‡πÅ‡∏ó‡∏Å ‡∏°‡∏≤‡πÉ‡∏´‡πà‡∏î‡πâ‡∏ß‡∏¢  ‡∏£‡∏≤ ‡∏Ñ‡∏≤   ‡∏ñ‡∏π‡∏Å ‡∏≠‡∏µ‡∏Å  ‡πÑ‡∏ß‡πâ‡∏™‡∏±‡πà‡∏á‡∏≠‡∏µ‡∏Å‡∏ô‡∏∞‡∏Ñ‡∏∞|fake
‡∏≠‡∏£‡πà‡∏≠‡∏¢‡∏°‡∏≤‡∏Å‡∏Ñ‡πà‡∏∞ ‡πÅ‡∏ã‡πà‡∏ö‡∏ñ‡∏π‡∏Å‡πÉ‡∏à‡∏£‡∏™‡∏•‡∏≤‡∏ö‡πÅ‡∏ã‡∏ö‡∏ó‡∏±‡πâ‡∏á‡∏ö‡πâ‡∏≤‡∏ô‡∏Ñ‡πà‡∏∞ ‡πÑ‡∏î‡πâ‡πÇ‡∏õ‡∏£‡∏•‡∏î‡∏£‡∏≤‡∏Ñ‡∏≤‡∏î‡πâ‡∏ß‡∏¢‡∏ñ‡∏π‡∏Å‡πÅ‡∏•‡∏∞‡∏≠‡∏£‡πà‡∏≠‡∏¢‡∏°‡∏≤‡∏Å‡∏Ñ‡πà‡∏∞ ‡πÅ‡∏ô‡∏∞‡∏ô‡πç‡∏≤‡∏£‡πâ‡∏≤‡∏ô‡∏ô‡∏µ‡πâ‡πÄ‡∏•‡∏¢‡∏à‡πâ‡∏≤|fake
‡∏™‡∏¥‡∏ô‡∏Ñ‡πâ‡∏≤‡∏°‡∏µ‡∏Ñ‡∏∏‡∏ì‡∏†‡∏≤‡∏û‡∏î‡∏µ ‡∏°‡∏µ‡∏Å‡∏≤‡∏£‡∏ö‡∏£‡∏£‡∏à‡∏∏‡∏´‡∏µ‡∏ö‡∏´‡πà‡∏≠‡∏ó‡∏µ‡πà‡∏î‡∏µ ‡πÑ‡∏°‡πà‡∏ö‡∏∏‡∏ö ‡πÑ‡∏°‡πà‡∏û‡∏±‡∏á ‡∏Ç‡∏ô‡∏™‡πà‡∏á‡∏™‡∏¥‡∏ô‡∏Ñ‡πâ‡∏≤‡∏£‡∏ß‡∏î‡πÄ‡∏£‡πá‡∏ß ‡πÅ‡∏•‡∏∞‡∏ï‡∏£‡∏á‡∏ï‡∏≤‡∏°‡πÄ‡∏ß‡∏•‡∏≤‡∏Ñ‡∏£‡∏±‡∏ö|fake
‡∏£‡∏™‡∏•‡∏≤‡∏ö‡∏≠‡∏£‡πà‡∏≠‡∏¢‡∏°‡∏≤‡∏Å‡πÅ‡∏ã‡πà‡∏ö‡∏°‡∏≤‡∏Å‡πÄ‡∏ú‡πá‡∏î‡∏™‡∏∞‡πÉ‡∏à‡∏î‡∏µ ‡πÅ‡∏•‡πâ‡∏ß‡∏à‡∏∞‡∏™‡∏±‡πà‡∏á‡πÄ‡∏û‡∏¥‡πà‡∏°‡∏≠‡∏µ‡∏Å|fake
‡∏ô‡πâ‡πç‡∏≤‡∏û‡∏£‡∏¥‡∏Å‡∏´‡∏°‡∏π‡∏Å‡∏£‡∏∞‡∏à‡∏Å ‡∏≠‡∏£‡πà‡∏≠‡∏¢ ‡∏Å‡∏£‡∏≠‡∏ö‡∏ô‡∏≤‡∏ô ‡∏ã‡∏∑‡πâ‡∏≠‡∏à‡∏≤‡∏Å‡∏•‡∏≤‡∏ã‡∏≤‡∏î‡πâ‡∏≤‡∏ä‡πà‡∏ß‡∏á 10/10 ‡πÑ‡∏î‡πâ‡∏£‡∏≤‡∏Ñ‡∏≤‡∏û‡∏¥‡πÄ‡∏®‡∏©‡πÅ‡∏ñ‡∏°‡∏Ñ‡πà‡∏≤‡∏°‡∏≤‡∏à‡∏±‡∏î‡∏™‡πà‡∏á‡∏¢‡∏±‡∏á‡∏ñ‡∏π‡∏Å‡∏Å‡∏ß‡πà‡∏≤‡∏Ç‡∏≠‡∏á‡∏≠‡∏µ‡∏Å‡πÄ‡∏à‡πâ‡∏≤|fake
‡∏Ñ‡∏∏‡∏ì‡∏Ñ‡πà‡∏≤‡∏Ç‡∏≠‡∏á‡πÄ‡∏á‡∏¥‡∏ô: ‡∏Ñ‡∏∏‡πâ‡∏°‡∏°‡∏≤‡∏Å ‡∏£‡∏™‡∏ä‡∏≤‡∏ï‡∏¥: ‡∏≠‡∏£‡πà‡∏≠‡∏¢‡∏Ñ‡πà‡∏∞‡∏™‡∏¥‡∏ô‡∏Ñ‡πâ‡∏≤‡∏ï‡∏£‡∏á‡∏õ‡∏Å‡∏£‡∏™:‡∏£‡∏™‡∏î‡∏±‡πâ‡∏á‡πÄ‡∏î‡∏¥‡∏° ‡πÄ‡∏ú‡πá‡∏î‡∏Å‡∏•‡∏≤‡∏á1|fake
‡∏™‡∏±‡πà‡∏á ‡∏´‡∏•‡∏≤‡∏¢‡∏£‡∏≠‡∏ö‡πÅ‡∏•‡πâ‡∏ß‡∏Ç‡∏≠‡∏á‡∏î‡∏µ‡∏™‡∏°‡∏£‡∏≤‡∏Ñ‡∏≤‡∏≠‡∏£‡πà‡∏≠‡∏¢‡πÑ‡∏°‡πà‡πÅ‡∏û‡∏á package ‡∏ö‡∏£‡∏£‡∏à‡∏∏‡∏°‡∏≤‡∏≠‡∏¢‡πà‡∏≤‡∏á‡∏î‡∏µ‡∏™‡πà‡∏á‡∏£‡∏ß‡∏î‡πÄ‡∏£‡πá‡∏ß‡∏£‡∏≠‡∏ö‡∏´‡∏ô‡πâ‡∏≤‡∏à‡∏∞‡∏ã‡∏∑‡πâ‡∏≠‡∏≠‡∏µ‡∏Å|fake
‡∏™‡∏¥‡∏ô‡∏Ñ‡πâ‡∏≤‡∏£‡∏≤‡∏Ñ‡∏≤‡∏ó‡∏µ‡πà‡∏ñ‡∏π‡∏Å‡πÉ‡∏à‡∏°‡∏≤‡∏Å‡πÄ‡∏•‡∏¢‡∏Ñ‡∏£‡∏±‡∏ö‡∏¢‡∏¥‡πà‡∏á‡∏¢‡∏¥‡πà‡∏á‡∏ã‡∏∑‡πâ‡∏≠‡πÉ‡∏ô‡πÅ‡∏≠‡∏õ‡∏¢‡∏¥‡πà‡∏á‡∏£‡∏≤‡∏Ñ‡∏≤‡∏õ‡∏£‡∏∞‡∏´‡∏¢‡∏±‡∏î‡πÅ‡∏•‡πâ‡∏ß‡∏Å‡πá‡∏Å‡∏≤‡∏£‡∏à‡∏±‡∏î‡∏™‡πà‡∏á‡∏Ç‡∏≠‡∏á‡∏ó‡∏≤‡∏á‡∏£‡πâ‡∏≤‡∏ô‡∏Å‡πá‡πÄ‡∏£‡πá‡∏ß‡∏°‡∏≤‡∏Å‡∏î‡πâ‡∏ß‡∏¢‡∏Ñ‡∏£‡∏±‡∏ö‡∏≠‡∏¢‡πà‡∏≤‡∏á‡∏î‡∏µ‡πÄ‡∏•‡∏¢‡∏≠‡πà‡∏∞|fake
‡πÑ‡∏î‡πâ‡∏£‡∏±‡∏ö‡∏™‡∏¥‡∏ô‡∏Ñ‡πâ‡∏≤‡πÅ‡∏•‡πâ‡∏ß‡∏Ñ‡∏£‡∏±‡∏ö ‡∏™‡∏±‡πà‡∏á‡∏ô‡πà‡∏≤‡∏à‡∏∞‡∏Ñ‡∏£‡∏±‡πâ‡∏á‡∏ó‡∏µ‡πà 5 ‡πÑ‡∏î‡πâ‡πÅ‡∏•‡πâ‡∏ß ‡∏£‡∏™‡∏ä‡∏≤‡∏ï‡∏¥‡πÑ‡∏°‡πà‡∏ï‡πâ‡∏≠‡∏á‡∏û‡∏π‡∏î‡∏ñ‡∏∂‡∏á‡∏≠‡∏£‡πà‡∏≠‡∏¢‡∏°‡∏≤‡∏Å‡∏Ñ‡∏£‡∏±‡∏ö ‡∏ñ‡πâ‡∏≤‡∏°‡∏µ‡πÇ‡∏õ‡∏£‡∏î‡∏µ‡πÜ‡πÄ‡∏î‡∏µ‡πã‡∏¢‡∏ß‡∏™‡∏±‡πà‡∏á‡∏≠‡∏µ‡∏Å‡∏Ñ‡∏£‡∏±‡∏ö|fake
‡∏≠‡∏£‡πà‡∏≠‡∏¢‡∏°‡∏≤‡∏Å‡∏Ñ‡πà‡∏∞ ‡πÉ‡∏Ñ‡∏£‡∏≠‡∏¢‡∏≤‡∏Å‡∏Å‡∏¥‡∏ô‡πÅ‡∏ô‡∏∞‡∏ô‡πç‡∏≤ ‡πÅ‡∏Ñ‡∏õ‡∏´‡∏°‡∏π‡πÄ‡∏ï‡πá‡∏°‡∏Å‡∏•‡πà‡∏≠‡∏á ‡∏£‡∏≤‡∏Ñ‡∏≤‡∏ô‡πà‡∏≤‡∏£‡∏±‡∏Å‡∏°‡∏≤‡∏Å‡πÜ ‡πÅ‡∏ô‡∏∞‡∏ô‡πç‡∏≤‡πÄ‡∏•‡∏¢‡∏Ñ‡πà‡∏∞‡πÜ‡πÜ‡πÜ‡πÜ‡πÜ‡πÜ‡∏à‡∏±‡∏î‡∏î‡∏î‡∏î‡∏î‡∏î‡∏™‡πà‡∏á‡∏á‡∏á‡∏á‡∏á‡∏á‡πÄ‡∏£‡πá‡∏ß‡∏ß‡∏ß‡∏ß‡∏ß‡∏ß‡∏ß‡∏ß‡∏Ñ‡∏∞‡∏∞‡∏∞‡∏∞‡∏∞‡∏∞ ‡∏ö‡∏£‡∏¥‡∏Å‡∏≤‡∏£‡∏£‡∏£‡∏£‡∏£‡∏£‡∏î‡∏µ‡πÄ‡∏¢‡∏µ‡πà‡∏¢‡∏°‡∏°‡∏°‡∏°‡∏°‡∏°‡∏°‡∏°‡πÑ‡∏õ‡∏õ‡∏õ‡∏õ‡∏õ‡∏õ‡∏õ‡πÄ‡∏•‡πâ‡∏¢‡∏¢‡∏¢‡∏¢‡∏¢‡∏¢‡∏¢‡∏¢‡∏¢‡∏¢|fake
‡∏™‡∏¥‡∏ô‡∏Ñ‡πâ‡∏≤‡πÅ‡∏û‡πá‡∏Ñ‡∏°‡∏≤‡∏î‡∏µ‡∏°‡∏≤‡∏Å‡∏Ñ‡πà‡∏∞ ‡∏£‡πâ‡∏≤‡∏ô‡∏à‡∏±‡∏î‡∏™‡πà‡∏á‡πÑ‡∏ß‡∏°‡∏≤‡∏Å‡πÜ ‡∏™‡∏¥‡πâ‡∏ô‡∏Ñ‡πâ‡∏≤‡∏Ñ‡∏∏‡πâ‡∏°‡∏Ñ‡πà‡∏≤‡∏Ñ‡∏∏‡πâ‡∏°‡∏£‡∏≤‡∏Ñ‡∏≤‡∏°‡∏≤‡∏Å‡πÑ‡∏õ‡∏Ñ‡πà‡∏∞ ‡πÅ‡∏ô‡∏∞‡∏ô‡πç‡∏≤‡πÄ‡∏•‡∏¢‡∏Ñ‡πà‡∏∞|fake
‡πÅ‡∏Å‡∏∞‡∏•‡∏≠‡∏á‡∏ä‡∏¥‡∏°1‡∏Å‡∏£‡∏∞‡∏õ‡∏∏‡∏Å‡πÅ‡∏•‡πâ‡∏ß‡∏´‡∏£‡πà‡∏≠‡∏¢‡∏î‡∏µ ‡∏™‡πà‡∏á‡∏Ç‡∏≠‡∏á‡πÄ‡∏£‡πá‡∏ß‡πÅ‡∏Å‡∏∞‡∏•‡∏≠‡∏á‡∏ä‡∏¥‡∏°1‡∏Å‡∏£‡∏∞‡∏õ‡∏∏‡∏Å‡πÅ‡∏•‡πâ‡∏ß‡∏´‡∏£‡πà‡∏≠‡∏¢‡∏î‡∏µ ‡∏™‡πà‡∏á‡∏Ç‡∏≠‡∏á‡πÄ‡∏£‡πá‡∏ß‡πÅ‡∏Å‡∏∞‡∏•‡∏≠‡∏á‡∏ä‡∏¥‡∏°1‡∏Å‡∏£‡∏∞‡∏õ‡∏∏‡∏Å‡πÅ‡∏•‡πâ‡∏ß‡∏´‡∏£‡πà‡∏≠‡∏¢‡∏î‡∏µ ‡∏™‡πà‡∏á‡∏Ç‡∏≠‡∏á‡πÄ‡∏£‡πá‡∏ß|fake
‡∏Å‡∏£‡∏≠‡∏ö‡∏°‡∏≤‡∏Å ‡∏£‡∏™‡∏ä‡∏≤‡∏ï‡∏¥‡∏à‡∏±‡∏î‡∏à‡πâ‡∏≤‡∏ô  ‡πÑ‡∏°‡πà‡∏°‡∏µ‡∏Å‡∏•‡∏¥‡πà‡∏ô‡∏´‡∏∑‡∏ô‡∏Å‡∏£‡∏∞‡∏õ‡∏∏‡∏Å‡∏ö‡∏£‡∏£‡∏à‡∏∏‡∏°‡∏≤‡∏î‡∏µ ‡∏Ñ‡πà‡∏≠‡∏ô‡∏Ç‡πâ‡∏≤‡∏á‡∏Å‡∏£‡∏≠‡∏ö ‡πÄ‡∏´‡∏°‡∏≤‡∏∞‡∏™‡πç‡∏≤‡∏´‡∏£‡∏±‡∏ö‡∏Ñ‡∏ô‡∏ä‡∏≠‡∏ö‡∏£‡∏™‡∏à‡∏±‡∏î‡∏à‡πâ‡∏≤‡∏ô|fake
‡∏Ñ‡∏∏‡∏ì‡∏Ñ‡πà‡∏≤‡∏Ç‡∏≠‡∏á‡πÄ‡∏á‡∏¥‡∏ô:‡∏Ñ‡∏∏‡πâ‡∏°‡∏Ñ‡πà‡∏≤‡∏°‡∏≤‡∏Å ‡∏£‡∏≤‡∏Ñ‡∏≤‡∏ñ‡∏π‡∏Å‡∏Å‡∏ß‡πà‡∏≤‡∏£‡πâ‡∏≤‡∏ô‡∏≠‡∏∑‡πà‡∏ô ‡∏£‡∏™‡∏ä‡∏≤‡∏ï‡∏¥:‡∏î‡∏µ‡∏°‡∏≤‡∏Å ‡∏™‡∏±‡πà‡∏á‡πÅ‡∏ö‡∏ö‡πÄ‡∏ú‡πá‡∏î‡∏ô‡πâ‡∏≠‡∏¢‡∏ó‡∏ó‡∏≤‡∏ô‡πÄ‡∏û‡∏•‡∏¥‡∏ô|fake
‡πÑ‡∏î‡πâ‡∏£‡∏±‡∏ö‡∏™‡∏¥‡∏ô‡∏Ñ‡πâ‡∏≤‡πÅ‡∏•‡πâ‡∏ß‡∏Ñ‡πà‡∏∞ ‡∏Ñ‡∏∏‡∏Ø‡∏†‡∏≤‡∏û‡πÉ‡∏´‡∏°‡πà‡∏ô‡πà‡∏≤‡∏£‡∏±‡∏õ‡∏õ‡∏£‡∏∞‡∏ó‡∏≤‡∏ô‡∏£‡∏™‡∏ä‡∏≤‡∏ï‡∏≠‡∏£‡πà‡∏≠‡∏¢‡∏ñ‡πâ‡∏≤‡∏´‡∏°‡∏î‡πÅ‡∏•‡πâ‡∏ß‡∏à‡∏∞‡∏°‡∏≤‡∏≠‡∏∏‡∏î‡∏´‡∏ô‡∏∏‡∏ô‡∏≠‡∏µ‡∏Å‡∏ô‡∏∞‡∏Ñ‡πà‡∏∞|fake
‡∏Ñ‡∏∏‡∏ì‡∏Ñ‡πà‡∏≤‡∏Ç‡∏≠‡∏á‡πÄ‡∏á‡∏¥‡∏ô:‡∏Ñ‡∏∏‡πâ‡∏°‡∏Ñ‡πà‡∏≤ ‡∏£‡∏≤‡∏Ñ‡∏≤‡πÄ‡∏´‡∏°‡∏≤‡∏∞‡∏™‡∏° ‡∏£‡∏™‡∏ä‡∏≤‡∏ï‡∏¥:‡∏≠‡∏£‡πà‡∏≠‡∏¢‡∏î‡∏µ ‡∏Å‡∏¥‡∏ô‡∏Å‡∏±‡∏ö‡∏Ç‡πâ‡∏≤‡∏ß‡∏™‡∏ß‡∏¢‡∏£‡πâ‡∏≠‡∏ô‡πÜ ‡∏Å‡∏ü‡∏≤‡∏£‡∏Ç‡∏ô‡∏™‡πà‡∏á‡πÑ‡∏ß ‡∏ö‡∏£‡∏£‡∏à‡∏∏‡∏ú‡∏•‡∏¥‡∏ï‡∏†‡∏±‡∏ì‡∏ë‡πå‡∏°‡∏≤‡∏î‡∏µ ‡∏Ç‡∏ß‡∏î‡∏û‡∏Å‡∏û‡∏≤‡πÑ‡∏î‡πâ‡∏á‡πà‡∏≤‡∏¢|fake
‡∏Ñ‡∏∏‡∏ì‡∏†‡∏≤‡∏û‡∏Ç‡∏≠‡∏á‡∏™‡∏¥‡∏ô‡∏Ñ‡πâ‡∏≤‡∏î‡∏µ ‡∏°‡∏µ‡∏Ñ‡∏ß‡∏≤‡∏°‡∏Ñ‡∏∏‡πâ‡∏°‡∏Ñ‡πà‡∏≤ ‡∏£‡∏™‡∏ä‡∏≤‡∏ï‡∏¥‡∏≠‡∏£‡πà‡∏≠‡∏¢  ‡πÅ‡∏û‡πá‡∏Ñ‡∏™‡∏¥‡∏ô‡∏Ñ‡πâ‡∏≤‡∏°‡∏≤‡∏î‡∏µ ‡πÑ‡∏°‡πà‡∏°‡∏µ‡∏≠‡∏∞‡πÑ‡∏£‡πÄ‡∏™‡∏µ‡∏¢‡∏´‡∏≤‡∏¢ ‡πÑ‡∏î‡πâ‡∏Ñ‡∏£‡∏ö‡∏ó‡∏∏‡∏Å‡∏ä‡∏¥‡πâ‡∏ô‡∏ï‡∏≤‡∏°‡∏ó‡∏µ‡πà‡∏™‡∏±‡πà‡∏á ‡∏à‡∏±‡∏î‡∏™‡πà‡∏á‡πÄ‡∏£‡πá‡∏ß‡∏î‡∏µ‡∏Ñ‡πà‡∏∞ ‡∏û‡∏ô‡∏á.‡∏à‡∏±‡∏î‡∏™‡πà‡∏á‡∏î‡∏µ ‡∏°‡∏µ‡πÇ‡∏ó‡∏£‡∏°‡∏≤‡πÅ‡∏à‡πâ‡∏á‡∏Å‡πà‡∏≠‡∏ô‡∏™‡πà‡∏á‡∏î‡πâ‡∏ß‡∏¢‡∏Ñ‡πà‡∏∞|fake
‡∏•‡∏≠‡∏á‡∏ä‡∏¥‡∏°‡∏£‡∏™‡∏•‡∏≤‡∏ö‡πÅ‡∏ã‡πà‡∏ö‡πÑ‡∏õ‡∏Ñ‡πà‡∏∞ ‡∏≠‡∏£‡πà‡∏≠‡∏¢‡∏°‡∏≤‡∏Å‡∏Å‡∏Å‡∏Å‡∏Å‡∏Å ‡∏≠‡∏£‡πà‡∏≠‡∏¢‡πÅ‡∏ö‡∏ö‡∏ï‡∏∞‡πÇ‡∏Å‡∏ô ‡πÄ‡∏ú‡πá‡∏î‡∏™‡∏∞‡πÉ‡∏à‡∏°‡∏≤‡∏Å‡∏Ñ‡πà‡∏≤ ‡∏™‡πà‡∏ß‡∏ô‡∏£‡∏™‡∏≠‡∏≠‡∏£‡∏¥‡∏à‡∏¥‡∏ô‡∏≠‡∏•‡∏¢‡∏±‡∏á‡πÑ‡∏°‡πà‡πÑ‡∏î‡πâ‡∏•‡∏≠‡∏á‡πÄ‡∏•‡∏¢ ‡πÅ‡∏ï‡πà‡∏£‡∏™‡∏•‡∏≤‡∏ö‡∏ú‡πà‡∏≤‡∏ô‡∏°‡∏≤‡∏Å 10 ‡∏ú‡πà‡∏≤‡∏ô‡πÄ‡∏•‡∏¢ ‡∏ô‡∏±‡∏ß‡∏°‡∏≤‡∏Å‡∏Ñ‡πà‡∏∞ ‡πÑ‡∏ß‡πâ‡∏à‡∏∞‡∏≠‡∏∏‡∏î‡∏´‡∏ô‡∏∏‡∏ô‡πÉ‡∏´‡∏°‡πà ‡∏Å‡∏£‡∏∞‡∏õ‡∏∏‡∏Å‡∏ô‡∏∂‡∏á‡∏Å‡πá‡πÑ‡∏î‡πâ‡πÄ‡∏¢‡∏≠‡∏∞‡∏≠‡∏¢‡∏π‡πà‡∏Ñ‡πà‡∏∞|fake
‡∏Å‡∏£‡∏∞‡∏õ‡∏∏‡∏Å‡πÉ‡∏´‡∏ç‡πà‡∏°‡∏µ‡∏ö‡∏≠‡∏Å‡∏ß‡∏±‡∏ô‡∏´‡∏°‡∏î‡∏≠‡∏≤‡∏ô‡∏∏‡∏î‡πâ‡∏ß‡∏¢ ‡πÅ‡∏û‡πá‡∏Ñ‡∏™‡∏¥‡∏ô‡∏Ñ‡πâ‡∏≤‡∏°‡∏≤‡∏î‡∏µ‡∏°‡∏≤‡∏Å‡∏Ñ‡πà‡∏∞ ‡∏£‡∏™‡∏ä‡∏≤‡∏ï‡∏¥‡∏≠‡∏£‡πà‡∏≠‡∏¢‡∏°‡∏≤‡∏Å‡∏Å‡∏Ñ‡πà‡∏≤ ‡πÅ‡∏ñ‡∏°‡πÑ‡∏î‡πâ‡∏°‡∏≤‡πÉ‡∏ô‡∏£‡∏≤‡∏Ñ‡∏≤5‡∏ö‡∏≤‡∏ó‡πÄ‡∏û‡∏£‡∏≤‡∏∞‡πÄ‡∏õ‡πá‡∏ô‡∏•‡∏π‡∏Å‡∏Ñ‡πâ‡∏≤‡πÉ‡∏´‡∏°‡πà ‡πÄ‡∏î‡∏µ‡πã‡∏¢‡∏ß‡∏Å‡∏£‡∏∞‡∏õ‡∏∏‡∏Å‡∏ô‡∏µ‡πâ‡∏´‡∏°‡∏î‡∏à‡∏∞‡∏™‡∏±‡πà‡∏á‡πÄ‡∏û‡∏¥‡πà‡∏°‡∏ô‡∏∞‡∏Ñ‡∏∞|fake
‡∏à‡∏±‡∏î‡∏™‡πà‡∏á‡πÑ‡∏ß ‡πÅ‡∏û‡∏Ñ‡∏™‡∏¥‡∏ô‡∏Ñ‡πâ‡∏≤‡∏°‡∏≤‡∏û‡∏≠‡∏î‡∏µ‡∏Å‡∏•‡πà‡∏≠‡∏á ‡∏£‡∏≤‡∏Ñ‡∏≤‡∏ô‡πà‡∏≤‡∏£‡∏±‡∏Å ‡∏£‡∏™‡∏ä‡∏≤‡∏ï‡∏¥‡∏¢‡∏±‡∏á‡πÑ‡∏°‡πà‡πÑ‡∏î‡πâ‡∏•‡∏≠‡∏á‡πÄ‡∏•‡∏¢ ‡πÅ‡∏Æ‡∏£‡πà‡πÜ55555 ‡∏™‡∏±‡πà‡∏á‡∏Å‡∏±‡∏ô‡πÄ‡∏•‡∏¢‡∏Ñ‡πâ‡∏≤‡∏≤‡∏≤‡∏≤‡∏≤‡∏≤‡∏≤‡∏≤‡∏≤‡∏≤‡∏≤‡∏≤‡∏≤‡∏≤‡∏≤‡∏≤‡∏≤‡∏≤‡∏≤ ‡πÑ‡∏î‡πâ‡πÇ‡∏õ‡∏£‡∏™‡πà‡∏á‡∏ü‡∏£‡∏µ‡∏î‡πâ‡∏ß‡∏¢ ‡∏Ñ‡∏∏‡πâ‡∏°‡∏™‡∏∏‡∏î‡πÜ‡πÑ‡∏õ‡πÄ‡∏•‡πâ‡∏¢‡∏¢‡∏¢‡∏¢‡∏¢‡∏¢‡∏¢‡∏¢‡∏¢‡∏¢|fake
‡∏™‡∏±‡πà‡∏á‡∏Ç‡∏≠‡∏á‡∏ß‡∏±‡∏ô‡∏®‡∏∏‡∏Å‡∏£‡πå‡πÑ‡∏î‡πâ‡∏ß‡∏±‡∏ô‡∏û‡∏∏‡∏ò‡∏ä‡πâ‡∏≤‡∏ô‡∏¥‡∏î‡∏´‡∏ô‡πà‡∏≠‡∏¢‡πÅ‡∏ï‡πà‡∏Ç‡∏≠‡∏á‡∏°‡∏≤‡πÉ‡∏ô‡∏™‡∏†‡∏≤‡∏û‡∏î‡∏µ‡∏à‡∏£‡πâ‡∏≤|fake
‡πÄ‡∏¢‡∏µ‡πà‡∏¢‡∏° ‡∏≠‡∏£‡πà‡∏≠‡∏¢ ‡∏™‡∏¥‡∏ô‡∏Ñ‡πâ‡∏≤‡∏¢‡∏±‡∏á‡πÑ‡∏°‡πà‡∏´‡∏°‡∏î‡∏≠‡∏≤‡∏¢‡∏∏ ‡∏à‡∏±‡∏î‡∏à‡πâ‡∏≤‡∏ô‡∏à‡∏µ‡πä‡∏î‡∏à‡πä‡∏≤‡∏î‡∏ñ‡∏∂‡∏á‡πÉ‡∏à‡∏à‡∏£‡∏¥‡∏á‡πÜ ‡∏ä‡∏≠‡∏ö‡∏°‡∏≤‡∏Å‡πÜ‡∏Å‡∏¥‡∏ô‡∏Å‡∏±‡∏ö‡∏Ç‡πâ‡∏≤‡∏ß‡∏™‡∏ß‡∏¢‡∏£‡πâ‡∏≠‡∏ô‡πÜ‡∏≠‡∏£‡πà‡∏≠‡∏¢|fake
‡πÑ‡∏î‡πâ‡∏£‡∏±‡∏ö‡∏™‡∏¥‡∏ô‡∏Ñ‡πâ‡∏≤‡∏≤ ‡∏ñ‡∏π‡∏Å‡∏ï‡πâ‡∏≠‡∏á‡∏á ‡∏Ñ‡∏£‡∏ö‡∏ñ‡πâ‡∏ß‡∏ô‡∏ô ‡∏£‡∏™‡∏ä‡∏≤‡∏ï‡∏¥‡∏î‡∏µ ‡πÇ‡∏≠‡πÄ‡∏Ñ‡πÄ‡∏•‡∏¢ ‡∏£‡∏≤‡∏Ñ‡∏≤‡∏ñ‡∏∑‡∏≠‡∏ß‡πà‡∏≤‡∏ñ‡∏π‡∏Å ‡∏£‡πâ‡∏≤‡∏ô‡∏™‡πà‡∏á‡πÑ‡∏ß‡∏ß‡∏°‡∏≤‡∏Å‡∏Å ‡∏à‡∏∞‡∏≠‡∏∏‡∏î‡∏´‡∏ô‡∏∏‡∏ô‡πÄ‡∏£‡∏∑‡πà‡∏≠‡∏¢‡πÜ‡∏à‡πâ‡∏≤|fake
‡∏™‡∏¥‡∏ô‡∏Ñ‡πâ‡∏≤‡∏î‡∏π‡∏î‡∏µ ‡∏î‡∏π‡∏ô‡πà‡∏≤‡∏Å‡∏¥‡∏ô ‡πÅ‡∏û‡πá‡∏Ñ‡∏°‡∏≤‡∏≠‡∏¢‡πà‡∏≤‡∏á‡∏î‡∏µ ‡∏Ç‡∏ô‡∏™‡πà‡∏á‡∏£‡∏ß‡∏î‡πÄ‡∏£‡πá‡∏ß ‡∏¢‡∏±‡∏á‡πÑ‡∏°‡πà‡πÑ‡∏î‡πâ‡∏ó‡∏î‡∏•‡∏≠‡∏á‡∏Å‡∏¥‡∏ô‡∏´‡∏≤‡∏Å‡∏≠‡∏£‡πà‡∏≠‡∏¢‡πÅ‡∏•‡πâ‡∏ß‡∏î‡∏µ‡∏à‡∏∞‡∏°‡∏≤‡πÄ‡∏û‡∏¥‡πà‡∏°‡∏î‡∏≤‡∏ß‡∏Ñ‡πà‡∏∞|fake
‡∏£‡πâ‡∏≤‡∏ô‡∏™‡πà‡∏á‡∏Ç‡∏≠‡∏á‡πÑ‡∏ß‡∏°‡∏≤‡∏Å‡πÜ‡πÜ‡πÜ‡πÜ‡πÜ‡∏Ñ‡πà‡∏∞ ‡πÅ‡∏û‡πá‡∏Ñ‡∏™‡∏¥‡∏ô‡∏Ñ‡πâ‡∏≤‡∏°‡∏≤‡∏î‡∏µ ‡∏≠‡∏£‡πà‡∏≠‡∏¢‡∏°‡∏≤‡∏Å‡∏≠‡∏±‡∏ô‡∏ô‡∏µ‡πâ ‡∏™‡∏±‡πà‡∏á‡∏Å‡∏¥‡∏ô‡∏´‡∏•‡∏≤‡∏¢‡∏Ñ‡∏£‡∏±‡πâ‡∏á‡πÅ‡∏•‡πâ‡∏ß ‡πÅ‡∏ô‡∏∞‡∏ô‡πç‡∏≤‡πÄ‡∏•‡∏¢‡∏Ñ‡πà‡∏∞ ‡∏≠‡∏£‡πà‡∏≠‡∏¢‡∏à‡∏£‡∏¥‡∏á‡πÜ|fake
‡∏≠‡∏£‡πà‡∏≠‡∏¢‡∏°‡∏≤‡∏Å ‡∏î‡∏µ‡∏°‡∏≤‡∏Å ‡πÄ‡∏î‡πá‡∏î‡∏°‡∏≤‡∏Å‡∏Å‡∏Å‡∏Å‡∏Å ‡∏Å‡∏£‡∏≠‡∏ö‡∏ó‡∏∏‡∏Å‡∏ä‡∏¥‡πâ‡∏ô ‡πÅ‡∏ã‡πà‡∏ö‡∏ó‡∏∏‡∏Å‡∏ä‡∏¥‡πâ‡∏ô ‡πÅ‡∏ñ‡∏°‡πÉ‡∏´‡πâ‡πÅ‡∏ô‡πà‡∏ô‡πÄ‡∏ï‡πá‡∏°‡∏Å‡∏£‡∏∞‡∏õ‡πã‡∏≠‡∏á! ‡∏Å‡∏¥‡∏ô‡∏ß‡∏±‡∏ô‡πÄ‡∏î‡∏µ‡∏¢‡∏ß‡∏´‡∏°‡∏î‡πÄ‡∏•‡∏¢‡∏Ñ‡πà‡∏∞ ‡∏°‡∏±‡∏ô‡∏î‡∏µ‡∏°‡∏≤‡∏Å|fake
‡∏Ñ‡∏∏‡∏ì‡∏Ñ‡πà‡∏≤‡∏Ç‡∏≠‡∏á‡πÄ‡∏á‡∏¥‡∏ô:  ‡∏Ñ‡∏∑‡∏≠‡πÅ‡∏Å‡∏£‡∏à‡πã‡∏≤‡∏≤ ‡∏†‡∏π‡∏°‡∏¥‡πÉ‡∏à‡∏ô‡πç‡∏≤‡πÄ‡∏´‡∏ô‡∏≠‡∏°‡∏≤‡∏Å ‡∏ô‡πâ‡πç‡∏≤‡∏û‡∏£‡∏¥‡∏Å‡∏´‡∏°‡∏π‡∏Å‡∏£‡∏∞‡∏à‡∏Å ‡∏ï‡∏≠‡∏ô‡πÅ‡∏£‡∏Å‡∏Ñ‡∏∑‡∏≠‡πÄ‡∏´‡πá‡∏ô‡∏£‡∏≤‡∏Ñ‡∏≤0‡∏ö‡∏≤‡∏ó ‡πÄ‡∏•‡∏¢‡∏Å‡∏î‡πÄ‡∏•‡πà‡∏ô‡πÜ‡∏Ñ‡∏¥‡∏î‡∏ß‡πà‡∏≤‡∏°‡∏µ‡∏Å‡∏≤‡∏£‡∏ö‡∏ß‡∏Å‡πÄ‡∏û‡∏¥‡πà‡∏°‡∏£‡∏ß‡∏°‡∏Ñ‡πà‡∏≤‡∏™‡πà‡∏á‡πÅ‡∏ô‡πà‡∏ô‡∏≠‡∏ô ‡∏™‡∏£‡∏∏‡∏õ amazing ‡πÑ‡∏ó‡∏¢‡πÅ‡∏•‡∏ô‡∏î‡πå 0‡∏ö‡∏≤‡∏ó‡∏à‡∏£‡∏¥‡∏á‡πÜ‡∏Ñ‡πà‡∏∞ ‡∏≠‡∏≤‡∏à‡πÄ‡∏û‡∏£‡∏≤‡∏∞‡πÄ‡∏õ‡πá‡∏ô‡∏•‡∏π‡∏Å‡∏Ñ‡πâ‡∏≤‡πÉ‡∏´‡∏°‡πà‡∏´‡∏£‡∏∑‡∏≠‡πÑ‡∏£‡πÑ‡∏°‡πà‡πÅ‡∏ô‡πà‡πÉ‡∏à ‡∏´‡πà‡∏≠‡πÅ‡∏û‡πá‡∏Ñ‡πÄ‡∏Å‡∏à‡∏°‡∏≤‡∏≠‡∏¢‡πà‡∏≤‡∏á‡∏î‡∏µ ‡∏™‡πà‡∏á‡πÑ‡∏ß‡∏°‡∏≤‡∏Å ‡πÄ‡∏£‡∏∑‡πà‡∏≠‡∏á‡∏£‡∏™‡∏ä‡∏≤‡∏ï‡∏¥‡πÄ‡∏´‡πá‡∏ô‡∏£‡∏µ‡∏ß‡∏¥‡∏ß‡∏°‡∏≤‡∏´‡∏•‡∏≤‡∏¢‡∏Ñ‡∏≠‡∏°‡πÄ‡∏°‡πâ‡∏ô‡∏ß‡πà‡∏≤ very good ‡∏ñ‡πâ‡∏≤‡∏≠‡∏£‡πà‡∏≠‡∏¢‡πÑ‡∏°‡πà‡∏û‡∏•‡∏≤‡∏î‡πÅ‡∏ô‡πà ‡∏Å‡∏•‡∏±‡∏ö‡∏°‡∏≤‡∏™‡∏±‡πà‡∏á‡πÉ‡∏´‡∏°‡πà‡πÅ‡∏ô‡πà‡∏ô‡∏≠‡∏ô‡∏Ñ‡πâ‡∏≤‡∏≤‡∏≤‡∏≤‡∏≤üôÇ‚Äç‚ÜïÔ∏è|fake
‡∏Å‡∏≤‡∏£‡∏™‡πà‡∏á‡πÅ‡∏û‡πá‡∏Ñ‡∏°‡∏≤‡∏î‡∏µ‚Äã ‡∏™‡πà‡∏á‡∏£‡∏ß‡∏î‡πÄ‡∏£‡πá‡∏ß‚Äã ‡∏≠‡∏£‡πà‡∏≠‡∏¢‚Äã‡∏£‡∏™‡∏ä‡∏≤‡∏ï‡∏¥‡∏î‡∏µ‡∏Å‡∏≤‡∏£‡∏™‡πà‡∏á‡πÅ‡∏û‡πá‡∏Ñ‡∏°‡∏≤‡∏î‡∏µ‚Äã ‡∏™‡πà‡∏á‡∏£‡∏ß‡∏î‡πÄ‡∏£‡πá‡∏ß‚Äã ‡∏≠‡∏£‡πà‡∏≠‡∏¢‚Äã‡∏£‡∏™‡∏ä‡∏≤‡∏ï‡∏¥‡∏î‡∏µ|fake
‡∏≠‡∏£‡πà‡∏≠‡∏¢‡∏°‡∏≤‡∏Å‡∏Å‡∏Å‡∏Å‡∏Å‡∏Å‡∏Å‡∏Å‡∏Å ‡∏ñ‡∏π‡∏Å‡πÉ‡∏à‡∏°‡∏≤‡∏Å‡∏Å‡∏Å ‡∏™‡∏±‡πà‡∏á‡πÄ‡∏ú‡πá‡∏î‡∏°‡∏≤‡∏Å ‡∏Å‡πá‡πÄ‡∏ú‡πá‡∏î‡∏™‡∏∞‡πÉ‡∏à‡∏°‡∏≤‡∏Å‡∏≠‡∏£‡πà‡∏≠‡∏¢‡∏°‡∏≤‡∏Å ‡∏Å‡∏≤‡∏£‡∏Ç‡∏ô‡∏™‡πà‡∏á‡∏Å‡πá‡∏î‡∏µ‡πÑ‡∏°‡πà‡∏°‡∏µ‡∏ä‡πç‡∏≤‡∏£‡∏∏‡∏î|fake
‡πÑ‡∏î‡πâ‡∏£‡∏±‡∏ö‡∏™‡∏¥‡∏ô‡∏Ñ‡πâ‡∏≤‡πÄ‡∏£‡∏µ‡∏¢‡∏ö‡∏£‡πâ‡∏≠‡∏¢‡πÅ‡∏•‡πâ‡∏ß‡∏Ñ‡πà‡∏∞ ‡∏ô‡πâ‡πç‡∏≤‡∏û‡∏£‡∏¥‡∏Å‡∏≠‡∏£‡πà‡∏≠‡∏¢ ‡∏ä‡∏≠‡∏ö‡∏°‡∏≤‡∏Å‡∏Å‡∏Å‡∏Å ‡∏Å‡∏¥‡∏ô‡∏Å‡∏±‡∏ö‡πÑ‡∏Å‡πà‡∏ó‡∏≠‡∏î  ‡∏Å‡∏¥‡∏ô‡∏°‡∏≤‡πÄ‡∏õ‡πá‡∏ô 10 10 ‡∏Å‡∏£‡∏∞‡∏õ‡∏∏‡∏Å‡πÅ‡∏•‡πâ‡∏ß|fake
‡∏Ñ‡∏∏‡∏ì‡∏Ñ‡πà‡∏≤‡∏Ç‡∏≠‡∏á‡πÄ‡∏á‡∏¥‡∏ô:‡∏Ñ‡∏∏‡πâ‡∏°‡∏°‡∏≤‡∏Å‡∏Å‡∏Å‡∏î ‡∏£‡∏™‡∏ä‡∏≤‡∏ï‡∏¥:‡∏≠‡∏£‡πà‡∏≠‡∏¢‡∏ñ‡∏π‡∏Å‡∏õ‡∏≤‡∏Å‡∏î‡∏µ‡∏°‡∏≤‡∏Å‡∏Å‡∏Å‡∏Ñ‡∏∏‡πâ‡∏°‡∏Å‡∏±‡∏ö‡∏£‡∏≤‡∏Ñ‡∏≤ ‡πÅ‡∏ï‡πà‡∏Ñ‡∏ô‡∏ã‡∏∑‡πâ‡∏≠‡πÑ‡∏°‡πà‡∏Ñ‡∏∏‡πâ‡∏°‡πÇ‡∏î‡∏ô‡∏Ñ‡∏ô‡πÉ‡∏ô‡∏ö‡πâ‡∏≤‡∏ô‡πÅ‡∏¢‡πà‡∏á‡∏Å‡∏¥‡∏ô ‡πÑ‡∏î‡πâ‡∏Å‡∏¥‡∏ô4-5‡∏Ñ‡πç‡∏≤‡πÄ‡∏≠‡∏á|fake
‡∏î‡∏µ‡∏°‡∏≤‡∏Å‡∏≠‡∏£‡πà‡∏≠‡∏¢‡∏™‡∏±‡πà‡∏á 2 ‡∏£‡∏≠‡∏ö‡πÅ‡∏•‡πâ‡∏ß‡∏°‡∏µ‡πÇ‡∏Ñ‡πâ‡∏î‡∏™‡πà‡∏á‡∏ü‡∏£‡∏µ‡πÄ‡∏î‡∏µ‡πã‡∏¢‡∏ß‡πÑ‡∏î‡πâ‡∏°‡∏µ‡∏™‡∏±‡πà‡∏á‡πÉ‡∏´‡∏°‡πà‡πÅ‡∏ô‡πà‡∏ô‡∏≠‡∏ô‡∏≠‡∏£‡πà‡∏≠‡∏¢‡∏à‡∏£‡∏¥‡∏á‡πÜ‡πÅ‡∏ô‡∏∞‡∏ô‡πç‡∏≤‡∏™‡∏î‡πÉ‡∏´‡∏°‡πà‡πÑ‡∏°‡πà‡πÄ‡∏´‡∏°‡πá‡∏ô‡∏´‡∏∑‡∏ô‡∏Å‡∏£‡∏≠‡∏ö‡πÄ‡∏ú‡πá‡∏î‡∏à‡∏±‡∏î‡∏à‡πâ‡∏≤‡∏ô‡∏™‡∏∞‡πÉ‡∏à‡∏°‡∏≤‡∏Å‡∏à‡∏±‡∏î‡∏™‡πà‡∏á‡πÑ‡∏ß‡∏û‡∏≠‡∏õ‡∏£‡∏∞‡∏°‡∏≤‡∏ì‡∏Ç‡∏≠‡∏á‡∏ó‡πç‡∏≤‡πÉ‡∏´‡∏°‡πà‡∏à‡∏£‡∏¥‡∏á‡πÜ|fake
‡πÑ‡∏î‡πâ‡∏£‡∏±‡∏ö‡∏™‡∏¥‡∏ô‡∏Ñ‡πâ‡∏≤‡∏ï‡∏£‡∏á‡∏ï‡∏≤‡∏°‡∏Ñ‡∏ß‡∏≤‡∏°‡∏ï‡πâ‡∏≠‡∏á‡∏Å‡∏≤‡∏£‡∏Ñ‡πà‡∏∞ ‡∏Å‡πà‡∏≠‡∏î‡∏µ ‡πÄ‡πÄ‡∏û‡πá‡∏Ñ‡∏°‡∏≤‡∏î‡∏µ ‡∏£‡∏™‡∏ä‡∏≤‡∏ï‡∏¥‡∏≠‡∏£‡πà‡∏≠‡∏¢ ‡πÄ‡πÄ‡∏ï‡πà‡∏´‡∏ß‡∏≤‡∏ô‡πÑ‡∏õ‡∏ô‡∏¥‡∏î‡∏ô‡∏∂‡∏á ‡πÅ‡∏ï‡πà‡πÑ‡∏°‡πà‡∏ï‡∏¥‡∏î‡∏≠‡∏∞‡πÑ‡∏£‡∏Ñ‡πà‡∏∞|fake
‡πÑ‡∏î‡πâ‡∏£‡∏±‡∏ö‡∏Ç‡∏≠‡∏á‡πÄ‡∏£‡∏µ‡∏¢‡∏ö‡∏£‡πâ‡∏≠‡∏¢....‡∏ó‡∏≤‡∏ô‡∏≠‡∏£‡πà‡∏≠‡∏¢...‡∏à‡∏ô‡∏à‡∏∞‡∏´‡∏°‡∏î‡∏Å‡∏£‡∏∞‡∏õ‡∏∏‡∏Å‡πÅ‡∏•‡πâ‡∏ß‡πÄ‡∏ú‡πá‡∏î‡∏õ‡∏≤‡∏ô‡∏Å‡∏•‡∏≤‡∏á...‡∏Å‡πá‡πÄ‡∏ú‡πá‡∏î‡πÅ‡∏•‡πâ‡∏ß..‡πÅ‡∏ã‡πà‡∏ö‡∏à‡∏£‡∏¥‡∏á‡πÜ‡πÜ‡πÜ‡πÜ|fake
‡∏Ñ‡∏∏‡∏ì‡∏Ñ‡πà‡∏≤‡∏Ç‡∏≠‡∏á‡πÄ‡∏á‡∏¥‡∏ô:‡∏Ñ‡∏∏‡πâ‡∏°‡∏Ñ‡πà‡∏≤ ‡∏£‡∏™‡∏ä‡∏≤‡∏ï‡∏¥:‡∏≠‡∏£‡πà‡∏≠‡∏¢‡∏î‡∏µ ‡πÄ‡∏Ç‡πâ‡∏°‡∏Ç‡πâ‡∏ô‡∏™‡∏∏‡∏î ‡πÜ‡∏™‡πà‡∏á‡∏Ç‡∏≠‡∏á‡∏Ñ‡∏£‡∏ö‡∏ñ‡πâ‡∏ß‡∏ô ‡∏ï‡∏±‡∏ß‡∏™‡∏¥‡∏ô‡∏Ñ‡πâ‡∏≤‡πÑ‡∏°‡πà‡πÄ‡∏™‡∏µ‡∏¢‡∏´‡∏≤‡∏¢ ‡∏£‡∏™‡∏ä‡∏≤‡∏ï‡∏¥‡∏î‡∏µ ‡πÄ‡∏Ç‡πâ‡∏°‡∏Ç‡πâ‡∏ô‡∏°‡∏≤‡∏Å ‡πÜ ‡∏Å‡∏£‡∏≠‡∏ö ‡πÄ‡∏Ñ‡∏µ‡πâ‡∏¢‡∏ß‡πÅ‡∏•‡πâ‡∏ß‡∏™‡∏∞‡πÉ‡∏à|fake
‡∏Ñ‡∏∏‡∏ì‡∏Ñ‡πà‡∏≤‡∏Ç‡∏≠‡∏á‡πÄ‡∏á‡∏¥‡∏ô:‡πÄ‡∏´‡∏°‡∏≤‡∏∞‡∏™‡∏°‡∏Å‡∏±‡∏ö‡∏£‡∏≤‡∏Ñ‡∏≤ ‡∏™‡πà‡∏á‡πÑ‡∏ß‡∏Ñ‡∏∞ ‡∏ï‡∏£‡∏á‡∏õ‡∏Å‡∏°‡∏≤‡∏Å ‡πÅ‡∏û‡∏Ñ‡∏°‡∏≤‡∏î‡∏µ‡∏°‡∏≤‡∏Å‡∏Ñ‡∏∞ ‡∏£‡∏™‡∏ä‡∏≤‡∏ï‡∏¥:‡∏≠‡∏£‡πà‡∏≠‡∏¢‡∏Ñ‡∏∞ ‡∏Ñ‡∏•‡∏∏‡∏Å‡∏Å‡∏±‡∏ö‡∏Ç‡πâ‡∏≤‡∏ß‡∏£‡πâ‡∏≠‡∏ô‡πÜ ‡πÉ‡∏™‡πà‡πÑ‡∏Ç‡πà‡∏î‡∏≤‡∏ß‡∏≠‡∏£‡πà‡∏≠‡∏¢‡∏°‡∏≤‡∏Å‡∏Ñ‡∏∞|fake
‡πÇ‡∏Ñ‡∏ï‡∏£‡πÅ‡∏ã‡πà‡∏ö‡∏à‡∏£‡∏¥‡∏á‡πÜ‡∏≠‡∏£‡πà‡∏≠‡∏¢‡∏°‡∏≤‡∏Å‡∏™‡∏°‡∏Ñ‡πç‡∏≤‡∏£‡πà‡πç‡∏≤‡∏•‡∏∑‡∏≠‡∏ï‡∏≤‡∏°‡∏ä‡∏∑‡πà‡∏≠‡πÄ‡∏õ‡πä‡∏∞‡πÄ‡∏•‡∏¢‡πÑ‡∏ß‡πâ‡∏´‡∏°‡∏î‡πÅ‡∏•‡πâ‡∏ß‡∏à‡∏∞‡∏™‡∏±‡πà‡∏á‡πÉ‡∏´‡∏°‡πà‡∏≠‡∏£‡πà‡∏≠‡∏¢‡∏à‡∏£‡∏¥‡∏á‡πÜ‡∏ô‡∏∞‡∏Ñ‡∏∞‡∏Ñ‡πà‡∏∞|fake
‡∏Å‡∏£‡∏∞‡∏õ‡∏∏‡∏Å‡∏õ‡∏≤‡∏ô‡∏Å‡∏•‡∏≤‡∏á‡πÉ‡∏´‡πâ‡πÉ‡∏´‡∏ç‡πà‡∏°‡∏≤‡∏Å‡∏ñ‡∏∑‡∏≠‡∏ß‡πà‡∏≤‡πÅ‡∏û‡πá‡∏Ñ‡∏°‡∏≤‡∏î‡∏µ‡πÅ‡∏ï‡πà‡∏¢‡∏±‡∏á‡πÑ‡∏°‡πà‡πÑ‡∏î‡πâ‡∏•‡∏≠‡∏á‡∏ä‡∏¥‡∏°‡∏ñ‡πâ‡∏≤‡∏•‡∏≠‡∏á‡∏ä‡∏¥‡∏°‡πÅ‡∏•‡πâ‡∏ß‡∏à‡∏∞‡∏°‡∏≤‡∏ö‡∏≠‡∏Å‡πÉ‡∏´‡∏°‡πà‡∏ô‡∏∞‡∏Ñ‡∏∞‡∏£‡∏™:‡∏ô‡πâ‡πç‡∏≤‡∏û‡∏£‡∏¥‡∏Å‡∏ô‡πâ‡πç‡∏≤‡∏¢‡πâ‡∏≠‡∏¢0|fake
‡∏£‡∏™‡∏ä‡∏≤‡∏ï‡∏¥:‡∏≠‡∏£‡πà‡∏≠‡∏¢‡∏°‡∏≤‡∏Å ‡∏£‡∏™‡∏Å‡πç‡∏≤‡∏•‡∏±‡∏á‡∏î‡∏µ ‡∏™‡∏≤‡∏°‡∏≤‡∏£‡∏ñ‡∏Å‡∏¥‡∏ô‡∏Ñ‡∏π‡πà‡∏Å‡∏±‡∏ö‡πÄ‡∏°‡∏ô‡∏π‡∏≠‡∏∑‡πà‡∏ô‡πÜ‡πÑ‡∏î‡πâ ‡∏Ñ‡∏∏‡∏ì‡∏Ñ‡πà‡∏≤‡∏Ç‡∏≠‡∏á‡πÄ‡∏á‡∏¥‡∏ô:‡∏£‡∏≤‡∏Ñ‡∏≤‡∏Å‡∏±‡∏ô‡πÄ‡∏≠‡∏á ‡∏Ñ‡∏∏‡πâ‡∏°‡∏Ñ‡πà‡∏≤‡∏ó‡∏µ‡πà‡∏ã‡∏∑‡πâ‡∏≠‡∏Å‡∏±‡∏ö‡∏£‡∏™‡∏ä‡∏≤‡∏ï‡∏¥‡∏ó‡∏µ‡πà‡πÑ‡∏î‡πâ‡∏ó‡∏≤‡∏ô|fake
‡∏™‡πà‡∏á‡∏™‡∏¥‡∏ô‡∏Ñ‡πâ‡∏≤‡∏™‡πà‡∏á‡∏™‡πà‡∏á‡∏™‡∏¥‡∏ô‡∏Ñ‡πâ‡∏≤‡πÉ‡∏´‡πâ‡∏•‡∏π‡∏Å‡∏Ñ‡πâ‡∏≤‡∏ï‡∏≤‡∏°‡∏ó‡∏µ‡πà‡∏™‡∏±‡πà‡∏á‡πÑ‡∏õ‡πÄ‡∏•‡∏¢‡∏Ñ‡πà‡∏∞‡∏™‡πà‡∏á‡∏™‡∏¥‡∏ô‡∏Ñ‡πâ‡∏≤‡πÉ‡∏´‡πâ‡∏•‡∏π‡∏Å‡∏Ñ‡πâ‡∏≤‡πÄ‡∏£‡πá‡∏ß‡∏°‡∏≤‡∏Å‡πÄ‡∏•‡∏¢‡∏Ñ‡πà‡∏∞‡∏™‡∏¥‡∏ô‡∏Ñ‡πâ‡∏≤‡∏î‡∏µ‡∏£‡∏≤‡∏Ñ‡∏≤‡∏ñ‡∏π‡∏Å‡∏°‡∏≤‡∏Å‡πÄ‡∏•‡∏¢‡∏Ñ‡πà‡∏∞‡∏Ç‡∏≠‡∏ö‡∏Ñ‡∏∏‡∏ì‡∏°‡∏≤‡∏Å‡πÄ‡∏•‡∏¢‡∏ô‡∏∞‡∏Ñ‡∏∞‡πÅ‡∏•‡πâ‡∏ß‡∏à‡∏∞‡∏≠‡∏∏‡∏î‡∏´‡∏ô‡∏∏‡∏ô‡πÉ‡∏´‡∏°‡πà‡∏≠‡∏µ‡∏Å‡∏£‡∏≠‡∏ö‡∏Ñ‡πà‡∏∞‡∏Ç‡∏≠‡∏ö‡∏Ñ‡∏∏‡∏ì‡∏Ñ‡πà‡∏∞|fake
‡∏™‡πà‡∏á‡∏™‡∏¥‡∏ô‡∏Ñ‡πâ‡∏≤‡πÑ‡∏ß‡πÅ‡∏û‡πá‡∏Ñ‡∏°‡∏≤‡∏≠‡∏¢‡πà‡∏≤‡∏á‡∏î‡∏µ‡πÑ‡∏°‡πà‡πÑ‡∏î‡πâ‡∏£‡∏±‡∏ö‡∏Ñ‡∏ß‡∏≤‡∏°‡πÄ‡∏™‡∏µ‡∏¢‡∏´‡∏≤‡∏¢ ‡∏≠‡∏£‡πà‡∏≠‡∏¢‡∏°‡∏≤‡∏Å‡∏™‡∏±‡πà‡∏á‡∏´‡∏•‡∏≤‡∏¢‡∏£‡∏≠‡∏ö‡πÅ‡∏•‡πâ‡∏ß ‡∏£‡∏™‡∏ä‡∏≤‡∏ï‡∏¥‡πÅ‡∏ã‡πà‡∏ö‡∏ñ‡∏π‡∏Å‡πÉ‡∏à|fake
‡∏£‡∏™‡∏ä‡∏≤‡∏ï‡∏¥:‡πÄ‡∏Ç‡πâ‡∏°‡∏Ç‡πâ‡∏ô‡πÅ‡∏ã‡πà‡∏ö‡∏à‡∏±‡∏î‡∏à‡πâ‡∏≤‡∏ô  ‡∏Å‡∏£‡∏≠‡∏ö ‡∏™‡∏î‡πÉ‡∏´‡∏°‡πà ‡∏≠‡∏£‡πà‡∏≠‡∏¢ ‡∏£‡∏≤‡∏Ñ‡∏≤‡πÇ‡∏õ‡∏£‡πÑ‡∏°‡πà‡πÅ‡∏û‡∏á ‡∏™‡πà‡∏á‡∏Ç‡∏≠‡∏á‡πÑ‡∏ß|fake
‡πÑ‡∏î‡πâ‡∏£‡∏±‡∏ö‡∏Ç‡∏≠‡∏á‡πÅ‡∏•‡πâ‡∏ß‡πÅ‡∏ï‡πà‡∏¢‡∏±‡∏á‡πÑ‡∏°‡πà‡πÑ‡∏î‡πâ‡∏£‡∏≠‡∏á‡∏ä‡∏¥‡∏°‡∏ñ‡πâ‡∏≤‡∏≠‡∏£‡πà‡∏≠‡∏¢‡∏à‡∏∞‡∏ã‡∏∑‡πâ‡∏≠‡∏≠‡∏µ‡∏Å|fake
‡∏ã‡∏∑‡πâ‡∏≠‡∏ã‡πâ‡πç‡∏≤‡∏≠‡∏µ‡∏Å‡∏£‡∏≠‡∏ö‡πÅ‡∏•‡πâ‡∏ß‡∏Ñ‡πà‡∏≤ ‡∏£‡∏≠‡∏ö‡∏ô‡∏µ‡πâ‡πÑ‡∏î‡πâ‡∏£‡∏≤‡∏Ñ‡∏≤‡∏™‡∏∏‡∏î‡∏Ñ‡∏∏‡πâ‡∏° ‡∏î‡∏µ‡∏á‡∏≤‡∏°‡∏°‡∏≤‡∏Å‡∏Å‡∏Å‡∏Å‡∏Å‡∏Å‡∏Å ‡∏£‡∏™‡∏ä‡∏≤‡∏î‡∏î‡∏µ‡∏ñ‡∏π‡∏Å‡∏õ‡∏≤‡∏Å ‡∏°‡∏µ‡∏ã‡∏∑‡πâ‡∏≠‡∏≠‡∏µ‡∏Å‡πÅ‡∏ô‡πà‡∏ô‡∏≠‡∏ô|fake
‡∏à‡∏±‡∏î‡∏™‡πà‡∏á‡∏Ñ‡πà‡∏≠‡∏ô‡∏Ç‡πâ‡∏≤‡∏á‚Äã‡πÄ‡∏£‡πá‡∏ß‚Äã ‡∏ö‡∏£‡∏¥‡∏©‡∏±‡∏ó‚Äã‡∏Ç‡∏ô‡∏™‡πà‡∏á‚Äã‡∏ö‡∏£‡∏¥‡∏Å‡∏≤‡∏£‚Äã‡∏î‡∏µ‚Äã ‡πÑ‡∏î‡πâ‚Äã‡∏™‡∏¥‡∏ô‡∏Ñ‡πâ‡∏≤‚Äã‡∏Ñ‡∏£‡∏ö‡∏ñ‡πâ‡∏ß‡∏ô‚Äã ‡∏ö‡∏£‡∏£‡∏à‡∏∏‡∏†‡∏±‡∏ì‡∏ë‡πå‚Äã‡∏°‡∏µ‡∏™‡∏†‡∏≤‡∏û‚Äã‡∏™‡∏°‡∏ö‡∏π‡∏£‡∏ì‡πå‚Äã|fake
‡∏Ñ‡∏∏‡∏ì‡∏Ñ‡πà‡∏≤‡∏Ç‡∏≠‡∏á‡πÄ‡∏á‡∏¥‡∏ô:‡πÑ‡∏°‡πà‡πÅ‡∏û‡∏á ‡∏£‡∏≤‡∏Ñ‡∏≤‡∏ñ‡∏∑‡∏≠‡∏ß‡πà‡∏≤‡∏î‡∏µ‡πÄ‡∏•‡∏¢ ‡∏°‡∏µ‡∏™‡πà‡∏ß‡∏ô‡∏•‡∏î‡∏à‡∏≤‡∏Å‡∏Ñ‡∏π‡∏õ‡∏≠‡∏á ‡∏£‡∏™‡∏ä‡∏≤‡∏ï‡∏¥:‡∏£‡∏™‡∏ä‡∏≤‡∏ï‡∏¥‡πÄ‡∏´‡∏°‡∏≤‡∏∞‡∏™‡πç‡∏≤‡∏´‡∏£‡∏±‡∏ö‡∏Ñ‡∏ô‡∏ä‡∏≠‡∏ö‡∏ó‡∏≤‡∏ô‡πÄ‡∏ú‡πá‡∏î‡∏°‡∏≤‡∏Å‡∏™‡∏°‡πÉ‡∏à‡πÄ‡∏•‡∏¢ ‡∏ó‡∏≤‡∏ô‡πÄ‡∏•‡πà‡∏ô‡∏Å‡πá‡∏ü‡∏¥‡∏ô|fake
‡∏à‡∏±‡∏î‡∏™‡πà‡∏á‡πÄ‡∏£‡πá‡∏ß‚Äã ‡πÅ‡∏û‡πá‡∏Ñ‡∏°‡∏≤‡∏î‡∏µ‚Äã ‡∏™‡∏¥‡∏ô‡∏Ñ‡πâ‡∏≤‡∏Ñ‡∏£‡∏ö‡∏ñ‡∏π‡∏Å‡∏ï‡πâ‡∏≠‡∏á‡∏ï‡∏≤‡∏°‡∏ó‡∏µ‡πà‡∏™‡∏±‡πà‡∏á‡πÑ‡∏õ‡∏Ñ‡πà‡∏∞‚Äã ‡πÅ‡∏û‡πá‡∏Ñ‡πÄ‡∏Å‡∏à‡∏™‡∏ß‡∏¢‚Äã‡∏î‡∏µ‚Äã‡πÅ‡∏ô‡πâ‡∏ô‡πÜ‚Äã ‡∏Å‡∏£‡∏∞‡∏õ‡∏∏‡∏Å‚Äã‡∏ô‡πà‡∏≤‡∏Å‡∏¥‡∏ô‡∏°‡∏≤‡πÜ‚Äã  ‡∏Ñ‡πà‡∏∞|fake
‡πÑ‡∏î‡πâ‡∏£‡∏±‡∏ö‡∏™‡∏¥‡∏ô‡∏Ñ‡πâ‡∏≤‡∏Ñ‡∏£‡∏ö‡∏ñ‡πâ‡∏ß‡∏ô‡πÄ‡∏£‡∏µ‡∏¢‡∏ö‡∏£‡πâ‡∏≠‡∏¢ ‡∏™‡πà‡∏á‡πÑ‡∏ß‡∏°‡∏≤‡∏Å|fake
‡∏≠‡∏£‡πà‡∏≠‡∏¢‡∏°‡∏≤‡∏Å ‡πÄ‡∏´‡∏°‡∏≤‡∏∞‡∏™‡∏°‡∏Å‡∏±‡∏ö‡∏£‡∏≤‡∏Ñ‡∏≤ : Ãà ‡∏™‡∏¥‡∏ô‡∏Ñ‡πâ‡∏≤‡∏°‡∏µ‡∏Ñ‡∏∏‡∏ì‡∏†‡∏≤‡∏û‡∏î‡∏µ‡∏°‡∏≤‡∏Å‡πÜ  ‡∏£‡∏≤‡∏Ñ‡∏≤‡πÑ‡∏°‡πà‡πÅ‡∏û‡∏á ‡∏à‡∏±‡∏î‡∏™‡πà‡∏á‡∏£‡∏ß‡∏î‡πÄ‡∏£‡πá‡∏ß‡∏ó‡∏±‡∏ô‡πÉ‡∏à ‡πÅ‡∏û‡πá‡∏Ñ‡∏™‡∏¥‡∏ô‡∏Ñ‡πâ‡∏≤‡∏°‡∏≤‡∏î‡∏µ ‡∏û‡∏ô‡∏±‡∏Å‡∏á‡∏≤‡∏ô‡∏Ç‡∏ô‡∏™‡πà‡∏á‡πÇ‡∏ó‡∏£‡πÅ‡∏à‡πâ‡∏á‡∏Å‡πà‡∏≠‡∏ô‡πÄ‡∏Ç‡πâ‡∏≤‡∏°‡∏≤‡∏Å‡πà‡∏≠‡∏ô‡∏™‡πà‡∏á‡∏ó‡∏∏‡∏Å‡∏Ñ‡∏£‡∏±‡πâ‡∏á|fake
‡∏Ñ‡∏∏‡∏ì‡∏†‡∏≤‡∏û‡∏™‡∏¥‡∏ô‡∏Ñ‡πâ‡∏≤‡∏î‡∏µ‡∏°‡∏≤‡∏Å‡∏Å‡∏Å ‡∏Ñ‡∏ß‡∏≤‡∏°‡∏Ñ‡∏∏‡πâ‡∏°‡∏Ñ‡πà‡∏≤‡∏î‡∏µ‡∏°‡∏≤‡∏Å‡∏Å‡∏Å ‡πÄ‡∏´‡∏°‡∏≤‡∏∞‡∏™‡∏°‡∏Å‡∏±‡∏ö‡∏£‡∏≤‡∏Ñ‡∏≤ ‡∏Å‡∏≤‡∏£‡∏à‡∏±‡∏î‡∏™‡πà‡∏á‡∏£‡∏ß‡∏î‡πÄ‡∏£‡πá‡∏ß ‡∏ó‡∏±‡∏ô‡∏ï‡πà‡∏≠‡∏Å‡∏≤‡∏£‡πÉ‡∏ä‡πâ‡∏á‡∏≤‡∏ô|fake
‡∏£‡πâ‡∏≤‡∏ô‡∏Ñ‡πâ‡∏≤‡∏™‡πà‡∏á‡∏™‡∏¥‡∏ô‡∏Ñ‡πâ‡∏≤‡πÉ‡∏´‡πâ‡πÄ‡∏£‡∏µ‡∏¢‡∏ö‡∏£‡πâ‡∏≠‡∏¢‡∏Ñ‡∏£‡∏±‡∏ö‡∏ï‡∏≤‡∏°‡∏ó‡∏µ‡πà‡∏™‡∏±‡πà‡∏á‡πÑ‡∏õ     ‡∏Ñ‡∏∑‡∏≠‡πÄ‡∏£‡∏≤‡∏™‡∏±‡πà‡∏á‡∏Ç‡∏≠‡∏á‡πÑ‡∏õ 2 ‡∏ä‡∏¥‡πâ‡∏ô ‡∏Å‡πá‡πÑ‡∏î‡πâ‡∏£‡∏±‡∏ö‡∏Ç‡∏≠‡∏á‡∏°‡∏≤ 2 ‡∏ä‡∏¥‡πâ‡∏ô ‡∏™‡πà‡∏ß‡∏ô‡πÄ‡∏ß‡∏•‡∏≤‡∏ó‡∏µ‡πà‡∏™‡πà‡∏á‡∏Å‡πá‡πÄ‡∏õ‡πá‡∏ô‡∏õ‡∏Å‡∏ï‡∏¥‡πÑ‡∏°‡πà‡∏ä‡πâ ‡πÑ‡∏°‡πà‡πÄ‡∏£‡πá‡∏ß‡∏Å‡πá 4 ‡∏ß‡∏±‡∏ô‡πÅ‡∏•‡πâ‡∏ß ‡∏™‡πà‡∏ß‡∏ô‡∏Ñ‡∏∏‡∏ì‡∏†‡∏≤‡∏û‡∏Å‡πá‡πÑ‡∏°‡∏ó‡∏£‡∏≤‡∏ö‡πÄ‡∏´‡∏°‡∏∑‡∏≠‡∏ô‡∏Å‡∏±‡∏ô‡πÄ‡∏û‡∏£‡∏≤‡∏∞‡∏û‡∏∂‡πà‡∏á‡∏™‡∏±‡πà‡∏á‡∏°‡∏≤‡πÉ‡∏ä‡πâ‡∏Ñ‡∏£‡∏±‡πâ‡∏á‡πÅ‡∏£‡∏Å ‡∏´‡∏•‡∏±‡∏á‡∏Ñ‡∏≤‡∏°‡∏±‡∏ô‡∏£‡∏±‡πà‡∏ß‡πÄ‡∏•‡∏¢‡∏™‡∏±‡πà‡∏á‡∏°‡∏≤‡∏•‡∏≠‡∏á‡∏î‡∏π ‡∏î‡∏µ‡πÑ‡∏°‡πà‡∏î‡∏µ‡∏ß‡∏±‡∏ô‡∏´‡∏•‡∏±‡∏á‡∏à‡∏∞‡∏°‡∏≤‡πÇ‡∏û‡∏™‡πÉ‡∏´‡∏°‡πà‡πÅ‡∏•‡πâ‡∏ß‡∏°‡∏≤‡∏î‡∏π‡∏Å‡∏±‡∏ô‡∏ß‡πà‡∏≤‡∏à‡∏∞‡πÅ‡∏ô‡∏∞‡∏ô‡πç‡∏≤‡∏≠‡∏µ‡∏Å‡πÑ‡∏´‡∏°|fake
‡∏ß‡πà‡∏≤‡∏û‡∏µ‡πà‡∏ô‡πà‡∏≤‡∏£‡∏±‡∏Å‡πÄ‡∏ó‡πà‡∏≤‡πÑ‡∏£‡∏û‡∏µ‡πà‡πÄ‡∏Ñ‡∏¢‡πÄ‡∏ö‡∏∑‡πà‡∏≠‡πÑ‡∏´‡∏°‡∏ó‡∏µ‡πà‡∏ï‡πâ‡∏≠‡∏á‡∏ô‡πà‡∏≤‡∏£‡∏±‡∏Å‡∏≠‡∏¢‡πà‡∏≤‡∏á‡∏ô‡∏±‡πâ‡∏ô‡∏≠‡∏¢‡πà‡∏≤‡∏á‡∏Å‡∏±‡∏ö‡πÄ‡∏à‡πâ‡∏≤‡∏ä‡∏≤‡∏¢‡∏ó‡∏µ‡πà‡πÄ‡∏Ñ‡∏¢‡πÄ‡∏´‡πá‡∏ô‡πÉ‡∏ô‡∏ô‡∏¥‡∏ó‡∏≤‡∏ô‡∏ó‡πç‡∏≤‡∏´‡∏ô‡∏π‡πÉ‡∏´‡πâ‡∏°‡∏µ‡∏≠‡∏≤‡∏Å‡∏≤‡∏£‡∏´‡∏¢‡∏∏‡∏î‡∏£‡∏±‡∏Å‡πÑ‡∏°‡πà‡πÑ‡∏î‡πâ‡∏≠‡∏¢‡∏≤‡∏Å‡πÄ‡∏õ‡πá‡∏ô‡πÄ‡∏à‡πâ‡∏≤‡∏´‡∏ç‡∏¥‡∏á‡∏à‡∏±‡∏™‡∏°‡∏¥‡∏ô ‡∏à‡∏∞‡∏û‡∏≤‡∏û‡∏µ‡πà‡∏ü‡∏¥‡∏ô‡∏Ç‡∏µ‡πà‡∏û‡∏£‡∏°‡∏Å‡∏±‡∏ö‡∏´‡∏ô‡∏π‡∏≠‡∏¢‡∏≤‡∏Å‡πÄ‡∏õ‡πá‡∏ô‡πÄ‡∏à‡πâ‡∏≤‡∏´‡∏ç‡∏¥‡∏á‡∏ô‡∏¥‡∏ó‡∏£‡∏≤ ‡∏£‡∏≠‡∏û‡∏µ‡πà‡∏Ç‡∏µ‡πà‡∏°‡πâ‡∏≤‡∏°‡∏≤‡∏à‡∏∏‡∏°‡∏û‡∏¥‡∏ï‡∏´‡∏ô‡∏π‡∏≠‡∏¢‡∏≤‡∏Å‡∏°‡∏µ‡πÄ‡∏ß‡∏ó‡∏°‡∏ô‡∏ï‡∏£‡πå‡∏Ñ‡∏≤‡∏ñ‡∏≤ ‡∏à‡∏∞‡πÄ‡∏™‡∏Å‡∏û‡∏µ‡πà‡∏°‡∏≤‡πÉ‡∏´‡πâ‡πÄ‡∏õ‡πá‡∏ô my booAccio Confundo, ‡∏ô‡∏∞‡πÇ‡∏° ‡∏ô‡∏∞‡πÇ‡∏°, love you, love you‡∏≠‡∏¢‡∏≤‡∏Å‡πÄ‡∏õ‡πá‡∏ô‡πÄ‡∏Æ‡∏≠‡∏£‡πå‡πÑ‡∏°‡πÇ‡∏≠‡∏ô‡∏µ‡πà ‡∏à‡∏∞‡πÄ‡∏™‡∏Å‡πÉ‡∏´‡πâ‡∏û‡∏µ‡πà‡∏°‡∏≤‡∏£‡∏±‡∏Å‡πÅ‡∏ï‡πà‡∏´‡∏ô‡∏π‡∏à‡∏∞‡∏ó‡πç‡∏≤‡πÉ‡∏´‡πâ‡∏û‡∏µ‡πà‡πÑ‡∏î‡πâ‡∏£‡∏π‡πâ ‡∏ß‡πà‡∏≤‡∏£‡∏±‡∏Å‡∏Å‡∏±‡∏ö‡∏´‡∏ô‡∏π‡∏à‡∏∞‡∏ü‡∏¥‡∏ô‡πÑ‡∏°‡πà‡πÑ‡∏´‡∏ß‡∏´‡∏ô‡∏π‡πÑ‡∏°‡πà‡∏°‡∏µ‡∏°‡∏ô‡∏ï‡∏£‡πå‡∏ß‡∏¥‡πÄ‡∏®‡∏© ‡∏´‡∏ô‡∏π‡∏°‡∏µ‡∏Å‡πá‡πÅ‡∏Ñ‡πà‡∏´‡∏±‡∏ß‡πÉ‡∏à‡∏ñ‡πâ‡∏≤‡∏ó‡πà‡∏≠‡∏á‡∏Ñ‡∏≤‡∏ñ‡∏≤‡∏ß‡πà‡∏≤ ‡∏£‡∏±‡∏Å‡∏û‡∏µ‡πà ‡∏£‡∏±‡∏Å‡∏û‡∏µ‡πà ‡∏£‡∏±‡∏Å‡∏û‡∏µ‡πà‡∏´‡∏°‡∏î‡πÉ‡∏à‡∏û‡∏≠‡πÄ‡∏™‡∏Å‡πÉ‡∏´‡πâ‡∏£‡∏±‡∏Å‡πÑ‡∏î‡πâ‡∏õ‡πâ‡∏∞‡∏Æ‡∏π‡πâ‡∏Æ‡∏πAccio Confun|fake
‡∏Ñ‡∏∏‡∏ì‡∏†‡∏≤‡∏û‡∏Ç‡∏≠‡∏á‡∏™‡∏¥‡∏ô‡∏Ñ‡πâ‡∏≤‡∏î‡∏µ‡∏°‡∏≤‡∏Å‡∏Ñ‡∏ß‡∏≤‡∏°‡∏Ñ‡∏∏‡πâ‡∏°‡∏Ñ‡πà‡∏≤‡∏î‡∏µ‡∏°‡∏≤‡∏Å‡∏Ñ‡∏ß‡∏≤‡∏°‡∏£‡∏ß‡∏î‡πÄ‡∏£‡πá‡∏ß‡πÉ‡∏ô‡∏Å‡∏≤‡∏£‡∏à‡∏±‡∏î‡∏™‡πà‡∏á‡∏î‡∏µ‡∏°‡∏≤‡∏Å‡∏Å‡∏≤‡∏£‡πÉ‡∏´‡πâ‡∏ö‡∏£‡∏¥‡∏Å‡∏≤‡∏£‡∏à‡∏≤‡∏Å‡∏£‡πâ‡∏≤‡∏ô‡∏Ñ‡πâ‡∏≤‡∏î‡∏µ‡∏°‡∏≤‡∏Å‡∏Å‡∏≤‡∏£‡πÉ‡∏´‡πâ‡∏ö‡∏£‡∏¥‡∏Å‡∏≤‡∏£‡∏à‡∏≤‡∏Å‡∏ö‡∏£‡∏¥‡∏©‡∏±‡∏ó‡∏Ç‡∏ô‡∏™‡πà‡∏á‡∏î‡∏µ‡∏°‡∏≤‡∏Å|fake
‡∏ô‡πâ‡πç‡∏≤‡∏û‡∏£‡∏¥‡∏Å‡∏´‡∏°‡∏π‡∏Å‡∏£‡∏∞‡∏à‡∏Å‡∏£‡∏™‡∏Å‡∏£‡∏∞‡πÄ‡∏û‡∏£‡∏≤ ‡∏ã‡∏∑‡πâ‡∏≠‡∏°‡∏≤‡∏•‡∏≠‡∏á‡∏Å‡∏¥‡∏ô‡πÄ‡∏´‡πá‡∏ô‡∏Ñ‡∏ô‡∏ã‡∏∑‡πâ‡∏≠‡πÄ‡∏¢‡∏≠‡∏∞‡∏Å‡πá‡πÄ‡∏•‡∏¢‡∏ã‡∏∑‡πâ‡∏≠‡∏°‡∏≤  ‡∏•‡∏≠‡∏á‡∏ä‡∏¥‡∏° ‡∏£‡∏™‡∏ä‡∏≤‡∏ï‡∏¥‡∏î‡∏µ ‡πÇ‡∏≠‡πÄ‡∏Ñ‡πÄ‡∏•‡∏¢|fake
‡∏£‡∏™‡∏ä‡∏≤‡∏ï‡∏¥:‡∏™‡∏¥‡∏ô‡∏Ñ‡πâ‡∏≤‡πÑ‡∏î‡∏±‡∏£‡∏±‡∏ö‡πÅ‡∏•‡πâ‡∏ß ‡∏™‡∏±‡πà‡∏á‡πÄ‡∏õ‡πá‡∏ô ‡∏ï‡∏£‡∏±‡πâ‡∏á‡∏ó‡∏µ‡πà 2 ‡πÅ‡∏•‡πâ‡∏ß‡∏Ñ‡πà‡∏∞ ‡∏≠‡∏£‡πà‡∏≠‡∏¢‡∏î‡∏µ  ‡∏ó‡∏µ‡πà‡∏™‡∏±‡πà‡∏á‡∏£‡∏™‡∏î‡∏±‡πâ‡∏á‡πÄ‡∏î‡∏¥‡∏°‡πÄ‡∏ú‡πá‡∏î‡∏Å‡∏•‡∏≤‡∏á ‡∏õ‡∏•‡∏∞‡πÄ‡∏ú‡πá‡∏î‡∏ô‡πâ‡∏≠‡∏¢‡∏Ñ‡πà‡∏∞|fake
‡∏ô‡πâ‡πç‡∏≤‡∏û‡∏£‡∏¥‡∏Å ‡∏ô‡πâ‡πç‡∏≤‡∏û‡∏£‡∏¥‡∏Å‡∏´‡∏°‡∏π‡∏Å‡∏£‡∏∞‡∏à‡∏Å ‡πÇ‡∏Ñ‡∏ï‡∏£‡πÅ‡∏ã‡πà‡∏ö‡∏≠‡∏£‡πà‡∏≠‡∏¢‡∏°‡∏≤‡∏Å ‡∏™‡∏±‡πà‡∏á‡∏´‡∏•‡∏≤‡∏¢‡∏£‡∏≠‡∏ö‡πÅ‡∏•‡πâ‡∏ß|fake
‡∏î‡∏µ‡∏Ñ‡πà‡∏∞‡∏Å‡∏•‡∏¥‡πà‡∏ô‡∏´‡∏≠‡∏° ‡πÑ‡∏î‡πâ‡∏£‡∏±‡∏ö‡∏Ç‡∏≠‡∏á‡πÄ‡∏£‡πá‡∏ß ‡∏™‡πà‡∏á‡πÄ‡∏£‡πá‡∏ß‡∏ö‡∏£‡∏¥‡∏Å‡∏≤‡∏£‡∏î‡∏µ‡∏î‡∏µ‡∏Ñ‡πà‡∏∞‡∏Å‡∏•‡∏¥‡πà‡∏ô‡∏´‡∏≠‡∏° ‡πÑ‡∏î‡πâ‡∏£‡∏±‡∏ö‡∏Ç‡∏≠‡∏á‡πÄ‡∏£‡πá‡∏ß ‡∏™‡πà‡∏á‡πÄ‡∏£‡πá‡∏ß‡∏ö‡∏£‡∏¥‡∏Å‡∏≤‡∏£‡∏î‡∏µ|fake
‡∏£‡∏™‡∏ä‡∏≤‡∏ï‡∏¥‡∏î‡∏µ ‡∏£‡∏™‡∏≠‡∏∞‡πÑ‡∏£‡∏Å‡πá‡∏≠‡∏£‡πà‡∏≠‡∏¢ ‡∏™‡∏±‡πà‡∏á‡∏Ñ‡∏£‡∏±‡πâ‡∏á‡∏ó‡∏µ‡πà 2 ‡∏•‡∏∞ ‡πÑ‡∏î‡πâ‡∏£‡∏±‡∏ö‡∏™‡∏¥‡∏ô‡∏Ñ‡πâ‡∏≤ ‡∏Ñ‡∏£‡∏ö‡∏ñ‡πâ‡∏ß‡∏ô ‡∏ñ‡∏π‡∏Å‡∏ï‡πâ‡∏≠‡∏á ‡∏≠‡∏¢‡∏∏‡πà‡πÉ‡∏ô‡∏™‡∏†‡∏≤‡∏û‡∏ó‡∏µ‡πà‡∏™‡∏°‡∏ö‡∏π‡∏£‡∏ì‡πå ‡πÄ‡∏≠‡∏≤‡πÑ‡∏ß‡πâ‡∏à‡∏∞‡∏™‡∏±‡πà‡∏á‡πÉ‡∏´‡πâ‡∏Ñ‡∏£‡∏ö‡∏ó‡∏∏‡∏Å‡∏£‡∏™‡∏ä‡∏≤‡∏ï‡∏¥‡πÄ‡∏•‡∏¢‡∏Ñ‡πà‡∏∞|fake
‡∏Ñ‡∏£‡∏ö‡∏Ñ‡πà‡∏∞ ‡∏≠‡∏£‡πà‡∏≠‡∏¢‡πÄ‡∏´‡∏°‡∏∑‡∏≠‡∏ô‡πÄ‡∏î‡∏¥‡∏°|fake
‡πÑ‡∏î‡πâ‡∏£‡∏±‡∏ö‡∏™‡∏¥‡∏ô‡∏Ñ‡πâ‡∏≤‡πÄ‡∏£‡∏µ‡∏¢‡∏ö‡∏£‡πâ‡∏≠‡∏¢‡πÅ‡∏•‡πâ‡∏ß‡∏ô‡∏∞‡∏Ñ‡∏∞  ‡πÑ‡∏î‡πâ‡∏£‡∏±‡∏ö‡∏™‡∏¥‡∏ô‡∏Ñ‡πâ‡∏≤‡∏Ñ‡∏£‡∏ö‡∏ñ‡πâ‡∏ß‡∏ô ‡∏ï‡∏≤‡∏°‡∏ó‡∏µ‡πà‡∏™‡∏±‡πà‡∏á ‡∏ó‡∏≤‡∏á‡∏£‡πâ‡∏≤‡∏ô‡∏à‡∏±‡∏î‡∏™‡πà‡∏á‡∏™‡∏¥‡∏ô‡∏Ñ‡πâ‡∏≤‡πÉ‡∏´‡πâ‡πÑ‡∏î‡πâ‡∏£‡∏ß‡∏î‡πÄ‡∏£‡πá‡∏ß‡∏°‡∏≤‡∏Å‡πÜ ‡∏´‡∏µ‡∏ö‡∏´‡πà‡∏≠‡∏î‡∏µ ‡∏™‡∏¥‡∏ô‡∏Ñ‡πâ‡∏≤‡∏Å‡πá‡πÄ‡∏´‡∏°‡∏∑‡∏≠‡∏ô‡πÉ‡∏ô‡∏†‡∏≤‡∏û‡πÄ‡∏•‡∏¢‡∏Ñ‡πà‡∏∞ ‡πÑ‡∏°‡πà‡∏ú‡∏¥‡∏î‡∏´‡∏ß‡∏±‡∏á ‡∏£‡πâ‡∏≤‡∏ô‡∏Ñ‡πâ‡∏≤‡∏ö‡∏£‡∏¥‡∏Å‡∏≤‡∏£‡∏î‡∏µ ‡πÅ‡∏•‡πâ‡∏ß‡∏à‡∏∞‡∏≠‡∏∏‡∏î‡∏´‡∏ô‡∏∏‡∏ô‡∏≠‡∏µ‡∏Å‡∏ô‡∏∞‡∏Ñ‡∏∞|fake
‡∏Ñ‡∏∏‡∏ì‡∏Ñ‡πà‡∏≤‡∏Ç‡∏≠‡∏á‡πÄ‡∏á‡∏¥‡∏ô:‡∏î‡∏µ‡∏°‡∏≤‡∏Å ‡∏£‡∏™‡∏ä‡∏≤‡∏ï‡∏¥:‡∏≠‡∏£‡πà‡∏≠‡∏¢‡∏ñ‡∏π‡∏Å‡∏õ‡∏≤‡∏Å‡∏ô‡πâ‡πç‡∏≤‡∏û‡∏£‡∏¥‡∏Å‡∏´‡∏°‡∏π‡∏Å‡∏£‡∏∞‡∏à‡∏Å‡πÇ‡∏Ñ‡∏ï‡∏£‡πÅ‡∏ã‡πà‡∏ö ‡∏Å‡∏£‡∏≠‡∏ö‡∏ô‡∏≤‡∏ô‡πÑ‡∏°‡πà‡∏≠‡∏°‡∏ô‡πâ‡πç‡∏≤‡∏°‡∏±‡∏ô‡∏à‡∏±‡∏î‡∏™‡πà‡∏á‡∏£‡∏ß‡∏î‡πÄ‡∏£‡πá‡∏ß‡∏≠‡∏£‡πà‡∏≠‡∏¢‡∏ó‡∏∏‡∏Å‡∏£‡∏™‡∏ä‡∏≤‡∏ï‡∏¥‡∏°‡∏µ‡∏ï‡∏¥‡∏î‡πÄ‡∏ú‡πá‡∏î‡∏ô‡∏¥‡∏î‡∏ô‡∏∂‡∏á|fake
‡∏£‡∏™‡∏ä‡∏≤‡∏ï‡∏¥: ‡∏ô‡πâ‡πç‡∏≤‡∏û‡∏£‡∏¥‡∏Å‡∏´‡∏°‡∏π‡∏Å‡∏£‡∏∞‡∏à‡∏Å  ‡∏ã‡∏∑‡πâ‡∏≠‡∏°‡∏≤‡∏•‡∏≠‡∏á‡∏Å‡∏¥‡∏ô‡πÄ‡∏´‡πá‡∏ô‡∏Ñ‡∏ô‡∏ã‡∏∑‡πâ‡∏≠‡πÄ‡∏¢‡∏≠‡∏∞‡∏Å‡πá‡πÄ‡∏•‡∏¢‡∏ã‡∏∑‡πâ‡∏≠‡∏°‡∏≤  ‡∏•‡∏≠‡∏á‡∏ä‡∏¥‡∏° ‡∏£‡∏™‡∏ä‡∏≤‡∏ï‡∏¥‡∏î‡∏µ ‡πÇ‡∏≠‡πÄ‡∏Ñ‡πÄ‡∏•‡∏¢ ‡πÄ‡∏ú‡πá‡∏î‡∏û‡∏≠‡∏™‡∏°‡∏Ñ‡∏ß‡∏£‡πÄ‡∏•‡∏¢|fake
‡∏ó‡∏≤‡∏á‡∏£‡πâ‡∏≤‡∏ô‡πÅ‡∏û‡πá‡∏Ñ‡∏™‡∏¥‡∏ô‡∏Ñ‡πâ‡∏≤‡∏°‡∏≤‡∏î‡∏µ‡∏°‡∏≤‡∏Å‡πÜ ‡∏£‡∏≤‡∏Ñ‡∏≤‡∏ñ‡∏π‡∏Å ‡∏£‡∏™‡∏ä‡∏≤‡∏ï‡∏¥‡∏≠‡∏£‡πà‡∏≠‡∏¢‡∏™‡∏∏‡∏î‡∏¢‡∏≠‡∏î‡∏°‡∏≤‡∏Å ‡∏™‡πç‡∏≤‡∏´‡∏£‡∏±‡∏ö‡∏Ñ‡∏ô‡∏ó‡∏µ‡πà‡∏Å‡∏¥‡∏ô‡∏≠‡∏≤‡∏´‡∏≤‡∏£‡∏£‡∏™‡∏à‡∏±‡∏î ‡πÇ‡∏≠‡∏Å‡∏≤‡∏™‡∏´‡∏ô‡πâ‡∏≤‡∏™‡∏±‡πà‡∏á‡∏≠‡∏µ‡∏Å‡πÅ‡∏ô‡πà‡∏ô‡∏≠‡∏ô‡∏Ñ‡πà‡∏∞ ‡∏£‡∏™‡∏ä‡∏≤‡∏ï‡∏¥:‡∏≠‡∏£‡πà‡∏≠‡∏¢‡∏°‡∏≤‡∏Å‡πÜ‡πÜ‡πÜ‡πÜ|fake
‡∏≠‡∏£‡πà‡∏≠‡∏¢‡∏Ñ‡∏£‡∏±‡∏ö ‡∏™‡∏±‡πà‡∏á‡∏Å‡∏¥‡∏ô‡∏õ‡∏£‡∏∞‡∏à‡πç‡∏≤‡πÄ‡∏•‡∏¢ ‡∏£‡πâ‡∏≤‡∏ô‡∏à‡∏±‡∏î‡∏™‡∏±‡πà‡∏á‡∏™‡∏¥‡∏ô‡∏Ñ‡πâ‡∏≤‡πÑ‡∏ß‡∏°‡∏≤‡∏Å‡∏Å‡∏Å‡∏Å‡∏Å‡∏Å‡∏Å‡∏Å‡∏Å‡∏Å‡∏Å‡∏Å|fake
‡∏Ñ‡∏∏‡∏ì‡∏Ñ‡πà‡∏≤‡∏Ç‡∏≠‡∏á‡πÄ‡∏á‡∏¥‡∏ô:‡πÄ‡∏´‡∏°‡∏≤‡∏∞‡∏™‡∏° ‡∏£‡∏™‡∏ä‡∏≤‡∏ï‡∏¥:‡∏≠‡∏£‡πà‡∏≠‡∏¢ ‡πÑ‡∏°‡πà‡πÄ‡∏ú‡πá‡∏î‡∏°‡∏≤‡∏Å‡πÑ‡∏õ|fake
‡∏Ñ‡∏∏‡πâ‡∏°‡∏Ñ‡πà‡∏≤‡∏Ñ‡∏∏‡πâ‡∏°‡∏£‡∏≤‡∏Ñ‡∏≤ ‡∏™‡∏¥‡∏ô‡∏Ñ‡πâ‡∏≤‡∏à‡∏±‡∏î‡∏™‡πà‡∏á‡∏£‡∏ß‡∏î‡πÄ‡∏£‡πá‡∏ß ‡πÅ‡∏û‡∏Ñ‡∏™‡∏¥‡∏ô‡∏Ñ‡πâ‡∏≤‡∏°‡∏≤‡∏õ‡∏Å‡∏ï‡∏¥‡πÑ‡∏°‡πà‡πÄ‡∏™‡∏µ‡∏¢‡∏´‡∏≤‡∏¢ ‡πÄ‡∏ö‡∏∑‡πà‡∏≠‡∏á‡∏ï‡πâ‡∏ô‡∏™‡∏¥‡∏ô‡∏Ñ‡πâ‡∏≤‡∏Ñ‡∏£‡∏ö‡∏ñ‡πâ‡∏ß‡∏ô ‡∏£‡∏≤‡∏Ñ‡∏≤‡∏î‡∏µ ‡∏™‡πà‡∏á‡πÑ‡∏ß ‡∏õ‡∏£‡∏∞‡∏´‡∏¢‡∏±‡∏î ‡∏ñ‡∏π‡∏Å‡πÉ‡∏à‡∏Ñ‡πà‡∏∞|fake
‡∏™‡πà‡∏á‡πÑ‡∏ß‡∏°‡∏≤‡∏Å‡∏Ñ‡πà‡∏≤‡∏≤ ‡∏Ç‡∏ô‡∏™‡πà‡∏á‡∏Å‡πá‡πÑ‡∏ß‡∏ß‡∏ß‡∏ß‡∏ß‡∏ß‡∏ß‡∏ß ‡πÅ‡∏û‡∏Ñ‡∏°‡∏≤‡∏≠‡∏¢‡πà‡∏≤‡∏á‡∏î‡∏µ ‡∏£‡∏™‡∏•‡∏≤‡∏ö‡∏û‡∏∂‡πà‡∏á‡∏™‡∏±‡πà‡∏á‡∏Ñ‡∏£‡∏±‡πâ‡∏á‡πÅ‡∏£‡∏Å‡∏≠‡∏£‡πà‡∏≠‡∏¢‡∏°‡∏≤‡∏Å‡∏Å‡∏Å‡∏Å‡∏Å‡∏Å‡∏à‡∏£‡∏¥‡∏á ‡∏ä‡∏≠‡∏ö‡∏ö‡∏ö‡πÄ‡∏•‡∏¢|fake
‡∏•‡∏π‡∏Å‡∏™‡∏≤‡∏ß‡∏ä‡∏≠‡∏ö‡∏°‡∏≤‡∏Å‡πÜ‡∏Ñ‡πà‡∏∞‡∏≠‡∏£‡πà‡∏≠‡∏¢‡∏Å‡∏£‡∏≠‡∏ö‡πÅ‡∏û‡∏Ñ‡∏Ç‡∏≠‡∏á‡∏°‡∏≤‡∏î‡∏µ‡∏ï‡∏£‡∏á‡∏õ‡∏Å‡∏Ñ‡πà‡∏∞‡∏£‡∏≤‡∏Ñ‡∏≤‡πÇ‡∏≠‡πÄ‡∏Ñ‡πÄ‡∏•‡∏¢‡∏ä‡∏≠‡∏ö‡πÜ‡∏Ñ‡πà‡∏∞‡πÑ‡∏ß‡πâ‡∏™‡∏±‡πà‡∏á‡πÉ‡∏´‡∏°‡πà‡∏ô‡∏∞‡∏Ñ‡∏∞|fake
‡∏≠‡∏£‡πà‡∏≠‡∏¢‡πÅ‡∏ö‡∏ö‡∏≠‡∏£‡πà‡∏≠‡∏¢‡πÑ‡∏°‡πà‡∏≠‡∏ß‡∏¢‡∏≠‡πà‡∏∞ ‡∏≠‡∏£‡πà‡∏¢‡∏à‡∏£‡∏¥‡∏á‡∏à‡∏±‡∏á ‡πÄ‡∏ú‡πá‡∏î‡πÄ‡∏´‡∏á‡∏∑‡πà‡∏≠‡∏ï‡∏Å ‡πÄ‡∏£‡∏≤‡πÄ‡∏•‡∏∑‡∏≠‡∏Å‡πÅ‡∏ö‡∏ö‡πÄ‡∏ú‡πá‡∏î‡∏°‡∏≤‡∏Å ‡∏ñ‡∏π‡∏Å‡πÉ‡∏à‡∏™‡∏∏‡∏î‡πÜ|fake
‡πÑ‡∏î‡πâ‡∏£‡∏±‡∏ö‡∏Ç‡∏≠‡∏á‡πÄ‡∏£‡∏µ‡∏¢‡∏ö‡∏£‡πâ‡∏≠‡∏¢‡∏ô‡∏∞‡∏Ñ‡∏∞ ‡∏î‡∏µ‡∏°‡∏≤‡∏Å‡πÜ‡πÄ‡∏•‡∏¢‡∏Ñ‡πà‡∏∞ ‡πÄ‡∏£‡∏≤‡∏™‡∏±‡πà‡∏á‡∏õ‡∏£‡∏∞‡∏à‡πç‡∏≤ ‡∏£‡∏™‡πÅ‡∏ã‡πà‡∏ö‡∏°‡∏≤‡∏Å ‡∏à‡∏∞‡∏Å‡∏•‡∏±‡∏ö‡∏°‡∏≤‡∏ã‡∏∑‡πâ‡∏≠‡∏≠‡∏µ‡∏Å‡∏ô‡∏∞‡∏Ñ‡∏∞|fake
‡∏à‡∏±‡∏î‡∏™‡πà‡∏á‡∏£‡∏ß‡∏î‡πÄ‡∏£‡πá‡∏ß ‡πÅ‡∏û‡πä‡∏Ñ‡πÄ‡∏Å‡∏à‡∏î‡∏µ ‡∏™‡∏∞‡∏≠‡∏≤‡∏î ‡∏£‡∏≤‡∏Ñ‡∏≤‡∏î‡∏µ ‡πÅ‡∏ï‡πà‡∏¢‡∏±‡∏á‡πÑ‡∏°‡πà‡πÑ‡∏î‡πâ‡∏ä‡∏¥‡∏°‡∏Ñ‡πà‡∏∞|fake
‡πÑ‡∏î‡πâ‡∏£‡∏±‡∏ö‡πÅ‡∏•‡πâ‡∏ß‡∏Ñ‡πà‡∏∞ ‡∏Ç‡∏≠‡∏á‡∏ñ‡∏∂‡∏á‡πÄ‡∏£‡πá‡∏ß‡∏°‡∏≤‡∏Å|fake
‡πÑ‡∏î‡πâ‡∏£‡∏±‡∏ö‡∏™‡∏¥‡∏ô‡∏Ñ‡πâ‡∏≤‡πÅ‡∏•‡πâ‡∏ß‡∏Ñ‡πà‡∏∞ ‡∏≠‡∏£‡πà‡∏≠‡∏¢‡πÄ‡∏´‡∏°‡∏∑‡∏≠‡∏ô‡πÄ‡∏î‡∏¥‡∏°|fake
‡∏Å‡∏≤‡∏£‡∏à‡∏±‡∏î‡∏™‡πà‡∏á‡∏õ‡∏Å‡∏ï‡∏¥‡∏à‡πâ‡∏≤ ‡∏ó‡∏≤‡∏á‡∏£‡πâ‡∏≤‡∏ô‡πÅ‡∏û‡πá‡∏Ñ‡∏°‡∏≤‡∏î‡∏µ‡∏Å‡∏¥‡∏ô‡πÄ‡∏•‡πà‡∏ô‡πÄ‡∏õ‡∏•‡πà‡∏≤ ‡πÜ ‡∏Å‡πá‡∏≠‡∏£‡πà‡∏≠‡∏¢‡∏ô‡πâ‡∏≤‡∏Å‡∏¥‡∏ô‡∏Å‡∏±‡∏ö‡∏Ç‡πâ‡∏≤‡∏ß‡∏™‡∏ß‡∏¢‡∏´‡∏£‡∏∑‡∏≠‡∏Ç‡∏ô‡∏°‡∏à‡∏µ‡∏ô‡∏Å‡πá‡πÄ‡∏Ç‡πâ‡∏≤‡∏Å‡∏±‡∏ô‡∏î‡∏µ‡πä‡∏î‡∏µ|fake
‡∏™‡∏¥‡∏ô‡∏Ñ‡πâ‡∏≤‡∏´‡πà‡∏≠‡∏°‡∏≤‡∏î‡∏µ‡∏°‡∏≤‡∏Å ‡∏£‡∏™‡∏ä‡∏≤‡∏ï‡∏¥‡∏≠‡∏£‡πà‡∏≠‡∏¢ ‡πÄ‡∏ú‡πá‡∏î‡∏à‡∏±‡∏î‡∏à‡πä‡∏≤‡∏î‡∏î‡∏µ‡∏°‡∏≤‡∏Å‡∏Ñ‡πà‡∏∞ ‡∏£‡∏ß‡∏°‡πÜ‡πÜ‡∏î‡∏µ‡∏°‡∏≤‡∏Å‡∏Ñ‡πà‡∏∞|fake
‡∏Å‡∏£‡∏≠‡∏ö‡∏°‡∏≤‡∏Å ‡∏£‡∏™‡∏ä‡∏≤‡∏ï‡∏¥‡πÇ‡∏≠‡πÄ‡∏Ñ‡πÄ‡∏´‡∏°‡∏≤‡∏∞‡∏™‡πç‡∏≤‡∏´‡∏£‡∏±‡∏ö‡∏Ñ‡∏ô‡∏ä‡∏≠‡∏ö‡∏£‡∏™‡∏à‡∏±‡∏î‡∏à‡πâ‡∏≤‡∏ô‡∏Å‡∏¥‡∏ô‡∏Å‡∏±‡∏ö‡∏Ç‡πâ‡∏≤‡∏ß ‡πÑ‡∏°‡πà‡∏°‡∏µ‡∏Å‡∏•‡∏¥‡πà‡∏ô‡∏´‡∏∑‡∏ô ‡∏Ñ‡πà‡∏≠‡∏ô‡∏Ç‡πâ‡∏≤‡∏á‡∏Å‡∏£‡∏≠‡∏ö ‡∏Å‡∏£‡∏∞‡∏õ‡πã‡∏≠‡∏á‡∏õ‡∏¥‡∏î‡∏î‡∏µ|fake
‡∏Å‡∏•‡πà‡∏≠‡∏á‡∏ö‡∏∏‡∏ö ‡∏°‡∏µ‡∏£‡∏≠‡∏¢‡∏ï‡∏≤‡∏°‡∏î‡∏£‡∏π‡∏õ ‡∏™‡∏ï‡∏¥‡πä‡∏Å‡πÄ‡∏Å‡∏≠‡∏£‡πå‡∏ï‡∏¥‡∏î‡πÑ‡∏°‡πà‡∏ï‡∏£‡∏á‡πÄ‡∏´‡∏°‡∏∑‡∏≠‡∏ô‡∏°‡∏µ‡∏ï‡πç‡∏≤‡∏´‡∏ô‡∏¥|fake
‡∏ï‡∏≠‡∏ô‡∏ó‡∏µ‡πà‡πÄ‡∏£‡∏≤‡∏ã‡∏∑‡πâ‡∏≠‡πÑ‡∏°‡πà‡∏°‡∏µ‡πÄ‡∏ú‡πá‡∏î‡∏ô‡πâ‡∏≠‡∏¢ ‡πÄ‡∏£‡∏≤‡πÄ‡∏•‡∏¢‡∏™‡∏±‡πà‡∏á‡πÑ‡∏°‡πà‡πÄ‡∏ú‡πá‡∏î‡∏Å‡∏±‡∏ö‡πÄ‡∏ú‡πá‡∏î‡∏°‡∏≤‡∏Å‡∏°‡∏≤ ‡πÑ‡∏°‡πà‡πÄ‡∏ú‡πá‡∏î‡∏ô‡∏µ‡πà‡∏Ñ‡∏∑‡∏≠‡πÑ‡∏°‡πà‡πÄ‡∏ú‡πá‡∏î‡∏à‡∏£‡∏¥‡∏á‡πÜ‡∏ô‡∏∞|fake
‡∏™‡∏¥‡∏ô‡∏Ñ‡πâ‡∏≤‡∏°‡∏µ‡∏Ñ‡∏∏‡∏ì‡∏†‡∏≤‡∏û‡∏î‡∏µ ‡∏ó‡∏≤‡∏á‡∏£‡πâ‡∏≤‡∏ô ‡πÅ‡∏û‡∏Ñ‡∏°‡∏≤‡πÄ‡∏õ‡πá‡∏ô‡∏≠‡∏¢‡πà‡∏≤‡∏á‡∏î‡∏µ  ‡∏£‡πâ‡∏≤‡∏ô‡∏Ñ‡πâ‡∏≤‡πÉ‡∏´‡πâ‡∏ö‡∏£‡∏¥‡∏Å‡∏≤‡∏£‡∏î‡∏µ ‡πÇ‡∏î‡∏¢‡∏£‡∏ß‡∏°‡∏Ñ‡∏∑‡∏≠‡∏î‡∏µ‡∏°‡∏≤‡∏Å‡∏Ñ‡∏∞ ‡∏õ‡∏£‡∏∞‡∏ó‡∏±‡∏ö‡πÉ‡∏à‡∏Å‡∏≤‡∏£‡πÉ‡∏´‡πâ‡∏ö‡∏£‡∏¥‡∏Å‡∏≤‡∏£ ‡πÅ‡∏•‡∏∞‡∏Ñ‡∏∏‡∏ì‡∏†‡∏≤‡∏û‡∏™‡∏¥‡∏ô‡∏Ñ‡πâ‡∏≤‡∏ï‡∏£‡∏á‡∏õ‡∏Å‡∏Ñ‡∏∞|fake
‡∏£‡∏™‡∏ä‡∏≤‡∏ï‡∏¥‡∏≠‡∏£‡πà‡∏≠‡∏¢‡∏ñ‡∏π‡∏Å‡πÉ‡∏à‡∏°‡∏≤‡∏Å‡∏ã‡∏∑‡πâ‡∏≠‡∏£‡πâ‡∏≤‡∏ô‡∏ô‡∏µ‡πâ‡∏´‡∏•‡∏≤‡∏¢‡∏£‡∏≠‡∏ö‡∏°‡∏≤‡∏Å‡∏Å‡∏Å‡∏™‡∏¥‡∏ô‡∏Ñ‡πâ‡∏≤‡πÉ‡∏´‡∏°‡πà‡∏ó‡∏∏‡∏Å‡∏£‡∏≠‡∏ö ‡πÑ‡∏°‡πà‡∏°‡∏µ‡∏Å‡∏•‡∏¥‡πà‡∏ô‡πÄ‡∏´‡∏°‡πá‡∏ô‡∏´‡∏∑‡∏ô‡πÉ‡∏´‡πâ‡∏´‡πâ‡∏≤‡∏î‡∏≤‡∏ß‡πÄ‡∏•‡∏¢|fake
‡∏£‡∏≤‡∏Ñ‡∏≤‡∏ñ‡∏π‡∏Å‡∏î‡∏µ‡∏Ñ‡πà‡∏∞‡∏à‡∏±‡∏î‡∏™‡πà‡∏á‡∏™‡∏¥‡∏ô‡∏Ñ‡πâ‡∏≤‡∏Ñ‡πà‡∏≠‡∏ô‡∏Ç‡πâ‡∏≤‡∏á‡πÑ‡∏ß ‡πÅ‡∏û‡∏Ñ‡∏™‡∏¥‡∏ô‡∏Ñ‡πâ‡∏≤‡∏°‡∏≤‡∏î‡∏µ ‡∏ö‡∏£‡∏£‡∏à‡∏∏‡∏†‡∏±‡∏ì‡∏ë‡πå‡πÅ‡∏ô‡πà‡∏ô‡∏´‡∏ô‡∏≤ ‡∏ó‡πç‡∏≤‡∏°‡∏≤‡∏≠‡∏¢‡πà‡∏≤‡∏á‡∏î‡∏µ‡πÄ‡∏•‡∏¢‡∏Ñ‡πà‡∏∞|fake
‡∏™‡πà‡∏á‡πÉ‡∏ß‡∏î‡∏µ‡∏°‡∏≤‡∏Å‡∏Å‡∏Å‡∏Å‡∏Å‡∏Å‡∏Å‡∏°‡∏≤‡∏Å‡∏Å‡∏Å‡∏Å|fake
‡∏ô‡πâ‡πç‡∏≤‡∏û‡∏£‡∏¥‡∏Å‡∏´‡∏°‡∏π‡∏Å‡∏£‡∏∞‡∏à‡∏Å ‡πÇ‡∏Ñ‡∏ï‡∏£‡πÅ‡∏ã‡πà‡∏ö‡∏ö‡∏ö‡∏ö‡∏ö‡∏ö‡∏ö‡∏ö‡∏ö‡∏ö ‡∏°‡∏µ‡∏´‡∏•‡∏≤‡∏Å‡∏´‡∏•‡∏≤‡∏¢‡∏£‡∏™‡πÉ‡∏´‡πâ‡πÄ‡∏•‡∏∑‡∏≠‡∏Å ‡πÄ‡∏£‡∏≤‡∏™‡∏±‡πà‡∏á‡∏£‡∏™‡∏ï‡πâ‡∏°‡∏¢‡πç‡∏≤‡∏°‡∏≤ ‡∏≠‡∏£‡πà‡∏≠‡∏¢‡∏°‡∏≤‡∏Å‡∏Å‡∏Å‡∏Å‡∏Å‡∏Å‡∏Å‡∏Å‡∏Å‡∏Å|fake
‡∏Ñ‡∏∏‡∏ì‡∏Ñ‡πà‡∏≤‡∏Ç‡∏≠‡∏á‡πÄ‡∏á‡∏¥‡∏ô:‡∏Ñ‡∏∏‡πâ‡∏°‡∏°‡∏≤‡∏Å62 ‡∏£‡∏™‡∏ä‡∏≤‡∏ï‡∏¥:‡∏≠‡∏£‡πà‡∏≠‡∏¢‡πÄ‡∏¢‡∏µ‡πà‡∏¢‡∏°60|fake
‡∏™‡∏±‡πà‡∏á‡∏ã‡πâ‡πç‡∏≤‡πÄ‡∏õ‡πá‡∏ô‡∏£‡∏≠‡∏ö‡∏ó‡∏µ‡πà‡∏™‡∏µ‡πà‡πÅ‡∏•‡πâ‡∏ß‡∏Ñ‡πà‡∏∞ ‡∏ä‡∏≠‡∏ö‡∏ó‡∏µ‡πà‡πÄ‡∏Ñ‡∏£‡∏∑‡πà‡∏≠‡∏á‡∏ñ‡∏∂‡∏á‡∏£‡πà‡∏≠‡∏¢‡∏î‡∏µ‡∏°‡∏≤‡∏Å‡πÜ|fake
