ทางร้านจัดส่งสินค้ารวดเร็วดี ทดลองทําแล้วอร่อย ไม่มีกลิ่นเก่าเลย|fake
ถึงไว  ตรงปกคาบ|fake
ตรงปกเลยค่ะ|fake
ตรงปก คุ้มค่า สงไว คุณค่าของเงิน:คุ้มมากค่ะ|fake
ได้รับสินค้าแล้ว เร็วมาก|fake
ต้องแช่น้ําก่อนทุกครั้งนะคะเพราะมันจะเค็มอย่าเอาไปต้มเลยนะคะเคยแล้ว555555เค็มมากกก|fake
เค็มมากครับ|fake
ราคาถูก ส่งเร็ว เก็บปลายทางได้ ขนส่งมารยาทดี  สั่งครั้งแรก ถ้าอร่อยจะสั่งอีกเรื่อยๆเลย|fake
สินค้ารอไม่นานมากถุงใหญ่ดีแต่ยังไม่ได้ลองกินเลย แพ็คของมาดี|fake
ลูกชายชอบมากค่ะปกติธรรมดาที่เคยสั่งร้านอื่นจะเจอชิ้นเล็กๆร้านนี้ชิ้นยาว หน้ากินค่ะ ได้เป็นลูกค้าประจําแน่นอนค่ะ|fake
คุณภาพของที่ได้โอเคมากค่ะ ดีมาก แต่ไม่รู้ว่าวันที่ที่ปั้มบนซองเป็นวันหมดอายุหรือวันผลิต|fake
คุณค่าของเงิน:สินค้าดี บริการดี ขนส่งดีมากกกกกกกกกกค่ะ กลับมาใช้บรืการอีกแน่นอนค่ะ|fake
รสชาติ: ส่งของเร็วมาก สินค้าดูดี ยังไม่ได้ทดลองกิน  ส่งของเร็วมาก สินค้าดูดี ยังไม่ได้ทดลองกิน0|fake
ได้เยอะมาก ตอนเอาไปแช่คิดว่าน้อย พอมันพอง กินไม่หมด ต้องแบ่งแช่ตู้ไว้ ส่งเร็ว แพคมาดีมาก|fake
คุ้มค่ากับราคา อาหารว่างที่อร่อยและไม่มีความผิด อาหารว่างที่อร่อยและไม่มีความผิด|fake
จัดส่งรวดเร็วมากๆ สินค้าครบถ้วนสมบูรณ์ แต่ขอถามครับ เลขข้างหลังนี้ วันผลิตหรือหมดอายุครับ|fake
สินค้าแพ็คเรียบร้อยดีไม่มีเสียหาย คุณค่าของเงิน:  รู้สึกคุ้มกับเงินที่เสียไปสุดๆกับสาหร่าย100กรัมที่ไม่รู้จะกินหมดตอนไหน5555 รสชาติ:  ชอบตอนเคี้ยวมากๆกรุบแต่ไม่มากเหมือนเคี้ยวผักเวอร์ชั่นที่เป็นวุ้นบาง|fake
สินค้าส่งมาตรงตามเวลาที่กําหนดและแพ็กมาเรียบร้อยพนักงานขนส่งโทรแจ้งก่อนที่สินค้าจะมาถึง|fake
ส่งเร็วมาก ทันใจคนหิว แพคของมาในสภาพดี ปริมาณและราคาถือว่าคุ้มค่าและถูกกว่าหาซื้อเองตามท้องตลาด|fake
สินค้าครบถ้วนส่งไวมาก คะ เพิ่งได้รับยังไม่ได้ลอง ถ้าลองแล้วจะมารีวิวให้อีกนะคะ แต่โดยรวมดีคะ|fake
ส่งไว  คุ้มค่าค่ะ  แนะนําร้านนี้เลย  ไม่ผิดหวัง|fake
สินค้าตรงปก ทางร้านสส่งสินค้าไวรวดเร็วทันใจ แค่3วันก็ได้รับสินค้าแล้ว กล่องใส่และหีบห่อแพ็คมาดีไม่มีฉีกขาดหรือบุบสลาย|fake
ได้รับของเรียบร้อยดี  แต่ยังไม่ได้ลองทําอาหาร  พอดีของเก่ายังไม่หมด  ไว้หมดแล้วจึงจะใช้  แต่น่าจะดีเพราะดูสอาดดี|fake
สาหร่ายวากาเมะน่ากินจริงค่ะ  เยี่ยมไปเลย|fake
ห่อใหญ่อยู่นะ แช่น้ําแล้วเส้นแผ่นใหญ่|fake
ไม่ค่อยเหนียว แต่นุ่มคุณค่าของเงิน:|fake
ดีมากสะอาดครบจํานวน​ บรรจุมาดี|fake
สินค้าแพ็คมาดีคะตรงปกคะ|fake
สั่งรอบ 2 แล้วค่ะ อร่อยมาก จัดส่งเร็ว บริการรวดเร็วทันใจสุด ๆ ค่ะ สั่งวันศุกร์ได้วันอาทิตย์ เร็วมาก|fake
สมราคา|fake
ซองใหญ่|fake
รสชาติปกติ|fake
สินค้าจัดส่งรวดเร็วทันใจ สมราคา ตรงปกที่สุด|fake
สินค้าดีตรงปกได้ครบตามที่สั่งทางร้านจัดส่งเร็วราคาย่อมเยารสชาติอร่อยมากค่ะทานง่ายมีประโยชน์|fake
อร่อย ถูกกว่าที่อื่นไว้ค่อยสั่งอีก|fake
ดีงามค่ะ...ถุงใหญ่มากชอบมาก|fake
สาหร่ายอร่อยสาหร่ายวากาเมะสั่งแล้วแล้วเดี๋ยวจะสั่งอีกรอบผลิตภัณฑ์แพ็คมาอย่างดีสมราคาอร่อยมากค่ะแล้วจะสั่งอีกรอบนะคะ|fake
สินค้าดูดีตรงตามที่สั่งร้านค้าจัดส่งรวดเร็ววันหน้าจะสั่งใหม่ครับ|fake
แพ็คมาดีค่ะ  สาหร่ายเป็นเส้นอยู่ เนื้อสัมผัสมันไม่ค่อยดีเท่าไหร่  แต่ก็ทานได้ค่ะ ส่วนรสชาติยังไม่ได้ลองค่ะ1|fake
จัดส่งรวดเร็ว แพ็คสินค้ามาในกล่องสินค้าอยู่ในสภาพดี ใช้ส่วนลดแล้วราคาถูกกว่าซื้อเอง|fake
ได้รับสินค้าเรียบร้อยแล้วค่ะเส้นเหนียวนุ่มอร่อยมากเลยคั ใช้แค่นิดเดียว อิ่มตัวได้เยอะมากค่ะ|fake
ดีมากค|fake
สินค้าดี ร้านค้าจัดส่งไวมากกกแพ็คมาดี ส่งไว ให้5 ดาวไปจ้า|fake
ได้รับสาหร่ายแล้วค่ะการจัดส่งรวดเร็วดีมากค่ะ ของไม่เสียหาย ราคาไม่แพง ชอบมากค่าาาาาาา|fake
ได้รับสินค้าเรียบร้อยแล้วนะคะครบตามจํานวนที่สั่งถุงใหญ่มากส่งไวพอได้ลองเอาเศษที่ร่วงๆมาแช่น้ําร้อนปรากฎว่าพองเต็มชามชอบค่ะเก๋บําว้ทานได้นานๆ|fake
ได้เยอะมาก|fake
จัดส่งตรงเวลา ของตรงตามสั่งซื้อ|fake
แพคมาดีมาก ขนส่งดี ได้ของครบ ประทับใจมากค่ะแพคมาดีมาก ขนส่งดี ได้ของครบ ประทับใจมากค่ะ|fake
100กรัม น่าจะทําได้หลายครั้ง ไว้ทานแล้วจะเป็นอย่างไร จากญี่ปุ่น คงดีต่อใจ สุขภาพ กินแล้วจะได้บอกต่อ|fake
อร่อยมาก|fake
ใหม่สดสะอาดแพ็กมาดีส่งเร็ว|fake
สินค้าตรงปกห่อหุ้มมาดี ทํากินแล้วอร่อยครับ|fake
คุณค่าของเงิน:ยังไม่ได้ลอง แต่แวะมารีวิวก่อน ราคาประหยัดกว่าซื้อในห้าง  แพ็คเก็ตดี    เด็กๆชอบทานกับชาบู รสชาติ:|fake
อร่อยมากค่ะ​ ซื้อซ้ําแน่นอน|fake
กลิ่นแอบเหม็นกว่าอีกยี่ห้อนึง เส้นสาหร่ายบางแผ่นคือมาแบบใหญ่มากกก|fake
แช่น้ํานิดเดียวพองใหญ่มาก อร่อยสะดวกหมดแล้วจะสั่งอีก|fake
สินค้าส่งเร็วใส่กล่องมาเรียบร้อยไม่เสียหาย/สาหร่ายอบแห้งสะอาดน่าจะเก็บได้นานตรงปก|fake
แท้และอร่อย คุ้มค่ากับราคา|fake
อร่อยชอบเลย แต่แผ่นแอบใหญ่ไปนิด ต้องตัดแบ่งหายท่อน แผ่นยาว เวลาจะเอาออกมาแช่น้ํา ค่อยข้างยาง|fake
ส่งสินค้าเร็วมาก และได้รับสินค้าเร็วมาก สินค้าอยู่ในสภาพที่ดี ไม่มีอะไรเสียหาย สินค้าถูกต้องตามที่สั่งไป|fake
ถูกใจ|fake
คุณค่าของเงิน:ถึงจะชิ้นเล็กไปหน่อยแต่ก็โอเคคุณภาพใช้ได้ราคาถูกเหมาะสมเหมาะสมถ้าต้องการราคาถูกก็แนะนําครับร้านนี้เลย ชอบๆเดี๋ยวซื้ออีก|fake
ยังไม่ได้ลอง แต่ห่อใหญ่มาก ราคาถูกกว่าร้านอื่น|fake
แพ็กเกจดูดี|fake
สินค้าตรงปกดีส่งไวเก็บได้2ปีจริงไหมของเหมือนนิดเดียวแต่แช่น้ําแล้วเยอะมากใชFlavour:ทําแกงจืดต้มซุปเต้าเจี้ยวอร่อยค่ะValue for Money:โอเคนะเป็นของแห้งควรมีติดบ้าน|fake
ราคาถูแดี|fake
สินค้าส่งมาไม่มีอะไรเสียหายแพ็คมาเรียบร้อยได้สินค้าครบทั่วถูกต้องราคาไม่แพงขนส่งบริการดี|fake
ดีนะคะ ห่อใหญ่ส่งเร็วดี การพองตัวก็โอเคเลยเลยจะมีแค่บางเส้นที่เกลียวแน่นมากต้องช่วยเอามือดึงออกให้เขาพองเต็มที่ เอามาทํากับข้าวอร่อยดีค่ะ|fake
ตอนแรกว่าน้อยแช่น้ําเยอะมาก|fake
รสชาติ:อร่อยมาก คุณค่าของเงิน:คุ้มค่ามาก|fake
สินค้าจัดส่งมาเรียบร้อย สภาพของที่ส่งมาดีไม่มีอะไรเสียหาย ประมาณสองวันก็ได้รับของแล้ว|fake
สินค้าได้รับครบถ้วน ร้านห่อกันกระแทกมาอย่างดี สินค้าเป็นสินค้าใหม่ ขนส่งจัดส่งรวดเร็ว  แล้วจะอุดหนุนอีกค่ะ|fake
สินค้าดูใหม่สดและได้เยอะมากค่ะ|fake
ได้รับเร็วดี ยังไม่ลองกิน|fake
สาหร่ายใหม่และหอมเอามาใช้แล้วอร่อยดีค่ะ|fake
ห่อใหญ่มาก คุ้มค่า แพ็คเกจห่อมาอย่างดี รสชาติดี ส่งไว|fake
อร่อยยย|fake
ได้รับสาหร่ายมากาเมะแล้วสองถุงครบตามสั่งแต่ยังไม่เคยสั่งทางออนไลน์เคยสั่งแต่เวลาไปทานMK|fake
ได้รับสินค้าแล้ว ส่งไวดี ตรงตามที่ต้องการ ซื้อเป็นครั้งแรก ไม่ผิดหวังเลย|fake
ห่อใหญ่ค่ะ|fake
คุณค่าของเงิน:สินค้าดูสะอาดดี แพ็คเกจสวยงามสมบูรณ์ขนส่ง ส่งไวบริการดี รสชาติอร่อยใส่ในต้มจืด สุกี้ หมูกระทะ|fake
ไม่มีกลิ่นทะเลเลย เหลือ 2 ถุง อยากส่งคืน จะส่งคืนได้มั้ย|fake
ส่งสินค้าเร็วมาก และได้รับสินค้าเร็วมาก สินค้าอยู่ในสภาพที่ดีไม่มีอะไรเสียหาย สินค้าถูกต้องตามที่สั่งไป|fake
สินค้าดี แพคกิ้งดี จัดส่งรวดเร็ว|fake
ส่งไว ห่อใหญ่ดี สรหร่ายออกเค็มๆนะเพื่อนๆ เราเอามาคลุกกับน้ํามันงา อย่างอร่อย หอมมาก ไม่ต้องใช้เยอะมันพองตัว|fake
สินค้าส่งไว ราคาไม่แพง ทํากินง่าย เพียงเติมน้ําอุ่นลงไป สาหร่ายจะค่อย ๆ บานออก รสชาติดี เข็มไม่มาก แต่ว่าตัวสาหร่ายติดกันเป็นก้อนไปหน่อย|fake
แผ่นยาวน่าจะอร่อย ยังไม่ได้ลอง|fake
สินค้าส่งรวดเร็ว แพคเก็จจิ้งดี ราคาเหมาะสม คุณภาพของสินค้าโอเคเลยค่ะ คุ้มค่าคุ้มราคามากค่ะ|fake
สินค้าจัดส่งได้รวดเร็ว สภาพสินค้าส่งมาดี ไม่มีเสียหายอะไร ตรงตามออเดอร์ ของครบ ลองดู.|fake
ห่อใหญ่มาก ในรูปนึกว่าห่อนิดเดียว กินได้นานเลย|fake
คือเยอะมากราคาไม่แพง กินตอนเย็นตอนเช้ามาเข้าห้องน้ําทางสะดวก ราคาไม่แพง|fake
ส่งเร็วตามตามปก|fake
เป็นก้อน เหม็ดหืนนิดหน่อยน่าจะปกติ ปริมานราคาคุ้มค่า|fake
ของตรงตามที่สั่ง ราคาถูกดี|fake
คุณค่าของเงิน:คุ้มค่าดี รสชาติ:หอมกลิ่นสาหร่ายชัดเจน|fake
ใช้ได้ค่ะ แนะนําแช่น้ําแปปเดวพอนะคะ|fake
ดีงาม ของดูเป็นของใหม่ ซื้อลดราคาได้ของถูกและดีด้วย สั่งมาตุนไว้ตอนปีใหม่ทําหม้อไฟกินกันในครอบครัว|fake
แช่ทั้งห่อได้ปริมาณเยอะมาก สาหร่ายดูสะอาดรสชาติอร่อย ราคาร้านนี้ก็ถูกมาก ถ้าหมดแล้วจะสั่งอีกแน่นอนค่ะ แนะนําร้านนี้ค่ะ|fake
สั่งผิดแบบที่อยากจะได้เสียอารมย์กับตัวเองมากๆค่ะ|fake
เคยกินมาก่อนจ้า วากาเมะ เอามาทําโรตีสาหล่ายจ้าาแนะนําร้านนี้เลยจ้าาาส่งไวมาก|fake
สาหร่ายอร่อยและเป็นประโยชน์,|fake
ได้รับของแล้วค่ะ มีข้อความแจ้งว่าได้รับของแล้ว แต่ของไม่มี ขนส่งเอาไปส่งผิดที่บ้าน ก็เดินไปตามถามร้านข้างได้ของกลับคืนมาได้เอง สาหร่ายแลกหมดเลย ขอหักขนส่งไป 2 ดาวนะคะ|fake
รสชาติ:ดีไม่คาว คุณค่าของเงิน:ราคาดีคะ|fake
สาหร่ายจับตัวกันเป็นก้อนเหมือนจะเหนียวไม่แห้งกรอบเหมือนที่เคยสั่งมาและมีจุดขาวๆไม่แน่ใจว่าคืออะไร|fake
สินค้าตรงปก จัดส่งรวดเร็ว สินค้าตรงปก จัดส่งรวดเร็ว สินค้าตรงปก จัดส่งรวดเร็ว สินค้าตรงปก จัดส่งรวดเร็ว|fake
ทางร้านจัดส่งสินค้าให้รวดเร็วดีมาก สินค้าราคาไม่แพง คุ้มค่าดี ขนาดห่อใหญ่กว่าที่คิด|fake
ชอบมาก กลิ่นหอมมากกว่ายี่ห้ออื่นๆ ดีมากค่ะราคาย่อมเยาว์|fake
สินค้าตรงปก​ จัดส่งเร็ว|fake
แผ่นใหญ่ ยังไม่ได้ลอง|fake
รสชาติ:อร่อยใส่ใจลูกค้าดีมากคะ เเนะนําคะใส่ใจลูกค้าดีมากคะ เเนะนําคะใส่ใจลูกค้าดีมากคะ เเนะนําคะ|fake
เอามาทําซุปก็ได้อยู่|fake
ได้รับสินค้าตรงตามแบบและจํานวนที่สั่งเรียบร้อยแล้ว การจัดส่งสินค้ารวดเร็ว สินค้าราคาไม่แพง|fake
คุณภาพดี แพคมาดีตรงปกแช่น้ําสักพักพองตัวเยอะเลยคะ เอาไปแกงจืดอร่อยมีคุณค่าทางอาหารราคาก็ไม่แพงสะอาดด้วยคะ|fake
หยิบออกมาแบบนิดจริงๆ พอน้องพองตัวคือเยอะจนกินไม่หมด|fake
สอบถามร้านค้าค่ะ ที่เขียนว่า 20220705 คือ วันผลิต หรือวันหมดอายุคะ ?  สินค้าส่งไวค่ะ แต่กลัวว่าเป็นวันหมดอายุ|fake
รสชาติ: รับของแล้วค่ะจัดส่งไวมาก สาหร่าย 1 ห่อแช่ได้เยอะ กินได้หลายครั้ง กรอบอร่อย ไว้รอบหลังจะมาอุดหนุนมาอีกนะคะ|fake
คุ้มมากห่อใหญ่ หมดแล้วต้องซื้ออีกแน่นอน|fake
คุณค่าของเงิน:ก็ถือว่าแพงแต่ก็พอได้อยู่ รสชาติ:ยังไม่ลิ้มลอง|fake
สาหร่ายหลังจากแช่น้ําแล้วจะเละเป็นวุ้นซะส่วนใหญ่ครับ เวลานํามาปรุงจะเละๆไม่อร่อย|fake
ดีมากค่ะร้านนี้ส่งไวมากส่งของครบตามจํานวนสินค้าไม่มีชํารุดแพคของดีมากร้านค้าก็คือบริการลูกค้าเลิศเว่อร์|fake
คุณค่าของเงิน:คุ้มมากค่ะ ทานได้หลายครั้งมากๆๆ รสชาติ:อร่อย หอม เหนียวนุ่ม ซื้อซ้ําแน่นอนค่ะ แนะนําร้านนี้ค่ะ ส่งใว|fake
ได้รับของเรียบร้อยแล้วค่ะ สินค้าโอเค ตรงปก ไม่มีปัญหาอะไร การจัดส่งโอเค เรียบร้อย ขอบคุณค่ะ|fake
สาหร่ายวากาเมะ ขนาด 100 กรัม ร้านค้าจัดส่งไวมาก ดูสะอาด น่ารับประทาน ราคาไม่แพง ขนส่งบริการดี|fake
สินค้าครบถ้วน จัดส่งรวดเร็ว ไม่มีเสียหาย|fake
ได้รับสินค้าแล้วจัดส่งค่อนข้างเร็วแพ็คใส่กล่องมาดีไม่มีเสียหายหีอนใหญ่เลยค่ะเส้นยาวแช่นํา้แล้วมาตัดเป็นชิ้นเล็ก|fake
ชอบมากค่ะหลานชอบกินหอมมากได้เยอะด้วยจะอุดหนุ่นอีกค่ะ|fake
ส่งใวดีค่ะตรงตามเวลาโโดยรวมโอเค ซองใหญ่ดีค่ะ สมกับราคาไม่แพง  แพ็กของมาโอเคค่ะ ชอบมาก|fake
จัดส่งรวดเร็ว ห่อมาอย่างดี ยังไม่ได้ลองทานดูแต่ห่อใหญ่ดี ใช้ได้นานจนลืมเลย ดีๆๆๆๆๆๆๆ|fake
ยังไม่ได้ลองกินว่าอร่อยไหม|fake
สาหร่ายห่อใหญ่บรรจุมาดีจัดส่งไวสะอาดพอแช่น้ําแล้วพองตัวเยอะมากรสชาติดีจะสั่งอีกแน่นอนคุ้มค่าคุ้มราคา|fake
ได้รับของครบ ขนส่งเร็วดี แต่ยังไม่ได้ลองทานเลย ทานแล้วจะมารีวิวเพิ่มค่ะ|fake
ส่งไว ตรงปก แต่ยังไม่ลองกินจ้า|fake
จัดส่งเร็วมากค่ะ  ห่อใหญ่ คุ้มราคาค่ะ   2 ห่อ 170 บาทรวม200กรัม คุ้มเลย|fake
คุณค่าของเงิน: รสชาติ:อร่อยค่ะ|fake
สินค้าครบถ้วน ลองเอาแช่น้ํา มันเหี่ยวๆหน่อย โดยรวมถือว่าโอเคจัดส่งตามกําหนดดดดดดดดดดด|fake
สาหร่ายวากาเมะอบแห้ง นํามาประกอบอาหารอร่อย แช่น้ําให้พองตัว ทานแล้วมีประโยชน์ต่อร่างกาย ร้านค้าขายราคาถูก ได้ปริมาณเยอะ สินค้าอยู่ในถุงซีล สะอาด ปลอดภัยดี|fake
คุณค่าของเงิน: รสชาติ:ดี|fake
ได้รับสินค้าแล้ว ยังไม่ได้ลองกิน แต่คิดว่าคงใข้ได้ จัดส่งไวดี แพ็คสินค้าดี แน่นําค่ะ|fake
สินค้าจัดส่งรวดเร็วดีค่ะ ไม่มีเสียหาย|fake
สินค้าตรงปก ส่งเร็ว แต่ยังไม่ได้ลองทํากิน เดี๋ยวมารีวิวหลังทํากินอีกรอบ|fake
ได้รับสินค้าแล้วจ้า|fake
ได้รับสินค้าครบตามจํานวนที่สั่งค่ะ ส่งปกติ ไม่ช้าไปค่ะ สินค้ามียับบ้างแต่ไม่มีผลต่อการใช้งานค่ะ|fake
คุณค่าของเงิน: ซื้อถุงใหญ่มาเลยคงจะดี ดูก็น่าอร่อยดี คุณค่าของอาหารก็ต้องมีอยู่แล้ว จัดส่งได้รวดเร็วดีด้วยจ้า|fake
ส่ไว้ดีคะ ถุงใหญสมราคาคะ|fake
คุณค่าของเงิน:ได้เยอะมาก คุ้มค่าเงินที่ใช้ไป ได้เส้นยาว ได้ห่อจริงที่ไม่แพ็กแบ่งเอง รสชาติ:อร่อย  ไม่เหม็นคราว|fake
ลองสั่งซื้อวากะเมมาทาน ต้องนํามาทาน  ถ้าดีจริงจะกลับมาซื้อซ้ําอย่างแน่นอน ราคาถูกมากด้วย|fake
ได้รับแล้วอร่อยดีค่ะราคาไม่แพง|fake
อร่อย จัดส่งเร็วมาก ไม่ทีกลิ่นเก่า อับ มําอาหารแล้วอร่อยค่ะข|fake
แพคมาดีคะยังไม่ๆด้ลองถ้าอร่อยจะสั่งเพิ่มแน่นอน|fake
ห่อมาดี สินค้าไม่เสียหาย ห่อมีแต่ภาษาจีน ขอลองกินก่อน|fake
รสชาตดีมาก หนา หอม อร่อย|fake
อร่อย แค่เอาไปต้ม ก็ได้รสอูมามิ นี้ต้มใส่กับหมูสับเฉยๆ อร่อยมาก ได้เยอะมาก ซื้อมาสองถุง คุ้มสุด|fake
อร่อยค่ะ สินค้าดี  เส้นยาว คุ้มมาก เอาออกมาแช่น้ํานิดเดียว ขยายตัวได้เยอะมากค่ะ|fake
ส่งรวดเร็วมาก สินค้าคุณภาพดีค่ะ|fake
คุณภาพปานกลาง|fake
ส่งเร็วมากถูกและดีค่ะรสชาติอร่อยมาก|fake
ส่งเร็ว สิ้นค้าแพ็คมาอย่างดี|fake
ได้รับสินค้าเรียบร้อยตามออเดอร์ แพ็คสินค้ามาอย่างดี จัดส่งสุภาพและรวดเร็วทันใจ|fake
แพคกิ้งอย่างดีส่งเร็ว|fake
คุ้มค่ากับราคา|fake
จัดส่งไวมากๆ ห่อใหญ่|fake
ห่อใหญ่มาก ได้ของเร็ว กล่องไม่เสียหาย คุ้มค่ากับราคามากๆ อร่อยและได้เยอะมากกๆ คุ้มจริง|fake
รสชาติ:อร่อยคุ้ม|fake
ดีมากคับอร่อยมากคับ|fake
รสชาติ:ถูกใจจ้าต้องกลับมาสั่งให้ม่จ้าา|fake
ถุงใหญ่คุ้มค่าสมราคา ลูกบ้านนี้ชอบกินสาหร่ายวากาเมะกันทุกคน ร้านส่งสินค้าไวมาก ไว้จะกลับมาอุดหนุนใหม่ค่ะ|fake
จัดส่ง​ไว​ สินค้า​ดี​ สาหร่าย​ห่อใหญ่​ แช่น้ํานิดเดียว​บานเต็มหม้อ​ อร่อยค่ะ​ หมดแล้ว​จะ​อุดหนุน​ใหม่​นะ​คะ|fake
ดีมากกกกก อร่อย นุ่มหนึบ ใส่สาหร่ายแห้งในน้ํา อุ่นในไมโครเวฟและทิ้งไว้ ซัก 10 นาที สาหร่ายขึ้นพองเต็มจาน หมดแล้วต้องสั่งอีกค่ะ!!!|fake
สินค้าครบตามจํานวนค่ะ|fake
ยังไม่ลองรับประทาน ซองใหญ่ดีค่ะ ส่งของไวดี แต่ถุงน่าจะมีซิบล็อคให้ เพราะเวลาเปิดแล้วน่าจะกินไม่หมดในครั้งเดียว|fake
