คุณค่าของเงิน:ดี รสชาติ:อร่อยได้รับสินค้าเรียบร้อยแล้วร้านนี้ถูกกว่าร้านอื่นมีสินค้าเยอะมากมายใครสนใจลองเข้าไปดูได้|fake
สินค้าดี มีคุณภาพ สินค้าดี มีคุณภาพ  สินค้าดี มีคุณภาพ สินค้าดี มีคุณภาพ  สินค้าดี มีคุณภาพ สินค้าดี มีคุณภาพ|fake
กินเป็นประจําอยู่แล้วไวๆเส้นค่อนข้างเหนียวนุ่มและรสชาติดีอยากให้ออกโปรโมชั่นมาบ่อยๆจะได้ซื้อได้เยอะๆ|fake
ส่งโอเค สินค้าใหม่ ดีค่ะ|fake
ได้รับสินค้าเรียบร้อย ขนส่งบริการดี สินค้ามีคุณภาพใช้งานได้ดีราคาถูกกว่าท้องตลาด  แล้วจะอุดหนุนอีกนะคะ|fake
ไวไวบะหมี่กึ่งสําเร๋จรูปรสต้มยํารสชาติเปรี้ยวเผ็ดอร่อยหอมกลิ่นรสต้มยําร้านค้าและพนักงานส่งสินค้าบริการดี|fake
จัดส่งรวดเร็วทันใจราคาถูกกว่าในห้างสามารถใช้เหรียญลดได้อีกได้มาแพคละ18บาททดีงามม|fake
จัดส่งรวดเร็ว กล่องแพคเกจดี เป็นสินค้าผลิตใหม่ ของมีคุณภาพ ตรงตามความต้องการ ถ้าหมดแล้วจะซื้ออีกครั้ง|fake
สินค้าได้รับแล้วครับ|fake
ได้รับสินค้าครบถ้วนรวดเร็ว สินค้าใหม่ ประทับใจมากค่ะ สินค้ามีคุณภาพภาพ จะสั่งใหม่นะค่ะ|fake
ได้รับสินค้าแล้วค่ะชอบมากๆเลย ไวๆรสหมูสับต้มยําขณะนี้ได้มาในราคา 13 บาทเองส่งฟรีแพ็คสินค้ามาดีมากๆเลยค่ะชอบมากๆเลย|fake
จัดส่งสินได้อย่างรวดเร็วดีค่ะ ราคาเหมาะสม แต่สินค้ามีให้เลือกไม่เยอะเลย อยากให้มีสินค้าให้เลือกมากกว่านี้|fake
ถุกใจมากถุกใจมากถุกใจมากถุกใจมากถุกใจมากถุกใจมากถุกใจมากถุกใจมากถุกใจมากถุกใจมาก|fake
ได้รับสินค้าตามที่สั่งซื้อได้ในราคาที่ถูก ถูกกว่าที่ห้าง คุ้ม|fake
บะหมี่ไวไวรสต้มยําหมูสับขนาด60กรัม รวชาติจัดจ้าน หอมมะนาว อร่อยมากค่ะ แนะนําให้มีติดบ้านค่ะ|fake
ทางร้านจัดส่งรวดเร็ว ได้มาในราคาที่ถูก ขนส่งโทรมาก่อนเข้ามาส่งทุกครั้ง ไว้จะอุดหนุนใหม่นะคะ|fake
-สินค้าเเพ็คมาดี ไม่พบความเสียหาย สินค้าตรงปก หมดอายุ 9/2024 เบื้องต้นพอใจกับตัวสินค้านี้ ราคาไม่แพง ขนส่งเร็ว|fake
คุณค่าของเงิน:ดี รสชาติ:ดี|fake
รสชาติ:ได้รับสินค้าแล้วค่ะสินค้าจัดส่งไวมากวันเดียวถึงเลยอร่อยมากเลยค่ะไว้จะสั่งใหม่อีกนะคะขอบคุณค่ะ|fake
สินค้าดีรสชาติอร่อยทางร้านจัดส่งเร็วแถมเวลาซื้อใช้เหรียญลดได้หลายบาทเลยสินค้าอร่อยอีกทีครับ|fake
สินค้าดีมากค่ะ ทางร้านห่อมาดีมากๆ ประทับใจมาก ขนาดสั่งครั้งแรก ส่งไว ได้รับของเร็วมาก|fake
รสชาติ:อร่อย คุณค่าของเงิน:ราคาประหยัด|fake
ได้รับสินค้าแล้ว จัดส่งเร็ว คุ้มค่าคุ้มราคา ดีมากเลยครับ ไว้หมดแล้วจะสั่งใหม่ เยี่ยมๆๆๆ|fake
แพคใส่กล่องมาดีค่ะ​ ไม่มีเสียหาย​ ของราคาปกติ​ แต่ได้คูปองดีลจากไข่เลยได้ลดไปอีก​ ดีงาม|fake
ไวๆบะหมี่กึ่งสําเร็จรูป 60 กรัม รสต้มยํากุ้ง ยังไม่ได้แกะนะคะ แต่เคยซื้อ ไวๆอยู่แล้ว ก็คงอร่อยเหมือนเดิมนะคะ เพราะเป็นลูกค้าไวๆอยู่แล้ว ต้องมีติดบ้านไว้สักแพ็ค 2 แพ็ค เอาไว้เวลาหิวก็หยิบขึ้นมาต้มได้เลย ดีมากชอบมากค่ะ ร้านนี้จัดส่งเร็วด้วย ราคาไม่แพงอร่อยถูกใจ|fake
อร่อยตรงปก ร้านค้าจัดส่งได้ไวมากค่ะ​และแพ็คสินค้ามาดี​ ไว้หมดเดี๋ยวจะสั่งซื้ออีกค่ะ|fake
ส่งไวมากส่งไวสุดสุดไม่กี่วันก็ได้ของแล้ว ของราคาถูกมีคุณภาพกลับมาซื้ออีกแน่นอนเลยแบบนี้|fake
ร้านส่งสินค้าเร็วมากร้านส่งสินค้าเร็วมากร้านส่งสินค้าเร็วมากร้านส่งสินค้าเร็วมากร้านส่งสินค้าเร็วมากร้านส่งสินค้าเร็วมาก|fake
ไวไวรสหมูสับต้มยํา เส้นเหนียวนุ่ม รสชาติอร่อยถึงใจ ดีมากค่ะ|fake
สินค้าร้านนี้คุณภาพดี การขนส่งดี ส่งสินค้ารวดเร็วมาก การให้บริการจากผู้ขายดี จะอุดหนุนสินค้าร้านนี้อีกแน่นอนค่ะ|fake
สินค้าดีแต่ขนส่งไม่ดีเลยของเขาถึงหลายวันแล้วไม่มาส่ง ขนส่งแฟลชของกว่าจะมาถึง ยับยู่ยี่หมดเลยเราว่าแย่มากๆถ้าเป็น เคอรี่เขาส่งดีนะโทรแจ้งก่อนเลย|fake
คิดว่าจะห่อใหญ่ห่อเล็กค่ะราคาปกติถ้าซื้อในเซเวนก็ได้เหมือนกันค่ะไม่ถูกไม่แพงราคาตามท้องตลาด|fake
รสชาติ:อร่อย ชอบรสชาดนี้ ติดบ้านไว้ เพื่อรดชาดที่หลายหลายทานมานานก็ยังชื่นชอบ หอมมะนาว  ทานต่แไปยาวๆๆ|fake
ได้รับสินค้าแล้ว ไม่มีอะไรเสียหายชอบมากที่สุด สั่งหลายรอบแล้วววบริการดี ถูกใจ แนะนําเลยยย|fake
สินค้าส่งไวพนักงานส่งของสุภาพแพคสินค้ามาดีไม่ฉีกขาดเสียหายได้รับสินค้าตรงตามขนาดและจํานวนที่สั่งครบ|fake
ราคาดี รสชาติดี ติดบ้านไว้ เหมือน ยาประจําบ้าน 555|fake
คุณค่าของเงิน:สมราคส รสชาติ:อร่อย|fake
ได้รับสินค้าแล้วค่ะ แพคสินค้ามาแรงมาก  ที่บ้านชอบกิน รสชาดนี้ ทั้งบ้าน  ราคาถูกกว่าร้านสะดวกซื้อ  ทั่วไป|fake
รสชาติ:ดีมากๆค่ะ ลดราคาช่วงวันเกิดลาซาด้า ได้ของถูกและจัดส่งไว ร้านและขนส่วให้บริการดีมากๆเลยค่ะ|fake
ได้รับสินค้าเรียบร้อยแล้วการจัดส่งรวดเร็วดีมากโดยรวมแล้วโอเคคุ้มค่าคุ้มราคาถูกใจมากค่ะชอบมาก ถูกมากๆเลยค่ะใช้เหรียญได้ลดอีกมากมาย|fake
อร่อย เปรี้ยว เค็ม เผ็ด ครบรส หอมมะนาวมากๆ ชอบๆ|fake
สินค้า​อยู่​ใน​สภาพ​เรียบร้อย​ จัดส่ง​ดี​และ​เร็วสินค้า​อยู่​ใน​สภาพ​เรียบร้อย​ จัดส่ง​ดี​และ​เร็ว​|fake
จัดส่งไว สั่งมาก็หลายรอบแล้วแต่มาส่งของรอบนี้สินค้ามีเสียหาย แพ็คมาดี แต่ของมารวมทับกันเละเทะไปหมดเลย เสียความรู้สึกกับการสั่งซื้อรอบนี้มาก ไม่คิดว่าของจะมาสภาพนี้ เสียเงินแล้วเสียความรู้สึกมากๆ คนรับตกใจ เพราะสั่งไปให้อีกบ้านนึงรู้สึกไม่โอเคเลย อุตส่าจะให้เด็กๆ แต่ของที่ได้มีเสียหายไม่คุ้มค่าเลย สุดๆๆๆ !!!!|fake
ไม่ผิดหวังที่สั่งสินค้าชิ้นนี้ ของมีคุณภาพ การจัดส่งดีมาก หาราคาโปรได้คุ้มุดๆ ของต้องใช้สั่งเลยไม่ผิดหวังจร้าาา จัดดไป จร้าาา|fake
ไวไวรสนี้อร่อยดีค่ะ กินดิบๆยังอร่อยเลย ร้านค้าส่งสินค้าไว  ใช้คูปองส่งฟรีได้ด้วย คุ้มมากค่ะ|fake
ส่งของเร็ว​ 2 วันได้รับแล้วค่ะ​ ของราคาปกติ​ แต่ได้คูปองดีลของไข่​ ลดลงไปอีก​ แถมค่าส่งฟรี​ คุ้มเลย|fake
จัดส่งรวดเร็วทันใจชอบมากถูกกว่าในห้างสามารถให้คูปองจากไข่ลดได้ตกแพคลพ20บาทคุ้มสุดๆๆ|fake
ได้รับ ไวไว บะหมี่กึ่งสําเร็จรูป รสหมูสับต้มยํา 60 ก. แพ็ค 5 เรียบร้อยแล้ว|fake
ได้รับสินค้าถูกต้อง ครบถ้วน​ตามที่สั่งซื้อ​ การแพ็คสินค้าดี​ ได้ส่วนลดราคาไม่แพง​ คุ้มค่ามากค่ะ|fake
ได้รับสินค้าเรียบร้อยค่ะ สินค้าจัดส่งมาครบถ้วนตามจํานวนที่สั่ง สินค้าแพคมาดีไม่ได้รับความเสียกายจากการจัดส่ง|fake
สินค้าจัดส่งไวดีจ้า ลองใช้แล้วโอเค ได้รับสินค้าแล้ว โอเคดีสินค้าจัดส่งไวดีจ้า ได้รับสินค้าแล้ว โอเคดีได้รับสินค้าแล้ว โอเคดีสินค้าจัดส่งไวดีจ้า|fake
ดีมากกกดีมากดีมากกกดีมากดีมากกกดีมากดีมากกกดีมากดีมากกกดีมากดีมากกกดีมากกกดีมากดีมากกกดีมากดีมากกกดีมากดีมากกกดีมา|fake
คุณค่าของเงิน:คุ้มค่าที่สุดได้ส่วนรถพิเศษ และได้ส่วนอย่างอื่นอีกมากมาย รสชาติ:โอเครต้องมีติดบ้านเปี้ยวๆๆๆหวานนนนย|fake
ไวไว รสหมูสับต้มยําเป็นรสที่ชอบอยู่แล้ว เอามาจัดโปร 5.5 ราคายิ่งถูกมาก ถูกใจจริงๆ ค่ะ จัดโปรครั้งหน้าจะอุดหนุนใหม่นะคะ|fake
ได้รับสินค้าเรียบร้อยแล้ว ส่งไวมาก 3วันรับของ|fake
ตรงปก รสนี้อร่อยชอบ|fake
ส่งสินค้าเร็วมาก และได้รับสินค้าเร็วมาก สินค้าอยู่ในสภาพที่ดีไม่มีอะไรเสียหาย สินค้าถูกต้องตามที่สั่งไป|fake
ได้รับไวไวแล้วค่ะราคาดีมากๆๆได้ไข่ลดราคาอีกถูกมากๆๆรสนี้ร่อยมากเผ็ดดีค่ะไวเวลาหิ้ว|fake
ดีฮะราคาไม่แพงมีส่วนลดใช้ลดได้ ช่วยประหยัดได้ดีร้านค้าจัดส่งไวสินค้าได้รับถูกต้องไม่เสียหาย|fake
ส่งไวได้ส่วนลดจากเหรียญอีกกกตกแพคยี่สิบสามบาทดีงามมากกกถูกกว่าซื้อในห้างอีกกกกกก|fake
ได้รับไวไวรสหมูสับจํานวนสองห่อเรียบร้อยดี ไม่มีเสียหาย ร้านแพ็คใส่กล่องพัสดุมา ดีที่ขนส่งไม่ทํากล่องยุบ|fake
ได้รับของเรียบร้อย ส่งของรวดเร็ว พนักงานส่งของสุภาพดี สินค้าแพคเกจเรียบร้อยดี แกะออกมาเช็คของแล้วสินค้าสภาพดีไม่เสียหาย|fake
สินค้า​จัดส่ง​มา​ได้​เร็ว​มาก​ ได้รับ​สินค้า​ถูกต้อง​เรียบร้อย​ ดี​คุ้มค่า​คุ้ม​ราคา​|fake
ได้รับสินค้าเรียบร้อยแล้วค่ะ ร้านค้าจัดส่งเร็ว ไวไว รสหมูสับต้มยํา  แพค5ห่อ สินค้าราคาประหยัด มีติดบ้านไว้ เวลาหิวๆ|fake
ได้มาราคาถูก|fake
ไวไวหมูสับต้มยํา​  สินค้า​ใหม่​ จัดส่ง​สินค้า​ครบ​ตามที่​สั่ง​ ขนส่ง​พูดจา​สุภาพ​โทรแจ้งก่อนส่ง|fake
ช่วงนี้แนะนําซื้อไวไวติดบ้านไว้ รสต้มยําหมูสับรสนี้อร่อยสะดวก อื่มท้องเหมาะกับทุกคน.|fake
คุ้มค่ากับราคา,|fake
ได้รับแล้สครับส่งเร็วราคาไม่แพงไม่ต้องออกไปซื้อเองขนส่งจัดส่งถึงที่ไว้จะอุดหนุนอีกน่ะครับ|fake
สินค้าตรงปกครับได้รับสินค้าแล้วห่อใหญ่ดีครับจัดส่งเร็วห่อไซส์มาตรฐานสินค้าคุณภาพจากบิ๊กซี|fake
ได้รับสินค้าแล้วค่ะ แนะนําร้านนี้เลยนะคะตรงปกค่ะเดี๋ยวจะกลับมาซื้อใหม่นะคะ|fake
เพิ่งลองสั่งครั้งแรก​ ดีต่อใจมากกกกเดี่ยวจะกลับมาอุดหนุนอีกกนะคะสั่งวันเมื่อวาน​ วันนี้ของถึงแล้ว​ เร็วมากกกกก|fake
คุณค่าของเงิน:สินค้าครบ ถูกต้อง เทปปิดไม่สนิท เพราะกล่องบุบเล็กน้อย  รสชาติ:รสนี้ เปรี้ยวจี๊ด สะใจ ถุงเลอะน้ํามันหอมเจียว เพราะความผิดพลาดในการผลิต ทําให้ตัวหนีบซองหนีบโดน ซองน้ํามัน|fake
รสชาติ:จัดส่งไว แพ็คมาดี คุณดี รสชาติดี ขอบคุณมากค่ะ อร่อยถูกปากมาก ซื้อมาให้แฟนทาน แฟนชอบทานเล่นมาก|fake
ไวไวบะหมี่กึ่งสําเร็จรูปรสต้มยําหมูสับ รสชาติอร่อยถูกใจ ราคาไม่แพงจัดส่งสินค้ารวดเร็ว|fake
ได้รับสินค้าครบถ้วน ถูกต้องตรงตรามที่สั่งซื้อไว้ สินค้าหมดอายุเดือนมิย.2566 รอสินค้านานกว่าจะได้ของ|fake
ร้านค้าส่งสินค้าให้ไว ตรงตามกําหนดเวลา แพ็คของมาดีไม่มีเสียหาย ได้สินค้าครบถ้วน ขนส่งดี ส่งสินค้าให้ไม่มีเสียหาย|fake
แพ็คมาโอเค แม้ว่าจะไม่ได้บล็อกสินค้า ใส่ใจขนาดหันยี่ห้อสินค้าอยู่ด้านบน เปิดกล่องมาเจอโลโก้สินค้าเลย ปรบมือให้|fake
ประทับใจดีเยี่ยม ราคาคุ้มค่า จัดส่งไว พนักงานพูดจาดี โปรโมชั่นดีๆแบบนี้อยากให้มีอีกเรื่อยๆๆๆ|fake
ไวไวรสหมูสับต้มยํา60กรัม*5ซองสั่งมา2แพค ได้คูปองส่วนลดเลยต้องจัดมาหน่อย สะดวกส่งถึงบ้าน|fake
สินค้าทุกพุธนี้นะคะจะโอนตอนไหนคะพี่ไม่ได้ใช้แทนได้มั้ยครับๆน่าก็ไม่จ่ายค่าของให้แล้วนะว่าอย่าให้พี่นะ|fake
ได้รับสินค้าถูกต้องและครบถ้วนตามรายการที่สั่งซื้อ ทางร้านจัดส่งสินค้าภายในระยะเวลาที่กําหนดไว้ สินค้าอยู่ในสภาพสมบูรณ์|fake
อาหารตอนสิ้นเดือนส่งรวดเร็วราคาถูกคุ้มสุดๆส่งฟรีอีกต่างหากมีโค้ดลดให้เยอะมากเลยครับ|fake
ได้รับมาม่าแล้วค่ะไม่ต้องเสียเวลาไปซื้อสั่งในออนไลน์โอเคเลยค่ะก็เคยกินอยู่นะคะรสนี้โอเคใช้ได้ค่ะต้มน้ําร้อนไม่ต้องใส่น้ําเยอะจะได้รสชาติอร่อย0|fake
สินค้าคุณภาพดี ราคาประหยัด คุ้มค่ามากค่ะ ทางร้านใส่กล่องมาอย่างดีค่ะ สินค้าใหม่ อร่อย เข้มข้น ส่งฟรี ส่งไวค่ะ0|fake
ไวไวรสชาดโอเคอยู่แล้ว สะดวกดีจัดส่งถึงบ้านราคาพอๆกะในห้างฯแพ็คมาดีจัดส่งรวดเร็วทันใจ|fake
ทางร้านส่งสินค้าส่งมาสภาพดีครับได้มาในราคาถูดใช้ส่วนลด+ส่งฟรี รสชาติอร่อยที่คุ่นเคย|fake
คุณค่าของเงิน:สินค้าดีตรงตามที่ร้านค้าให้รายละเอียด...ราคาไม่แพง..จัดส่งไวมากมาก...ได้รับสินค้าตรงตามรายการที่สั่งซื้อ...รสอร่อย...แนะนําเลย.....เราสั่งไปหลายหลายครั้งเลยอยากให้ลองทานกันดูก่อน..อร่อยแน่นอน..ของแทร่.... รสชาติ:อร่อยมาก...ลูกค้าชอบแบบนี้คร้าาาาา|fake
คุณค่าของเงิน:มากๆไม่ตอ้งไปถึงรา้นสั่งได้ถึงไว รสชาติ:ดึอรอ่ยกินบอ่ยสั่งบอ่ยมีหลายรถชาติเส้นเหนียวหนุ้มยี่ห้อไวไวไม่ว่ารถไดอรอ่ยทุกรถสั่งได้เลิยคะ|fake
ได้รับของแล้วแล้ว ร้านส่งไว ใช้เหรียญลดราคา ได้ส่งฟรี สะดวกมากในการช้อป ลดค่าเดินทางได้ ชอบมาก ๆ ค่ะ|fake
สินค้ามีคุณภาพดี  ของแท้ ตรงปกสภาพดี  ส่งเร็ว  ใช้แล้วดีราคาปกติ  ใช้คูปองลดซื้อหลายครั้งแล้ว|fake
รสชาติ:คุนภาพของสินค้าและราคาของส่นค้าดีมากถูกมากๆเพราะได้ส่วนลดร้านค้าจัดส่งไวแค่วันเดียวถึง|fake
คุณค่าของเงิน:ร้านบรรจุหีบห่อสินค้าเพื่อทําการจัดส่งอย่างรวดเร็ว การจัดส่งเป็นไปตามวันเวลาที่แจ้ง ขั้นตอนการสั่งซื้อจะใช้โค้ด/เหรียญเป็นส่วนลดได้หลายบาท คุ้มค่า คุณภาพสินค้าดี เหมาะสมกับราคาที่หาซื้อได้ คุณภาพดี 9/10 ร้านนี้ดี!! แนะนําให้ซื้อที่ร้านนี้เลย รสชาติ:ดี|fake
รสชาตินี้ชอบมานาน อร่อยถูกใจมากๆเลยจ้า|fake
065 ห่อกินแป๊บเดียวก็หมด ตกห่อละประมาณ 6 บาทถูกกว่าในเซเว่นเล็กน้อย ปกติกินประจําเลยสั่งมาเป็นแพ็ค เพื่อประหยัดค่ะ  ไม่มีลูกนะคะเพราะกินหมดแล้ว|fake
ร้านค้าจัดส่งสินค้ารวดเร็ว สินค้าที่ได้รับตรงปก ราคาไม่แพง บริการส่งฟรีถึงย้าน สะดวกมากมาย|fake
จัดส่งไว แพ็คมาอย่างดี ราคาดี ใช้โค้ดส่วนลดได้ ใช้โค๊ดส่งฟรีได้ ได้รับของถูกต้องตามที่สั่ง  แต่ก็โอเค|fake
จัดส่งรวดเร็วทันใจแพคสินค้ามาดีราคาถูใช้โค้ดส่วนลดใช้เหรียญลดได้อีกราคาถูกกว่าในห้างจัดส่ง|fake
รสชาติ:ไวไวบะหมี่กึ่งสํารูป รสหมูสับต้มยํา 60 กรัม แพ็ค 5 คุณภาพสินค้าดีงาม ราคาสินค้าดีงาม การแพ็คสินค้ามาดี การจัดส่งสินค้ารวดเร็ว|fake
คุณภาพ​ของ​สินค้า​ดีมาก​ค่ะ​ร้านค้า​จัด​ส่งสินค้า​ได้​อย่าง​ถูกต้อง​ตรงตามที่​สั่งไป​ราคา​ของ​สินค้า​ถูก​กว่า​ที่อื่น​ขอ​แนะ​น​ํา​และ​บอก​ต่อว่า​สินค้า​ร้าน​นี้​เค้า​ดี​จริงๆ​ค่ะ​|fake
ได้ไวงับบบบบบ   สวัสดีวันสิ้นปี    พอดีสั่งไว้ก่อนนนนนนน   มา ันททนึกว้ามาปีหน้า   ตรงปกครับแบบง|fake
ทางร้านส่งไวเวอร์ดีงามมมมราคาถูกกว่าในห้างแถมส่งฟรีมีใช้เหรียญซื้อได้ส่วนลดไปอีกดีงามมมห่อนี้ได้มา25บาท|fake
คุณค่าของเงิน:คุ้มค่าเงิน รสชาติ:อร่อย หอม ส่งฟรี มีส่วนลด ถูกกว่าไปซื้อเองที่ห้าง ส่งตรงถึงบ้าน คือเริสสสสส|fake
ไวไวรสหมูสับต้มยําหอมกลิ่นมะนาวยิ่งขึ้นจัดชุด 5 ซองราคาไม่แพงลดได้เยอะเลยค่ะ  รสชาตินี้อร่อยมากๆชอบ|fake
รสชาตินี้ กินแล้วติดใจมาตลอด|fake
คุณค่าของเงิน:คุ้มค่า รสชาติ:อร่อยดีมากๆ|fake
รสชาติ:ขนมอร่อยมาก ทานประจําเลย ช่วงนี้ลดราคา จัดมาทานที่บ้านช่วงวันหยุด สะดวก ประหยัดเวลา โดยไม่ต้องเดินทางไปที่ห้าง|fake
คุณค่าของเงิน:คุ้มค่าคุ้มร่คามากกกกก รสชาติ:อร่อย ออกเปรี้ยวจี๊ดจาด|fake
กล่องพัสดุบรรจุมาอย่างเรียบร้อย ไม่มีฉีกขาด คุณภาพสินค้าตรงตามที่สั่งซื้อมา  สั่งซื้อมาหลายรอบแล้วชอบมาก|fake
สินค้าชุดนี้ ส่งมาถูกต้องเรียบร้อยดีครับ พนักงานใส่ของมาถูกต้อง ไม่ขาดไม่เกิน ส่วนใหญ่ผลิตปลายปีที่แล้ว ไม่ก็ต้นปีนี้ วันหมดอายุอีกนาน ดีมากครับ|fake
ดีค่ะ ชอบมาก ส่งไว ราคาถูก แพ็คดี ซื้อมาตอนลดราคา ประทับใจมาก ชอบมาก ไว้จะอุดหนุนอีกนะคะ|fake
สินค้าตรงปก น่าอร่อยเส้นเหนียวนุ่ม ซื้อติดบ้านไว้ รสชาตินี้อร่อย  ขนส่งสุภาพจัดส่งไม่นาน|fake
ทาง​ร้าน​จัด​ส่งสินค้า​ใ​ห้กับ​ลูกค้า​ถือว่าเร็ว เพราะไม่ได้รีบ​ใช้ขนาดนั้น  รอได้ สินค้า​ไม่ไได้รับความเสียหาย​อะไร รวดเร็ว​ทันใจ0|fake
ส่งมาแบบน่ากัวเว่อ แต่ดีนะที่ข้างล่างของหนักรีบแรงกระแทกได้เยอะไม่งั้นตุย ไม่มีอะไรเสียหาย รอของ 4-5 วันส่ง|fake
ช้อปในลาซาด้า​ ได้แฟลชเซลล์ราคาถูกใจมากๆ​ แถมส่งฟรี​ ส่งดี​ ส่งเร็วราคาดีกว่าไปซื้อเอง​ ชอบมากๆคุณค่าของเงิน:คุ้มมากไว้มาช้อปอีก|fake
ชอบสินค้าอยู่แล้ว รอแค่ลดราคาลงจากราคาห้าง ก็คุ้มค่า เสียอย่างเดียว รอการจัดส่งนานกว่าร้านอื่น|fake
จนท ขนส่งน่ารักมากค่ะ ส่งสินค้ามาอย่างดีเลย รสชาติสินค้าอร่อยดี อยากให้ลดเค็มนินึงค่ะ|fake
สินค้าดีมีคุณภาพซื้อเป็นประจําอยู่แล้ว แต่อยากให้ทําโปรโมชั่นออกมาบ้างจะได้ซื้อได้จํานวนเยอะๆ|fake
กล่องบุบ มาเลยอ่ะ มีแตกค่อนข้างเยอะ ราคาดี ใช้ได้ ขนาดส่วนที่เหมาะสม|fake
ของส่งเร็ว  แต่มันแหลกทั้งแพ็คค่ะ|fake
สินค้าไม่เสียหายอะไร แพ็คสินค้ามาไม่มีกันกระแทกอะไรเลย แล้วมาม่า เป็นสินค้าแตกหักได้ถ้าบริษัทส่งของส่งไม่ดีแหละ|fake
รสชาติ: ได้รับสินค้าครบถูกต้องตามที่สั่งไปค่ะ ร้านห่อกันกระแทกมาดีทุกชิ้น ส่งของเร็วมาก มีโค้ดร้านให้ช้อปแบบคุ้มๆ ดีมากค่ะ|fake
