Gooddd ดีมากกกกกกก ส่งเร็วประมาณ 4 วันก็ได้รับของแล้ว เยี่ยมยอด|fake
ok ราคาถุก ส่งไวมาก ต้องลองใช้ก่อน แนะนําร้านนี้เลย ถูกใจมาก|fake
กดตอนโปร2.2ได้ราคาถูกมากกกก คุ้มค่ามากกก หายใจสะดวกขึ้นเยอะเลยค่า จัดส่งแพคมาอย่างดี ส่งของไวมากกกค่ะ|fake
กรองฝุ่นได้ดีในระดับหนึ่งช่วยกรองตอนกลางคืนนอนแล้วไม่แสบจมูกกองฝุ่นละอองในห้องนอนเสียงไม่ดังใช้งานง่ายสั่งอัตโนมัติได้ด้วย|fake
กล่องมีรอยขูดแต่สินค้าไม่เสียหาย ใช้งานง่าย เสียงเงียบ ลูกๆที่บ้านตื่นเต้นใหญ่เลย|fake
กล่องใหญ่มาก ชอบตรงที่ใช้แอปในการควบคุม ซึ่งสามารถเพิ่มได้หลายตัวในแอปเดียว ทันสมัย|fake
ขนส่งเร็วปานกลาง กล่องบุบทะลุเล็กน้อย สินค้าไม่เสียหายมีโฟมป้องกันมาอีกชั้นสินค้าวัสดุที่ใช้ดูดี การออกแบบสวย 8/10 ใช้งานแล้ว สัมผัสได้ว่าอากาศภายในบ้านดีขึ้นจริง|fake
ขนาดเหมาะสําหรับห้องขนาดใหญ่ การออกแบบภายนอกดูแล้วรูปทรงมีความสวยงาม มีหน้าจอระบบสัมผัสแตะเบาๆก็ทํางานได้ดีน่าใช้มาก speed 2 เสียงจะเริ่มดัง speed 3 เสียงจะดังพอสมควร|fake
ของดีใหม่เอี่ยมครับ สางของรวดเร็ว สั่งวันที่ 8/3 ได้รับของวันที่ 10/3 ใช้งานง่ายลด PM2.5 ได้ดีมากครับ|fake
ของถึงไว คุณภาพดี ไว้จะทดลองใช้ ต่อแอพแล้วสะดวก จะเอาวางที่ห้องนั่งเล่น ฟอกไว โดยรวมชอบค่ะ|fake
ของมาถึงไม่เสียหาย ใช้งานได้ดี ไส้กรองใส่ถพล่าติกมา ส่วนตัวไม่ได้ซื้อประกันขนส่งก็โอเคนะ ซื้อตอนโปร 12.12 ราคาดีงาม|fake
คือกดสั่งเมื่อวาน วันนี้สายๆมาส่งแล้ว รวดเร็วมากค่ะประทับใจ สินค้าไม่มีบุบสลายหรือตําหนิใดๆ สวยงามมาก ทดลองใช้แล้วใช้งานได้ปกติ ไม่ติดปัญหาอะไรค่ะ ถูกใจมากๆ ชอบค่ะ|fake
คุณภาพดี ใช้หลายเครื่อง จัดส่งเร็ว คุณภาพดี ใช้หลายเครื่อง จัดส่งเร็วคุณภาพดี ใช้หลายเครื่อง จัดส่งเร็ว|fake
คุ้มมากกก สั่งจากแบรนด์โดยตรง ได้ตัวใหญ่ กรองได้เยอะ โปร 12.12 เหลือ 5พันกว่าๆ ลดเยอะเกินทนไหว|fake
เครื่องกองอากาศ ลดราคามาช่วง pm2.5 กําลังหนักเลย ก็จัดรุ่น pro ไปเลย ใช้กับพื้นที่ เกือบ 60 ตรม. ได้ดี ลดค่าฝุ่นเหลือต่ํากว่า 10 จากเกือบ 30|fake
เครื่องใช้งานง่าย แต่เชื่อมต่อแอปแอบใช้งานลําบากเนื่องจากข้อจํากัดของwifi ราคาดี จัดส่งค่อนข้างเร็ว|fake
เครื่องฟอกอากาศ ส่งไว แพคมาอย่างดี ลองใช้แล้ว OK รุ่น Pro สําหรับห้องใหญ่ มีระบบปล่อยประจุด้วย|fake
เครื่องฟอกอากาศตัวใหญ่มาก​ ตอนนี้ใหม่ๆใช้ดี​ รอดูยาวๆ|fake
เครื่องใหญ่ดีมากกกกกกก กรองอากาศห้องใหญ่ๆได้ดีมาก ราคาดีซื้อตอน 11.11 ประทับใจ ของไม่เสียหาย ส่งเร็วสุดๆ|fake
เครื่องใหญ่มากๆ จัดส่งมาดีมากค่ะ พี่เจ้าหน้าที่ที่ส่งน่ารัก วนมารอบแรกไม่เจอ ก็รีบวนกลับมาอีกครั้ง|fake
จัดส่งรวดเร็วดี ของส่งมาไม่มีชํารุดเสียหาย แกะกล่องเปิดใช้งานได้ปกติ ได้มาราคา 6999 คุ้มค่าและไม่ต้องรอของนาน ดีมากครับทั้งแบรนด์และร้าน|fake
จัดส่งรวดเร็วมาก เครื่องกรองอากาศ xiaomi ใช้ง่าย อะไหล่หาง่ายราคาเหมาะสม มีคนบอกว่าตัวนี้ใช้ดีเลย|fake
จัดส่งรวดเร็วมากค่ะ​สภาพสวยงาม​ ดีมากๆ​เลย|fake
จัดส่งเร็วมาก สินค้าดี ต่อเข้ากับแอพลิเคชั่นง่าย|fake
จัดส่งเร็วมาก สินค้าไม่มีรอยบุบอะไร ใช้งานได้ปกติ สั่งเปิดปิดผ่านมือถือได้จะได้สั่งเปิดเครื่องก่อนถึงบ้าน|fake
จัดส่งไว้ใช้งานได้ดีครับ ชอบมาก อากาศสะอาด ครอบคุมพื้นที่กว้าง ภายในบ้านได้ เชื่อมแอพยิ่งสะดวก|fake
จัดส่งสินค้ารวดเร็ว สินค้าใช้งานดี ฟังก์ชั่นครบตามที่ท่านอื่นรีวิว สินค้าคุ้มกับราคา|fake
ใช้งานง่าย ราคาสมเหตุสมผล เคยซื้อรุ่นก่อนนี้มาใช้แล้ว ใช้ดี เสียงเงียบ ราคาเครื่องไม่แพง ไส้กรองก็ไม่แพง ฟังก์ชั่นใช้ง่ายดีมากเลยค่ะ ทางร้านจัดส่งเร็ว แพ็คสินค้ามาดี ไม่เสียหาย|fake
ใช้งานดีเสียงเงียบ ให้ 5 ดาว รับประกัน 1 ปี เครื่องศูนย์ไทย ล่าสุด|fake
ใช้งานสะดวก ราคาสมเหตุสมผล เคยซื้อรุ่นก่อนนี้มาใช้แล้ว ใช้ดี เสียงเงียบ ราคาเครื่องไม่แพง ไส้กรองก็ไม่แพง ฟังก์ชั่นใช้ง่ายดีมากเลยค่ะ ทางร้านจัดส่งเร็ว แพ็คมาดี สินค้าไม่เสียหาย|fake
ใช้ดี ใช้ง่าย ชอบมากครับ ทั้งคุณภาพ + ความง่ายในการใช้งานคือสุดทางแล้ว คือ ที่บ้านมีของยีาห้ออื่นอีกสามแบรนด์ดัง ของ เสียวมี่ ลงตัวสุด|fake
ใช้ดี ในราคาเหมาะสม จัดส่งไวมากๆๆ สั่งมา2เครื่อเลย ดี ประหยัดคุ้ม ดีไซน์สวยๆๆ แต่ถ้ามี สีอื่นๆๆด้วยก็ดี|fake
ใช้ดี ส่งสินค้ามาไวมากใช้ดี ส่งสินค้ามาไวมากใช้ดี ส่งสินค้ามาไวมากใช้ดี ส่งสินค้ามาไวมากใช้ดี ส่งสินค้ามาไวมาก|fake
ใช้ดี เสียงเงียบ อากาศออกมาบริสุทธิ์ มากครับ|fake
ใช้ดีค่ะ แอดมินแนะนําดี จัดส่งประมาน 5 วัน เครื่องใหญ่เสียงเงียบดีค่ะ มีหลายโหมด เปิดได้ตลอดทั้งวันเลยค่ะ|fake
ใช้เวลาส่งประมาณ 4 วัน ใช้งานได้ดี|fake
ใช้หลายตัวแล้วค่ะ ชอบมากค่ะ ส่งไว สภาพสมบูรณ์ เปิดใช้งานง่ายมากค่ะ เครื่องทํางานเงียบมากค่ะ|fake
ซื้อครั้งแรก น่าจะดี|fake
ซื้อเครื่องใหญ่ แต่มาใช้กับห้อง 4*3 ก็ดีค่ะ ที่บ้านนอนกับน้องหมา ห้องมีปัญหากลิ่นอับบ้าง เครื่องฟอหช่วยเรื่องกลิ่นได้เยอะเลยค่ะ|fake
ซื้อจากราคาทางการโดยตรง เพื่อความมั่นใจ คุณภาพสินค้าดี หน้าจอแบบ touch screen ดีกว่ารุ่นก่อนๆ พลังการลดฝุ่นดีมาก ใช้ในห้องขนาดเกือบ 70 ตร.ม. ก็เอาอยู่ ชอบนะ ตอนนี้ประเทศไทยทุกบ้านต้องมีเครื่องฟอกอากาศ การจัดส่งโอเค ได้มาตรฐาน เชื่อมต่อกับมือถือ สั่งเปิดปิดได้เหมือนเดิม ตอนนี้ราคาโอเค 6 พันนิดๆ สมัยช่วง pm 2.5 หนักใหม่ๆ ซื้อเครื่องเล็กๆ 5 พัน ตอนนี้ ขนาดใหญ่ แล้วได้ 6,700 ถือว่าถูกไปเลย ขอให้ทุกคนโชคดี ได้รับบริการที่ดี|fake
ซื้อช่วงลดราคาได้ราคาดีมาก 5000 กว่า การจัดส่งรวดเร็วเครื่องสวยสามารถใช้งานได้ดี ถือว่าพอใจมากค่ะ|fake
ซื้อตอนโปร 12.12 ได้ราคาดี ร้านค้าแพคมาดี ส่งไวพอสมควร ต่อแอป mi home ไม่ยาก ใช้งานง่าย เสียงเงียบ|fake
ซื้อเป็นตัวที่ 7 แล้ว อากาศที่บ้านเแย่มาก. พอใช้แล้วรู้สึกสบายจมูก โล่งขึ้น ขนส่วก้อไวมาก รับประกัน 1 ปีศูนย์ไทย ดีมากเลยค่ะ|fake
ดีค่ะ สะดวก พกพาง่าย ฟอกอากาศได้ดี ใช้คู่กับแอร์ได้ผลดีค่ะ|fake
ดีมาก​ เครื่องใหญ่​ ใช้งานง่าย|fake
ดีมาก ใช้งานง่าย ตอบโจทย์ครอบครัวภูมิแพ้|fake
ดีมากๆคะ จากที่แม่ไอกลางคืนทุกวัน คิดว่าฝุ่นเยอะ ตอนนี้ไม่ค่อยไอแล้วอะคะ|fake
ดีมากค่ะ ขอบคุณมากๆนะคะ ดีมากๆเลยค่ะ ของส่งเรวมากค่ะ ดีค่ะ สินค้าปลอดภัยดีค่ะ ดีค่ะ|fake
ดีมากเลยครับ ได้มาวัน 2/2 ราคาถูกสุดในรอบ 1 ปี เลยจัด 2 เครื่องแบบเปิ้มๆ ก็ไม่คิดว่าต้องซื้อ แต่ดู|fake
ดีเลยค่ะ ส่งไวมาก ประมาณ 3 วันได้รับแล้วค่ะ ของใช้ดีค่ะ ไม่มีปัญหาอะไร แพคของมาอย่างดีเลย|fake
ได้ของไวมาก แพคสินค้ามาดี สวยงาม ร้านค้าน่าเชื่อถือ ของมีคุณภาพ|fake
ได้มาในราคา หกพันห้าร้อยห้าสิบบาท ถูกอยู่ แต่ไม่ถูกมาก ขนส่ง เคอรี่ วางเครื่องแรงไปหน่อย|fake
ได้รับของตามกําหนดเวลาประมาณ 3 วัน เครื่องใช้ง่าย/ connect wifi ได้รวดเร็วไม่ยุ่งยาก / เปิด auto เครื่องเดินเงียบมาก จนคิดว่าไม่ทํางาน โดบรวมถือว่าดีมากกก..|fake
ได้รับของรวดเร็วมาก ไม่เคยใช้มาก่อน ติดตั้งต่อ wifi ง่ายมาก เครื่องใช้ดีมาก ๆ ขอบคุณเพื่อนๆ ที่แนะนํา ไม่ผิดหวังค่ะ|fake
ได้รับของเรียบร้อย ซีลกล่องมาอย่างดีไม่มีรอยแกะ ตัวเครื่องสวยถูกใจ ของแท้ 100% จากศูนย์ไทย มีคู่มือภาษาไทยให้มาด้วย|fake
ได้รับของเรียบร้อยแล้ว จ้ดส่งรวดเร็วมาก connect กับ application ได้รวดเร็ว สั่งครั้งที่สอง แต่ครั้งแรกอีกร้านนึง ร้านนี้ดี ถูกกว่า แต่สั่งเร็วไปถ้ารอ 66 น่าจะถูกกว่านี้ แนะนํานะคะ|fake
ได้รับของแล้ว จัดส่งเร็วค่ะ สั่งวันที่ 3 มีนาคม ได้รับวันที่ 6 พนักงานจัดส่งดีมากค่ะ โทรนัดเวลากันพอ late ก็รีบโทรมาแจ้งว่าถึงไหนแล้ว ของสมบูรณ์ดี ห่อเรียบร้อย คุณภาพต้องลองใช้ก่อนค่ะ|fake
ได้รับของไว้กว่าที่คิด ไม่มีอะไรเสียหาย|fake
ได้รับแล้วคะ สถาพดีคะ. ขอถามว่าถ้าภายในปีประกันส่งซ่อมยังไงคะ ถ้ามีปัญหาทีหลัง หรือถ้าเกินปีรับประกัน ส่งซ่อมที่ไหนยังไงคะ|fake
ได้รับสินค้าครบ จัดส่งมาดี แพ็คของมาดี ไม่ชํารุดหรือเสียหาย ราคาคุ้มค่า กดโค้ดลดจะยิ่งคุ้ม|fake
ได้รับสินค้าเรียบร้อยค่ะ ใช้เวลาประมาณ 3 วัน ถึงได้รับสินค้า แพ็คสินค้ามีดีค่ะ ซื้อมาทันใช้ช่วงฝุ่นเยอะ|fake
ได้รับสินค้าเรียบร้อยแล้ว สินค้ามีคุณภาพได้มาตรฐานสูง แอดฯแนะนําดีมาก การจัดส่งที่รวดเร็วตรงเวลา|fake
ได้รับสินค้าเรียบร้อยแล้วครับ มาทันเวลาพอดีกับที่ฝุ่นมาเยอะมากที่เชียงใหม่ สวยงามและใช้ได้ดีผมใช้ห้องละสองตัวถึงจะเอาอยู่|fake
ได้รับ​สินค้า​เรียบร้อย​สินค้า​ไม่เสียหาย​ สินค้า​แท้​มั่นใจ​ใน​คุณภาพ​ จัดส่ง​รวดเร็ว​ภายในสองวัน ร้านค้ามั่นใจได้สั่งมา 4 เครื่อง​แล้ว​|fake
ได้รับสินค้าแล้วคนับ สั่งโปร 4.4 ราคาลดไปเยอะ เลยสั่งมาทีเดียว 3 เครื่อง ได้สินค้าครบตามที่สั่ง การขนส่งรวดเร็ว สินค้าแพ็คมาไม่เสียหาย ใช้งานได้ปกติไส้กรอง 100% ทุกตัว ไว้มีโอกาสจะใช้บริการอีกนะครับ|fake
ได้รับสินค้าแล้วค่ะ แพคมาดี จัดส่งไวและได้สินค้าครบถ้วน ตรงปก สั่งซื้อเครื่องที่สองแล้ว ใช้ดีมากค่า|fake
ได้รับสินค้าแล้วค่ะ ส่งไวมาก สินค้าตรงปก เสียงเบานุ่มมากค่ะ|fake
ได้รับสินค้าแล้วแพ็คสินค้ามาดี ไม่มีเสียหาย เครื่องฟอกอากาศใช้งานได้ดี เครื่องสวย คู่มือภาษาไทย|fake
ติดตั้งง่าย เพิ่งลองใช้ ของแบรนด์นี้เลย|fake
ถูกใจมากๆครับ เครื่องใช้งานได้ปกติไม่มีปัญหา|fake
ทางร้านค้าจัดส่งสินค้ารวดเร็ว สินะค้าเป็นของแท้ศูนย์ไทย มีคู่มือภาษาไทยให้ ได้ตอนลดราคา 2.2 ราคาดีมาก|fake
ทางร้านจัดส่งสินค้าไว้ กรองฝุ่นได้ดี และเร็วดี ต่อใช้งาน app ได้เร็ว ซื้อช่วงโปร ลดราคาเยอะ มาก คุ้มค่าดีมาก|fake
ที่บ้านใช่เครื่องหอกอากาศของ xiaomi หลายเครื่องอยู่แล้ว..โดยรวมก็พอใจในสินค้าค่ะ แค่เสียดายว่าซื้อก่อนที่จะมี flash sale เลยเสียดายส่วนต่างตรงนั้น|fake
ที่บ้านซื้อมาหลายตัวแล้วบอกเลยว่าคุ้มค่าเงินที่จ่ายไปมากคุณภาพคุ้มเกินราคาจริงๆสุดยอดแห่งเครื่องฟอกอากาศแห่งยุค|fake
เทอผิดคาดสุดๆ ซื้อผ่านลาซาด้าออก e-taxได้ แถมราคาถูกกว่าช๊อป500กว่าบาท มาตําค่ะสาวที่รักบ้าน|fake
ประทับใจการขนส่งมากๆ สั่ง02.02 ได้รับวันนี้ 04.02 ของมาไวมาก ราคาที่ได้มา ก็ถือว่ารับได้ค่ะ 6,1xx-. ถูกกว่าก่อนหน้านั้น|fake
ประทับใจตัวสินค้าครับ แต่อายุการใช้งานของไส้กรอง มันนับเป็นวันอาจจะไม่สะท้อนการใช้งานจริงเท่าไหร่ครับ|fake
เป็นผลิตภัณฑ์ที่จําเป็นมากในช่วงนี้ เพราะอยู่ในพื้นที่สีส้ม ตัวผลิตภัณฑ์ xiaomi 4pro น่าจะช่วยได้ฟอกอากาศได้มาก รูปแบบสินค้าสวย ขนาดไม่ใหญ่เกินไป การทํางานเงียบ ดีค่ะชอบและถูกใจ|fake
เป็นอีกรุ่นที่เหมาะมากๆ กับพื้นที่บ้านชั้น 1 คุณภาพดีมากๆ แถมจัดส่งไวด้วยครับ|fake
เพิ่งได้สั่งซื้อหลังจากสินค้าขาดตลาดไปพักนึงช่วงที่ฝุ่น pm 2.5 พุ่งสูง ใช้เวลาตั้งแต่สั่งซื้อจนได้รับสินค้า 4 วัน ก็จัดว่ารวดเร็วดี กล่องและตัวเครื่องอยู่ในสภาพสมบูรณ์ดี เปิดใช้งานดูแล้วโอเคเลย ใช้งานง่าย มีคู่มือภาษาไทยมาให้ด้วย|fake
แพ็คสินค้ามาอย่างดี จัดส่งรวดเร็ว คู่มือภาษาไทย ลองใช้งานแล้วเริ่มต้นใช้งานง่ายมากค่ะ|fake
ฟอกอากาศได้โอเคเลยครับ กรองหลายชั้น ใช่ง่ายผ่านแอพมือถือได้ด้วยครับ|fake
มาช่วยชีวิตในช่วงที่pmสูงมาก|fake
ร้านค้าจัดเตรียมเร็ว แต่ช้าที่ขนส่ง DHL ช้ามาก สถานะวิ่งวนอยู่แค่สมุทรปราการ 3 วันเต็มๆ ร้านค้าอาจจะต้องพิจารณาขนส่งเจ้าอื่นเป็นทางเลือก|fake
ร้านค้าและขนส่งจัดส่งรวดเร็วทันใจ แพ็คสินค้ามาดี ครบถ้วนสมบูรณ์ตรงตามออเดอร์ ราคาดี ใช้งานได้ดี|fake
ร้านตอบไว ขนส่งดี ออก e-receipt ได้ คุณภาพดีค่ะ|fake
รุ่นใหม่นี้ดีมาก สามารถเปิดฝาครอบด้านบนได้ เพื่อทําความสะอาด ด้านใน มีเส้นเป็นสี แดง เหลืองเขียว บอกคุณภาพของอากาศ มีบอก อุณหภูมิ ความชื้น ค่า pm บน จอ led การทํางานของเครื่องเงียบมาก ใช้ได้ดีในห้องใหญ่ ราคาก็ดี ซื้อในวัน 2.2|fake
รูปทรงสวยงาม ใช้งานได้ง่ายและสะดวก ลองใช้แล้ว ใช้งานได้จริง ลดปริมาณฝุ่นได้ ขนส่งรวดร็ว และบรรจุมาในกล่องเรียบร้อยดี|fake
รูปแบบดีไซด์ก็ดูดี ขนาดกําลังเหมาะ เสียงเบาดีมากรู้สึกหายใจโล่งขึ้น น่าจะกรอกรองฝุ่น PM 2.5 อย่างมีประสิทธิภาพ,|fake
ส่งของดีเหมือนเดิม รอบนี้ซื้อรุ่นใหญ่กว่า โหมดsleep จะดังกว่ารุ่น air purifier 4 แต่ไม่ได้รบกวนการนอน|fake
ส่งของรวดเร็ว บรรจุภัณฑ์อยู่ในสภาพเรียบร้อยดี ส่วนสินค้ายังไม่ได้ทดลองใช้ เสียดายขอ eTAX ไม่ได้|fake
ส่งของรวดเร็วมากกก ได้ราคาลดเหลือ 7พันนิดๆ คุ้มค่ามากกก ใช้งานได้ดี เป็นเครื่องฟอกอากาศเครื่องแรกของบ้านเลยค่า|fake
ส่งของเร็วถ้าสินค้าครบตามที่สั่งแนะนําครับส่งของเร็วถ้าสินค้าครบตามที่สั่งแนะนําครับ|fake
ส่งเร็ว ทันใช้ช่วงหมอกควันหนัก ๆ ใช้งานได้ดี เสียงดังพอรับได้ ใช้งานง่าย วัสดุดูดี คุ้มราคา|fake
ส่งเร็ว แพคมาดีมาก ใช้งานแล้วดีมาก ต่อWi-Fi สั่งงานผ่าน มือถือได้ สะดวกมาก ซื้อช่วง 6.6 ได้ส่วนลดราคาดีที่สุด|fake
ส่งเร็วค่ะ ส่งดี เชื่อมต่อไวไฟได้ เสียงเครื่องเงียบ|fake
ส่งเร็วค่ะ ออกใบกํากับภาษีเร็วมาก|fake
ส่งเร็วตรงเวลา สินค้าไม่เสียหาย|fake
ส่งเร็วมาก ออก e-tax ได้|fake
ส่งเร็วมากๆ สั่งวันที่12/12 วันที่13/12 ส่งถึงหน้าบ้านเลย เครื่องศูนย์ไทย คู่มือภาษาไทย ซื้อ flash sale คุ้มค่าคุ้มราคา|fake
ส่งเร็วมากๆๆๆค่ะ วันเดียวถึง ใช้งานได่ดีค่ะ|fake
ส่งเร็วมากค่ะ ออกใบกํากับภาษีได้ด้วย เครื่องรุุ่นใหม่ แพ็คดี กล่องไม่บุบสลาย กรองฝุ่นได้ดีเลย|fake
ส่งไว ราคาดีตอนโปร65xx|fake
ส่งไว สภาพดี ได้ถูกมากตอน 12.12|fake
ส่งไว สินค้ามาไม่มีบุบ ใช้งานได้จริง ไส้กรองมา 100% หัวปลั๊กไทยปกติ หัวกลม ต่อ wifi ไม่มีปัญหา|fake
ส่งไวครับ ส่งมาสภาพดีไม่เสียหาย ตัวเครื่องดีมาก|fake
ส่งไวมาก ใช้มา 2-3 วันแล้ว ปรกติขนแมวจะร่วงบนตู้วางทีวี แต่ตอนนี้หายไปเยอะค่ะ|fake
ส่งไวมาก ดีค่ะ ซื้อตัวที่ 2 แล้ว|fake
ส่งไวมากๆ มี manual ไทยด้วย เครื่องใหญ่ พลังแรงดี ใช้งานง่าย หน้าจอตัวเล็กไปหน่อย ไม่เหมาะกับผู้สูงอายุ โดยรวมถูกใจมาก|fake
สั่ง2วันได้รับของแล้วรวดเร็วทันใจมากค่ะรูปทรงสวยงามใช้งานได้ดี|fake
สั่งซื้อวันที่13 ได้รับสินค้าวันที่15 คุณภาพสินค้าดีเครื่องใหญ่ใช้งานง่ายมากค่ะ|fake
สั่งไป 1 วันส่งของ รวดเร็วทันใจ ห่อมาหนาแน่น เปิดใช้งานได้ดี โดยรวมโอเคมากๆ ครับ ยอดเยี่ยม|fake
สั่งมา ใช้งานได้ดี จอมีบอกทั้ง อุณหภูมิ ความชื้น และ ค่าฝุ่น หายใจสดชื่นขึ้นเยอะ น่าจะเพราะมีกรองกลิ่นด้วย ใครไม่ติดเรื่องไส้กรองราคาพอสมควร เป็นอีกรุ่นที่น่าใช้เลยครับ|fake
สั่งเมื่อวานส่งวันนี้|fake
สั่งวันนี้พรุ่งนี้ได้ของ โคตรไว แต่ต้องเชื่อม mi home ของไทย ของเก่าเป็น จีน หมด แต่ก็ใช้ได้เหมือนกันนั้นแหละ|fake
สินค้าคุณภาพครับ ใช้งานได้ดี มีรับประกันจากศูนย์ไทยด้วย ร้านส่งให้เร็วครับ ทันใช้พอดี|fake
สินค้าคุณภาพดีค่ะ การจัดส่งดีมาก ติดตั้งง่ายใช้งานสะดวก สามารถเชื่อมต่อกับแอพได้และตั้งเวลาเปิดปิดเครื่องได้|fake
สินค้าคุณภาพดีมากxiaomi จัดส่งรวดเร็ว สั่งตอนโปรโมชั่นราคาไม่แพง ใช้งานได้ง่าย เสียงไม่ดังรบกวน สามารถเชื่อมต่อแอปxiaomi สั่งงานผ่านมือถือได้ โดยรวมค่อนข้างคุ้มค่า|fake
สินค้าคุณภาพดีราคาประหยัดมีมาตรฐานจัดส่งสินค้าได้รวดเร็วได้ส่วนลดเพิ่มจากคูปองช่วง 12.12|fake
สินค้าใช้งานได้ดี จัดส่งไม่ช้าไม่เร็ว ราคาโอเค ซื้อช่วงโปร 11.11 เสียงเงียล ประทับใจอยู่ค่ะ|fake
สินค้าดี ใช้งานได้โอเคเลย|fake
สินค้าดี มีคุณภาพของแท้ มีตรา มอก.ด้วย โปรดี ราคาดี มีผ่อนชําระ เสียอย่างเดียวคือการขนส่ง บริษัท flash express ซึ่งล่าช้ามาก|fake
สินค้าดีจัดส่งรวดเร็ว เชื่อมต่อกับแอปง่ายมาก สินค้าใช้ดีมากค่ะ ดีไซร์ทันสมัยไม่ใหญ่เทอะทะ ราคาไม่แรง แนะนําร้านนี้เลยค่ะ|fake
สินค้าดีมากครับ ใช้งานง่าย คุณภาพสูง เงียบ ใช้ยี่ห้อนี้ มา6 เครื่องแล้ว แนะนําเพื่อนใช้มาตลอด คุ้มค่าเกินราคา ครับ|fake
สินค้าดีมีคุณ​ภาพ​สั่งเป็นเครื่องที่สามแล้ว ใช้หลายห้องฝุ่นลดลงอย่างชัดเจนดีต่อสุขภาพ|fake
สินค้าตรงปกแบรนด์นี้ใช้ประจําคุณภาพดีมากชอบมากคั้งน้ีสั่งมา2เครื่องใช้งานดีมากการจัดส่งรวดเร็วมากชอบมาก|fake
สินค้าถึงมือได้อย่างสมบรูณแบบฟอกก้อดีค่ะเสียงเงียบแต่พอเอาโหมดกลางคืนมันช่วยฟอกไม่ค่อยได้แรงน้อบเกินแต่ก้อเสียงเงียบดีฟอกแบบหมงดกลางคืนเป็นสีแดงเลยค่ะต้องใช้โหมดสองขีดเอาอยูา|fake
สินค้าเป็นไปตามที่ลงประกาศขาย ร้านค้าจัดส่งสินค้ารวดเร็วทันใจตรงตามเวลาที่แจ้งเอาไว้ พัสดุไม่เสียหาย ใช้ดี|fake
สินค้าแพ๊คมาอย่างดี กล่ิงไม่ชํารุด ตัวเครื่องฟอกอากาศดีโซนเรียบ สวย สะอาดตา ตั้งในห้องนั่งเล่นดูดี เครื่องเสียงไม่ได้ดังมาก สามารถฟอกอากาศได้เร็วภายในไม่กี่นาที ชอบมากค่ะ|fake
สินค้าแพ็คส่งมาสภาพเรียบร้อยดี เป็นเครื่องสั่งซื้อจากบริษัท Xuaomi มีคู่มือการใช้งานภาษาไทย เป็นเครื่องฟอกอากาศคุณภาพสูง ประสิทธิภาพในการฟอกอากาศดีมาก สามารถควบคุมการใช้งานผ่านแอป Xiaomi Home ได้จากโทรศัพท์มือถือ ทําให้สะดวกมาก ไส้กรองมีขนาดใหญ่ เครื่องทํางานได้เงียบมาก ราคาถือว่าไม่แพง คุ้มค่ามากเมื่อเทียบกับคุณภาพ ทางบริษัทบริหารจัดส่งสินค้าได้รวดเร็วมาก ไม่เกิน 2 วันได้รับสินค้าแล้ว พอใจมากครับ|fake
สินค้าอยู่ในสภาพดี ดีไซน์สวยงาม การจัดส่งถือว่าถือว่าไม่รวดเร็วมากนักแต่ก็ไม่ช้าจนเกินไป ที่ดีคือโปรช่วงลดราคาดีมากครับ|fake
