ห่วยเเตกหลวมเบสเเตกเสียงไม่ชัดกระจอกจัดเลยควยยยยยยยยยยยยยยยยยยยยยยยยยยยยยยยยยยยยย|fake
ได้รับสินค้าแล้วค่ะขนส่งรวดเร็วทันใจตรวจสอบสินค้าแล้วไม่ชํารุดหรือแตกแต่อย่างใดคุณภาพสินค้าสวยและเสียงใช้ดีเหมาะสมกับราคาและไว้จะอุดหนุนใหม่นะคะ|fake
เสียงดีเลย์นิดนึงค่ะ แต่เสียงดังดี แบตอึดใช้ได้อยู่น้า ตัวพลาสติกปิดน้องดูก๊องแก๊งแต่ก็เหมาะสมกับราคาอยู่นะคะ กับ 60 บาทที่ซื้อมา คุ้มมากๆๆๆๆค่ะ|fake
ได้รับสินค้ามาแล้ว แต่ไม่รู้ว่าคุณภาพจะเป็นอย่างไร ต้องลองใช้ดูว่าคุณภาพดีไหม แล้วจะมาบอก|fake
ได้รับ สินค้า แล้ว รวดเร็ว ใช้งาน ได้ดี ยัง ไม่มีปัญหา ใดๆ ราคา ใช้ได้ สมราคา มีที่ชารตโทรศุพท์|fake
ส่งเร็ว​ ถึงมือไม่บุบไม่แตก​ เสียงใช่ได้ขั้นดี|fake
เบสยังไม่หนักเท่าไหร่  แต่ก็สมราคา ดูแข็งแรง สวยดีค่ะ แต่กล่องใหญ่สวยดูดีมาก|fake
หูฟัง bluetooth มีบอกแบตเตอรี่เวลาใช้งานด้วยว่าเหลือเท่าไหร่สินค้าดีใช้ได้ดีจริงราคาไม่แพงช่วงโปรโมชั่น|fake
สินค้าดีครับตรงตามปก แต่ส่งช้ากว่าที่บอกตอนแรกไปวันสองวัน ให้อภัยครับ|fake
ได้รับสืนค้าแล้วค่ะตรงปกใช้งานได้ปกติค่ะพนักงานขนส่งก็บริการดีสุภาพค่ะราคาก็ไม่แพงแต่อายุการใช้งานต้องดูก็ค่ะ|fake
ส่งไวของดูดีกล่องใหม่แบตมีมาทั้งสอง|fake
นายแพทย์ณรงค์สหเมธาพัฒน์ปลัดอําเภอหัวหน้าพรรคประชาธิปัตย์กล่าวว่าการกระทรวงการคลังและพัสดุตาม|fake
หูฟังบลูทูธ เสียงดีใช้ได้ต่อง่ายใช้ง่ายมีแบตบอกว่าเหลือเท่าไรสินค้าดีใช้ได้เลย|fake
ถูกและดีมีอยู่จริงคะ ร้านนี้ดีซื้อมา4อันแล้วคะเยี่ยมๆ|fake
ส่งไวม๊วกๆ|fake
ใช้มาสัปดาห์กว่าละถือว่าดีเลยครับ คุณภาพใช้ได้ เสียงชัด ราคาถูก คุ้มค่าดีอยู่ครับบบบ|fake
สินค้าตรงปก เหมาะสมกับราคา ตอนนี้กําลังชาร์จ ไฟเข้าปกติ รอดูตอนใช้งานจริงก่อน|fake
เสียงพอใช้ สมราคา จัดส่งเร็ว ลองดูต่อไปว่าดีไหม|fake
เสียงเบสแน่นดีเหมาะสําหรับใช้ฟังเพลงมาก|fake
คุณภาพสมราคา แถมจัดส่งรวดเร็วดีค่ะ  ชอบที่ตอนชาร์จมีไฟยอกสถานะ ติดตรงที่ sensor ไวกับสัมผัสเกินไปนิด  ระยะเชื่อมต่อบลูทูธ ห้าเมตรยังเสียงดีไม่ติดขัด|fake
สินค้าจัดส่งแพ็คดีคับตรงปก  รอชาตร์แบตเต็มแล้วจะลองใช้ดูว่าจะได้กี่ ชม. แต่หนักอยู่นะตัวชาตร์น่าจะแบตใหญ่อยู่  ส่งเร็วด้วยคับร้านนี้แนะนําแต่ขอใช้ดูก่อนจะทนทานไหม|fake
คุณภาพเสียงดีมากๆ   รูปลักษณ์สวยงามมากๆ   ทนทานสุดๆ  แต่ระยะการใช้งานต้องดูกันไปอีกนิด  ขนส่งดีมากรวดเร็ว  โดยรวมประทับใจมากๆคับ|fake
เสียงดี คุณภาพสุดยอด ราคาลดอุดหนุนอีกจร้า|fake
ดีตรงปกครับผม|fake
กระเป๋าสวยมากๆๆค่ะ|fake
เล่นสงกรานต์สั่งมากันน้ําจริงๆเลยนะเนี่ย|fake
ดีมากครับนเยย|fake
เสียงดีพอใช้ได้ เบสบางไปหน่อย ตัวหูฟังก็ดูใหญ่สําหรับรุ่นนี้  โดยรวมถือว่าโอเคสมราคาดี|fake
ส่งไวดี ไม่แพงคุณภาพสมราคา เบสไม่หนักเท่าไหร่ ตามภาพสวยแต่ตัวจริง ทํามะดา...มากกกก คนส่งไม่โทรมา มาถึงค่อยโทรตอนรับของดีที่อยู่บ้าน|fake
ได้รับสินค้าแล้วค่ะ|fake
สินค้าจัดส่งรวดเร็วครบตามจํานวนให้ 5 ดาวค่ะไว้จะอุดหนุนใหม่สินค้าจัดส่งรวดเร็วครบตามจํานวนให้ 5 ดาวค่ะไว้จะอุดหนุนใหม่|fake
รวดเร็วทันใจส่งเร็วๆๆๆๆๆมาก ราคามิตรภาพๆๆๆๆๆๆใช้ดี ขนส่งบริการดี สินค้าแพ็คมาดีค่ะๆๆ|fake
ลองใช้แล้วค่ะเสียงใช้ดีมากค่ะเชื่อมต่อไวมากเบสเสียงเพราะมากค่ะราคาเบาๆไม่แพงมากซื้อเลยค่ะ|fake
สินค้าตรงปกคะเสียงชัดดีคะ ฟังเพลงเสียงทุ่มดีชอบประทับใจมากคะขนส่งเร็วดีคะ ประทับใจมากคะ|fake
ดีมากครับสินค้าแพ็คมาดีสินค้าตรงปก เรียบร้อยโอเคจะให้สัก5ดาวเลยครับผม เพราะสินค้าดี|fake
หูฟัง bluetoothคุณภาพเยี่ยมสมราคาสภาพใหม่ไม่มีรอยสามารถเป็น power bank ได้เอาไว้ชาร์จโทรศัพท์มีตัวเลขบอกเปอร์เซ็นต์ของแบตเตอรี่สมราคาจริงๆสุดยอด|fake
ใช้ได้อยู่นะแต่เสียงอัดยังไม่รู้เสียงทีออกมาก็ไม่แย่แค่มันไปได้มันไกลแล้วก็ถ้าเอียงข้างมันจะไม่ค่อยได้ยิน|fake
ชอบมากใช้ฟังหูฟังได้ยินชัดเจน|fake
เสียงดีมาก!,|fake
ดีใจด้วยนะคะว่าเขาเป็นคนชอบจินตนาการและเป็นส่วนหนึ่งในชีวิตและสังคมไทยต้องรอดบรอด|fake
แตกนิดหน่อย ไม่รู้ว่าแตกมาจากร้านค้าหรือขนส่งทีหลังระวังเรื่องการเเพ็คสิ่งของ ดูให้ดีก่อนส่งนะคะ|fake
มีแบต 91 % แพ็คมาดี ส่งไว ราคาไม่แพง แต่ยังไม่ได้ลองทดสอบว่าเสียงดีรึเปล่าิต้องลองใช้งานดูก่อน|fake
สินค้าดีครับ แบตเตอรี่หูฟังจากที่ลองใช้ก็ถือว่าใช้ได้นานครับยังสามารถ ชาร์จแบตในตัวได้อีก หมดปัญหาแบตหูฟังหมดแล้ว ไม่มีที่ชาร์จ ในที่สาธารณะ|fake
ได้รับของแล้วเสียงดีใช้ได้ค่ะ|fake
ได้รับของเเล้วค่ะดีมากกกกกกกค่ะได้มาในราคาไม่เเพงเเต่คุณภาพดีเสียงเพราะเเบตทนใช่งานง่ายค่ะ|fake
ดีมากเลยคับ|fake
ใช้งานดี แต่หูฟังเสียงไม่เท่ากัน แต่รวมๆแล้วถือว่าโอเครใช้ได้|fake
ได้รับสินค้าแล้วค่ะ สินค้าแพ็คมาอย่างดี ขนส่ง ตามกําหนดและพนักงานส่งของบริการดี สินค้าสวยตรงปกและ ราคาไม่แพงแนะนําร้านนี้เลยค่ะ|fake
ไม่ได้คุณภาพ จองปลอม ไม่แนะนํา แย่ๆๆๆๆๆๆๆๆๆๆๆๆๆๆๆคืนสินค้าและคืนเงินไม่ได้ ไม่ดีทุกอย่าง|fake
พึ่งรับของวันนี้ สภาพสวย|fake
ok. ครับ|fake
ดีชอบมากคับ คุ้มค่าจริงๆ|fake
ได้รับสินค้าแล้ว สินค้าใช้ได้โอเค ตรงปก ราคาไม่แรงตรงปก ต้องลองใช้งานจริงว่าจะเสียงเป็นยังไง|fake
ดีม่ากส่ง้ร็วใช้ได้แบสดีสุดๆสดวกมี คุณภาพ คุ้มกับราคาซื้อๆๆ ดีครับดีคคับ ส่งก็เร็วม่าก|fake
ยังไม่ลองใช้ แบตเตอรี่ชาร์จไม่เท่ากัน กําลังหาวิธีเชื่อมต่ออยู่ ต้องทําความเข้าใจนิดหน่อย|fake
ไดรับของเเล้วคับ ส่งใวมากคับ ใชไดดึ|fake
สวย ค่ะ ใช้งานได้จริง|fake
เสียงดีค่ะ|fake
สวยมากครับ|fake
ได้รับสินค้าแล้วสินค้าตรงปกทางร้านแพ็คสินค้ามาอย่างดีพนักงานโทรแจ้งก่อนส่งสินค้าสินค้าราคาไม่แพงแนะนําร้านนี้เลย|fake
ใช้ได้เลย|fake
ได้รับสินค้าแล้ว....ส่งใวตรงปก..บรรจุและห่อมาดีไม่มีอะไรเสียหายราคาเกมาะสมและไช้ได้ดีๆๆๆ|fake
ส่งของเร็วดีค่ะ เสียงแน่นเสียงเบสตึบๆดีจังตัดเสียงรอบข้างได้หมดดีคะ ของค่อยข้างไม่ได้ใหม่แกะกล่องแต่เข้าใจได้คะ แค่ ร้อยกว่าบาทแต่ได้คุณภาพขนาดนี้ สวยเสียงดี|fake
ได้รับสินค้าเรียบร้อยดี ลองเชื่อมต่ออุปกรณ์มือถือและคอมพิวเตอร์ ก็สามารถใช้งานได้ เสียงชัดเจนดี แต่ตอนพูดอีกฝั่งฟังเราไม่ชัดไม่แน่ใจว่าต้องจูนอะไรเพิ่มมั้ย เดี๋ยวลองดูอีกที ราคานี้ถือว่าถูกมาก|fake
ได้รับของแล้วดีทุกอย่างเลยครับ|fake
จัดส่งไวสินค้าตรงปกใช้งานได้ปกติคะ|fake
คุณภาพดีเสียงเพราะดีไซน์สวยเหมาะสําหรับทุกเพศทุกวัยดูแล้วสง่ามากอยากให้ทุกคนลองใช้ดูนะครับของเขาดีจริงๆ|fake
ใช้ได้ ใช้ดี ใช้ทน ส่งไวมากไป ชอบร้านนี้|fake
คึณภาพใช้ใด้|fake
สภาพไม่ค่อยโอเค ชาร์ตไม่ติด  เหมือนของชํารุดส่งมาให้เลย|fake
ตรงปกครับ|fake
คุ้มค่าคุ้มราคามากค่ะ สินค้าลดราคา ใช้โค้ดส่งฟรีและใช้เหรียญเป็นส่วนลดเพิ่มได้อีก ร้านจัดส่ง​รวดเร็ว​ พนักงานขนส่งโทร​หาก่อนจัดส่ง​|fake
เคยใช้แล้ว แตอ้ัน เสียงใม่ค่อยดีเท่าาทีควร เินค้าจัดส่งใว แพคมาเรียบร้อยด่ มีสายชารจแถมมาด้วย แต่ใช้สายชารจขอวโทรศัพท์ใด้|fake
สวยมาก  เสียงดีเอาเรื่องราคานี้หาได้ที่ไหนอีกไม่มีแล้ว|fake
แย่มาก เสียงไม่ดีข้างหนึ่งเสียงแตกและบาและขาด เสียความรู้สึก แต่ทางร้านก็บอกวิธีแก้ไขอยู่|fake
คุณภาพ ถือว่าดีเลยครับราคา ถูกและส่งไวมาก|fake
ทางร้านบริการดีจัดส่งสินค้ารวดเร็วทันใจสินค้าที่ได้รับคุณภาพดีทดสอบการใช้งานแล้วปกติ|fake
แบตเขาชาจมาเต็ม ส่วนหูฟังต้องแกะพลาสติกเออกก่อน|fake
เสียงดีมากกกกก ราคาถูกมากกกกกก คือดียยยย์|fake
คุณภาพดีๆๆๆๆๆๆๆๆๆๆๆๆๆๆๆๆๆๆๆๆๆๆๆๆๆๆๆๆๆๆๆๆๆๆๆๆๆๆๆๆๆๆๆๆๆๆๆๆๆๆๆๆๆๆๆๆๆๆๆๆๆๆๆๆๆๆๆๆๆๆๆๆ|fake
สมราคา 35บาท ไม่รู้ใช้ได้ไหม ชาร์จไว้เป็น2ชั่วโมง ยังขึ้นแบบนี้อยู่เลย เหมาะสมกับราคา|fake
ดีมากชอบครับ|fake
สินค้าตรงปก ตอนแรกนึกว่าใส่กล่อง จุกหัวฟังไม่มี แต่ยังดีห่อกันกระแทกให้ ตัวสินค้าสมบูรณ์|fake
เสียงดังดีมาก|fake
โคตรแย่เสียงแย่างแตกไม่ต้องซื้อน่ะอย่าไปซื้อน่ะทุกคนไม่ดีเลยเสียงเบามากกกกก|fake
ได้รับของแล้วค่ะ แพ็คมาอย่างดี มีสายชาร์ชแถมมาให้ด้วยคุณภาพเหมาะสมกับราคาดีค่ะ ขนาด กะทัดรัด|fake
สินค้า ตรงปก|fake
การจัดส่ง ประมาณสามวัน ถือว่าโอเค เสียงชัดดี ราคาเหมาะสม ใช้งานได้ดี แนาะนําร้านนี้ กดติดตามไว้แล้ว คราวหน้าจะอุดหนุนใหม่นะครับ|fake
ได้รับ​สินค้า​เรียบร้อย​ ตรง​ตามที่​สั่ง​ แพ็ค​มาดี​มี​กันกระแทก​ จัดส่ง​ได้​รวดเร็ว​ ใช้งานได้ดี​ เชื่อมต่อ​ได้ง่าย|fake
ได้รับสินค้าเรียบร้อยแล้วค่ะ ร้านค้าส่งของเร็ว มีไฟแสดงสถานะแบตเตอรี่ เล็ดกระทัดรัดดี|fake
ฉันสั่งซื้อสินค้าจาก Lassa มา 15 วันแล้ว แต่ยังไม่ได้รับเลยจึงขอให้บริษัทช่วยตรวจสอบ|fake
ได้รับของในสภาพเรียบร้อย สมบูรณ์ดีค่ะ ชอบมากๆๆ ไว้จะลองใช้ดู ได้มาในราคาถูกด้วย ขอบคุณนะคะ|fake
หูฟังบูททูธคุณภาพดี ราคาประหยัด ลําโพงเสียงดี ดีไซร์สวยหูฟังบูททูธคุณภาพดี ราคาประหยัด ลําโพงเสียงดี ดีไซร์สวย|fake
ได้รับสินค้าแล้วแพ็คกิ้งมาเรียบร้อยดีไม่มีอะไรเสียหายไฟเข้าปกติใช้งานได้ดีฟังเพลงเพราะใช้ได้แต่ไม่มีเสียงเบสมากนัก|fake
การจัดส่งรวดเร็วรอของไม่นานแจ้งสถานตลอดการจัดส่ง คุณภาพสินค้าตรงตามที่โฆษณา การใช้งานต้องลองดูก่อนสักพัก|fake
ใด้รับแล้วครับส่งเร็วเสียงเพราะครับ|fake
ได้รับสินค้าแล้วครับ|fake
เพิ่งได้รับค่ะ ขนส่งเร็วมากกําลังชาร์ตอยู่ แพคสินค้ามาดีเรียบร้อย เหมาะสมกับราคามากๆค่ะ|fake
ได้รับสินค้าเรียบร้อยแล้วนะคะ สินค้าตรงปกและใช้งานได้ดีค่ะ ทางร้านจัดส่งรวดเร็วและบริการดีค่ะ และต้องขอโทษด้วยนะคะที่รีวิวช้า พอดีว่าติดไปต่างจังหวัดเพิ่งกลับมาค่ะ ไว้จะมาอุดหนุนใหม่นะคะ|fake
สินค้าคุณภาพดีเสียงดังฟังชัดให้งานดีมาก|fake
สวยค่ะตรงปกแต่ยังไม่ได้ลองใช้แต่เราว่าสวยค่ะได้มาแล้วลอง ชาร์จแบตก่อนเลยเดี๋ยวจะลองดูว่าแบตทนไหมโดยรวมชอบค่ะสวยดี   ลองใช้แล้วค่ะเสียงดีมากถ้าเปิดเพลงคลาสสิคเสียงใสมากเสียงเบสแน่นมากประทับใจสินค้าร้านนี้ราคาถูกแต่สิ่งที่ได้คือคุณภาพดีมากสั่งมาเก็บไว้อีกแน่นอนค่ะไม่คิดว่าของถูกและดีจะมีในโลกนี้|fake
ก็ถือว่าใช้งานได้|fake
เวลา pair แล้ว ใส่หูฟังกลับไปในช่องชาร์จ แล้ว หูฟังไม่ unpair ยังติดค้างอยู่ ไฟไม่ชาร์จนําหูฟังเก็บกลับที่ชาร์จแล้ว ก็ไม่หยุดเชื่อมต่อครับ|fake
ได้รับสินค้าแล้ว รวดเร็วดี แต่แพ็คสินค้าไม่เรียบร้อย สามารถแกะสินค้าได้ง่ายเกินไป อาจทําให้สินค้าได้รับความสเยหายได้|fake
เสียงชัดดีค่าใช้งานง่ายแต่ยังไม่กระหึ่ม แต่ก็สมราคาค่าโดยรวมเครคร้าใช้ได้เลยฟังเพลงเบา ทํางานไปด้วยหรือใช้ฟังเพลง,ดูหนังระหว่างรอคุณหมอ นั่งรถไฟฟ้า ก็ดีนะคะไม่ดังมาก  ยังพอได้ยินเสียงภายนอก|fake
หูฟังบลูทูธ คุณภาพพอใช้ได้ ถือว่าดีครับสวยครับ แค่รองฟัง ไม่ก่องแก้งครับร้านส่งของเร็ว ได้รับของไว|fake
รับของเรียบร้อยค่ะ ขนส่งเร็วมาก ราคาถูกกว่าท้องตลาดเยอะ โอกาสหน้าจะอุดหนุนใหม่นะค่ะ|fake
สินค้าได้รับแล้ว สินค้าดีสมราคา บริจัดส่งเร็วแพ็คของดี|fake
ลองใช้ครั้งแรกหลังจากที่ชาร์จแบตเตอรี่เต็ม ใช้เปิดฟังคู่ แต่แบตอยู่ได้ประมาณ2ชั่วโมงเอง ต้องเข้าแท่นชาร์จอีก แบตเตอรี่หมดไวไปหรือเปล่าต่อการชาร์จ..คุณภาพเสียงรับได้กับเครื่องราคานี้ แค่แวะมาสอบถามเรื่องแบตเตอรี่ครับ|fake
ได้รับของแล้วครับใช้ได้ครับฟังได้ดีครับสะดวกสบายดีไม่เก๋ดกะกีใช้งานได้ดีเดี๋ยวแนะนําต่อครับ|fake
เบสแรงและเสียงชัดเจน, เราซื้อสินค้าออนไลน์มาเยอะใช้ประจําเลยจ้า บางรายขายสินค้าคุณภาพดีตรงปก อันนี้ชื่นชอบมากบางรายส่งของมาไม่ตรงเลยก็มี สินค้าที่ได้รับในวันนี้ สินค้าจัดส่งไว ห่อมาอย่างดีไม่เสียหายคุณภาพดี หูฟังถูกใจราคาไม่แพงไม่เอาเปรียบผู้บริโภค สีสันสวยงาม ไว้คราวหน้าจะสั่งมาใช้อีกนะค่ะขอบคุณมากๆถูกใจร้านนี้|fake
สินค้าส่งถึงแล้วครับส่งไวมากคนส่งก็มารยาทดีครับยังไม่รู้ว่าสินค้าเป็นอย่างไรบ้างแล้วได้ทดลองแล้วจะเม้นอีกทีนะคับ|fake
ส่งรวดเร็ว​สั่ง​วันนี้​อีกวันก้ได้เลยคะเสียง​ดี​เบสแน่นสมราคาระบรองไม่ผิดหวังค่ะ|fake
การออกแบบกันน้ําเหมาะสําหรับการออกกําลังกาย,|fake
ดีมากชอบมากตงปกราคาถูก|fake
หูฟังรุ่นนี้ใช้ดีครับสั่งมาแล้ว 4 ตัวแล้วครับผมเอาไว้ให้ลูกๆใช้ส่วนตัวผมใช้งานขัดไม้ปิดกั้นเสียงได้ดีฟังเสียงดีนุ่มเบสหนักแนะนํา หูฟังรุ่นนี้เลยครับใช้สะดวกสบายบลูทูธต่อง่าย.|fake
ได้รับสินค้าแล้วนะครับราคาถูกส่งเร็วมากครับน้ําเสียงดีมากครับเยี่ยมครับแนะนําร้านนี้เลยครับ|fake
ได้รับสินค้าแล้วตรงตามที่สั่งแพ็คสินค้ามาดีไม่มีเสียหายสินค้ามีคุณภาพเหมาะสมกับราคา|fake
สีสวยระบบเสียงซาวด์ดีมากกกกเลยขนาดกะทัดรัดแล้วจะสั่งซื้อไหม่อีกรอบชอบๆๆคะ|fake
หูฟัง bluetooth รุ่นนี้ tws เสียงดังฟังชัดออกทุกเสียงรูปร่างสวยงามแบบอึดคุ้มค่าคุ้มราคา|fake
ดีมากแต่น้ําหนักเบาก็สมกับราคาดีๆมากแต่น้ําหนักเบาก็สมกับราคาทดีๆมากแต่น้ําหนักเบาก็สมกับราคาดีๆมากแต่น้ําหนักเบาก็สมกับราคาดีๆมากแต่น้ําหนักเบาก็สมกับราคาดีๆมากแต่น้ําหนักเบาก็สมกับราคาดีๆมากแต่น้ําหนักเบาก็สมกับราคาดีๆมากแต่น้ําหนักเบาก็สมกับราคาดีๆมากแต่น้ําหนักเบาก็สมกับราคาดีๆมากแต่น้ําหนักเบาก็สมกับราคาดีๆมากแต่น้ําหนักเบาก็สมกับราคา|fake
สวยมากชอบๆๆๆๆๆๆดีๆๆๆดดดดดดดดดีๆๆๆๆๆ|fake
แพ็คกันกระแทกมาอย่างดีแต่ใจหายแว๊บเพราะแบตไม่โชว์เลยจึงชาร์ตก่อน  สักพักหนึ่งก็เริ่มเห็น%แบตโชว์เริ่มจาก0%จึงใจชื้นขึ้นมาพอชาร์ตเต็มแล้วจึงเทสดูก็ใช้ได้ปกติ|fake
ดสียงดีมากใส่หูกระชับไม่หลุดแน่นดีเสียงที่ออกมาเพราะมากฟังแล้วชอบมากดีเกินราคาใข้งานง่ายมาก|fake
สวยงามเสียงดีเบสใช้ได้|fake
หูฟังใช้ได้ดีทีเดียว ชารตได้ดีตลับใหญ่กว่าที่คิด ลองใข้เสียงดีคมชัดชอบค่ะไว้อุดหนุนใหม่|fake
สวยครับด   ทน ทานดูดีดูล้ําสมัยการออกแบบที่กระทัดรัดและพกพาได้ง่าย,|fake
เสียงดีมากๆๆๆๆ..ok.เลย ส่งไวตรงปก|fake
แพ็คของมาดีสภาพโอเค|fake
สินค้าถึงแล้วค่ะแต่ใช้งานไม่ได้ค่ะ|fake
โอเคครับ|fake
สินค้าแพ็คมาดีมากๆๆ เปิดแกะกล่องชาร์จก็มีแบตเหลือให้เยอะ ซื้อมา2อัน แต่เบสแน่นดังไม่เท่ากันก็งงอยู่555 แต่แบตลดไวชาร์จช้าไม่ติดใจอะไรเพราะมันปกติ เคยใช้มาแล้ว 2-3อัน จากร้านอื่นเป็นเหมือนกันหมด แต่เสียงดีเบสแน่นมากๆ คุ้มกับราคามาก|fake
ใช้เวลาค่อนข้างนาน ราคาดี ชอบตรงที่มีเพาวเวอร์แบงค์เล็กๆในตัวด้วยไว้ใช้ยามฉุกเฉิน คุณภาพเสียงพอได้ ถ้าฟังได้นานเดี๋ยวสั่งสีขาวเพิ่ม|fake
ไช้ได้ดีไม่เสียหาย ส่งเร็ว|fake
ได้รับสินค้าเรียบร้อยแล้ว มีการจัดส่งรวดเร็วมาก พนักงานส่งของมีการแจ้งล่วงหน้าก่อนรับสินค้า สินค้าตรงปก จอ LED เป็นการออกแบบที่ดีง่ายต่อการเชื่อมต่อกับอุปกรณ์ ความแข็งแรงต้องลองใช้งานดูก่อน โดยรวมแล้วถูกใจ|fake
สินค้าร้านค้าดีมีคุณภาพ จัดภ ส่งค่อนข้างไว ทางร้านแพ็คสินค้ามาดีมาก ไม่มีชํารุด เสียหาย ใดใด  ใช้งานได้ดีมากคุ้ม คุ้มมาก|fake
ได้รับสินค้าแล้วตรงตามปกที่สั่ง เสียงดี ใช้งานดี พนักงานส่งของไวตามเวลาที่กําหนดครับ|fake
ส่งไวสินค้าแนะนําร้านนี้ครับ|fake
สุดยอด มันยอดเยี่ยมกระเทียมเจียว ส่งสินค้าไวดี ใช้ได้ดีงามพระราม8 แต่ไม่รู้ว่าจะทนใหมต้องลองดูก่อน|fake
โอเค น่าจะใช้ได้เดี๋ยวลองใช้แล้วจะมาบอกว่าดีแค่ไหน แพ็คเกจบอบบางไปหน่อย น่าจะเป็นกล่องเล็กๆจะดีกว่า โอเค|fake
ได้รับสินค้าครบตามที่สั่งไป สินค้าใช้งานได้ปกติ ทางร้านจัดส่งได้อย่างรวดเร็วมากๆ มีบริการเก็บเงินปลายทาง แนะนํา|fake
คุ้มเกินราคา เสียงดีมาก ชาทเต็ม100เปิดเพลงฟังได้ยาวๆ3ชั่วโมงครึ่ง รับสายคุยโทรศัพได้ปกติเลย ทัชสกรีนได้ทั้ง2ข้าง กด2ครั้งเลื่อนเปลี่ยนเพลงได้ซ้ายขวา คุ้มจริงๆราคานี้ เชื่อมต่อไวแค่2วิ เออคือดีอะ|fake
ได้รับหูฟังไร้สายแล้วค่ะสวยมากค่ะทางร้านส่งของรวดเร็วมากค่ะการส่งพัสดุดีรวดเร็วค่ะ|fake
เสียงดีอยู่แต่ชาร์จหูฟังไม่เข้า|fake
คุณภาพเสียงเปิดแล้วชัดเจนไม่มีเสียงฮัมหูฟังใส่ได้พอดีและนิ่มไม่เจ็บหูรูปลักสวยงามมีไฟบอกระดับการชาร์จ|fake
เสียงพอสมควร พอเหมหาะกับราคาไม่ได้เลิศเลอขนาดราคาหลักร้อยหลักพัน แต่ฟังได้ เป็นpowerbankได้|fake
ดีมากเลยครับแต่ผมเจอปัญหาดีเลย์แต่ก็น่าจะเป็นที่โทรศัพท์ผมเองแหละแต่ใช้ฟังเพลงดีมากกกกกก|fake
ลองแล้วokครับ|fake
โอเครครับ ดีมากมาพร้อมกล่องเสียงดีมากคุ้มครับราคานี้มีแบตบอกมีรูเสียบสายชาร์จเป็นเหมือนพาวเวอแบงค์จิ๋วๆด้วยครับ55|fake
ได้รับสินค้าเร็วมากๆ ห่อมาดีสินค้าไม่ได้รับความเสียหาย สินค้าเป็นของตรงตามที่ลงไว้|fake
ต้องลองใช้งานดูว่าเสียงจะเป็นยังไง ยังไม่ได้ลองใช้ ต้องลองดูก่อนว่าจะเป็นยังไง กําลังชาทแบท|fake
ดีครับเกินราคาเสียงดีมากเบสแน่นนดีคุณภาพสุดยอดๆ|fake
สินค้าโอเคส่งเร็ว ลองฟังแล้วเสียงพอใช้ได้|fake
จัดส่งรวดเร็วรอไม่นานสินค้าตรงปกเสียงเพราะมากค่ะ ชัดดีมากๆๆๆๆ เลยค่ะ แนะนํานะค่ะอีกร้่นที่ใช้ได้เลยค่ะ|fake
ดีมากๆดีที่สุดคะแนะนําร้านนี้เลยคะจากคนซื้อจิงของใหม่มือ1จากกล่องแพ็คมาอย่างดีกันกระแทกสุดยอดซื้อร้านนี้กันเยอะไปนะคะ|fake
ได้รับของแล้วครับ ส่งเร็วมาก บรรจุภัณฑ์อย่างดี กล่องไม่มียุบ สีสันสวยงาม เสียงดีเอาเรื่อง|fake
สวยตรงปก เสียงดี เบสดี ใช้งานง่าย ส่วนตัวชอบครับ|fake
จัดส่งรวดเร็ว ทางร้านกับขนส่งบริการดี สินค้าโอเคดี เสียงดี ใช้งานได้ดี ชอบๆ ☺️|fake
สินค้าส่งไว แต่ห่วยมากค่ะ ตอนแรกเชื่อมต่อ​ไม่ได้  ชาร์จ​ก็ไฟไม่เข้า  เสียความรู้สึก​ เสียดายเงิน ของดีของถูกไม่มีอยู่จริง|fake
ดีมากครับใช้ได้ืเสียงพอดีไม่แย่ครับ จัดส่งให้ไวมาก ระบบการชาร์จแบตเตอรี่ ดีครับชอบ|fake
ตรงตามที่สั่งไว้ แพ็คสินค้ามาดีครับ|fake
good จัดส่งรวดเร็ว พนักงานขนส่งสุภาพ  ร้านนี้แนะนําครับ  ตรงปก ไม่จกตา  เสียงดีมากครับ....|fake
ได้รับสินค้า​เรียบร้อย​แล้ว​ครับ​ สวยยยยยมากเลยครับ ถูกใจมากๆ|fake
ได้รับสินค้าแล้ว ห่อมาดีค่ะ ราคาถูกมากๆ แต่ไม่รุ้จะใช้ดีไหม ต้องลองดูก่อนค่ะ มายังไม่มีแบตต้องชาตก่อนค่ะ|fake
คุณภาพเกินราคา...touch screen ไวมากแบตฯอึด ใช้งาน1ชม.ลดไป40%|fake
คุณภาพดีมากรูปสวยงาม|fake
รูปแบบสวยดีราคาเหมาะสมมากๆ ไม่แพงเลย จัดส่งเร็ว สินค้าห่อมาอย่างดีไม่ได้รับความเสียหาย|fake
ดีไซน์สวยราคาถูกใช้ดีมากเลยนะครับแบตก็อึดเสียก็ดี|fake
สินค้าดี ตรงปก ราคาถูถ ก็แค่ลักสิบ สวยมากคับ สงเร็วแพกข้องยางดี|fake
เสียงดีมาก  คุณภาพดีสมราคา ใช้รุ่นนี้มา3คร้งแล้วไม่ผิดหวังเลยใช้ได้นานมาก|fake
ได้รับของแล้วครับ 2 วันถึง เสียงดีครับ เบสดีใช้ได้ ชาร์จไฟเข้า พอใจครับ ส่วนจะใช้งานได้นาน แบตจะอึดหรือเปล่าต้องลองใช้ดูก่อนครับ|fake
ราคาถูกมากๆ คุณภาพเสียงก็ดี จัดส่งไวไม่รอของนาน ใส่สบายหูเสียงชัด เหมือนจะชาดแบตฝนตัวด้วย แบตไม่ได้หมดไวอย่างที่คิด|fake
ใช้งานได้ดีราคาถูก|fake
คุณภาพสมราคา|fake
สินค้าตรงปกคุณภาพดีส่งไวสี:ดํา3|fake
สินค้าตรงปก ขัดส่งได้รวดเร็วทันใจ ราคาถูกดีค่ะ คุณภาพก็โอเคร ฟังเสียงแล้วก็ได้อยู่ค่ะ|fake
ส่งไวของดีมาก|fake
รอของไม่นานใช้เวลาไม่ถึงสองวันค่ะถูกใจมากค่ะชอบค่ะใช้งานได้ปกติค่ะราคายาอมเยาไม่เเพงค่ะ|fake
เสียงเบสดังแน่นดีแต่ มีใครพอรู้บ้างเวลาปิด bluetooth แล้วให้ไฟมันดับทํายังไง|fake
รู้สึกว่ามันเป็นความจริงที่ว่าการส่งออกสินค้าไปให้ได้ผลจริงรีวิวโรงเรียนวัดบ้านเกษตรทุ่งหญ้าสีเรียบร้อย|fake
ของตรงปกส่งไวมากครับ|fake
เยี่ยมเสียงดีเบสแน่น|fake
สวยมากค่ะราคาก็ไม่แพงใช้งานได้จริงค่ะมีที่ชาร์ตในตัวด้วยรูปทรงสวยมากชอบมากรับรองต้องสั่งรอบ2แน่|fake
บรรจุมาดี ลองฟังดูแล้วเบื้องต้นเสียงชัดข้างหนึ่ง เสียงขาดๆหายข้างหนึ่งเลยลองชาร์จให้เต็มๆก่อนเด๊๋ยวลองอีกครั้งปล.ชาร์จเต็มแล้ว หูฟังเสียงไม่ดีข้างหนึ่งเสียงขาดหายสัญญา๊ไม่ชัด โดยรวมแล้ว เสียงเบา เสียงเบสไม่มีหูฟังสเตริโอที่ผมใช้อยู่เดิมชัดกว่าเยอะ|fake
ได้รับสินค้าแ้วนะครับส่งเร็วมากๆๆๆๆๆครับราคาถูกเสรยงดีใช้ได้เลยครับผดีครับผมเยี่ยม|fake
ดีมากๆ|fake
ส่วเร็วมากเลยครับ หูฟังบูลทูธ คุณภาพก็พอใช้งานได้ ในราคาที่ไม่แพง ใช้เหรียญลดได้อีกด้วย|fake
เสียงเบามากๆไม่โอเค|fake
สั่ง 1-2 วันได้ของแล้ว ร้านส่งไว ลองเชื่อมต่อ ติดง่าย เสียงดีพอใช้ เคยมี 1อันใช้แล้วดี ลองสั่งใช้เอง|fake
ของตรงปกติคับ รอจัดส่งช้าไปนิดนึงแต่โดยรวมๆก็ใช่ได้อยู่คับ ของมีคุณภาพโอเคมากคับผม|fake
ของส่งไวมากตรงตามปกติครับลองใช้งานแล้ว ok ครับเสียงดีเยี่ยมครับ|fake
รูปลักษณ๋ภายนอกก็ถ่อว่าสวยงามประมาณนึง คุณภาพเสียงฟังแล้วสบายหู ถึงเบสจะไม่หนัก แต่ก็ถือว่าสมควรกับราคานี้ครับ|fake
เสียงเพราะดีค่ะ|fake
ไม่เห็นมีที่ปิดมาให้|fake
สินค้าดูโอเคดีสมกับราคา เสียงก็พอใช้ได้แต่เสียงอาจจะเบาไปนิดนึงโดยรวมโอเคเลย เยี่ยม|fake
ขอชมเชยว่าสินค้ามีคุณภาพ สวยงาม ใช้งานได้ดีทีเดียวเมื่อเทียบกับราคาที่จ่าย จากความซื่อตรงของร้านค้า. ที่เอาใจใส่ด่วยการจําหน่ายสินค้ามีคุณภาะ ราคายุติธรรม ย่อมได้ความไว้ใจจากลูกค้าเป็นเวลายาวนาน|fake
ได้รับสินค้าตามที่สั่ง..เสียงเบสดีมาก..ต้องลองใช้ก่อนว่าใช้ได้นาน..ไหม..โดยรวมเสียงดีคับ|fake
ส่งไว​มากกกกก​ ห่อพัสดุ​มาอย่างดีไม่มีบุบเลย  เสียงเบสดีมาก​กกกกกกกกก คุ้มและราคาไม่แพง|fake
เสียงฟังเพลงดี ตอนเล่นเกมยังไม่ได้ลอง เพราะว่า เป็นบลูทูธ 5.0 อาจจะดีเลย์นิดๆ โดยรวมคือดี|fake
เสียงดังดี เสียเปลืองแบตเตอรี่ ชาร์จบ่อย ใช่แปปเดียวสมราคา59บาทเดี๋ยวมันหมดอายุขัยก็ต้องซื้อใหม่อีกลูกค้าอุดหนุนแน่นอนคะ|fake
