description,answers
Xiaomi Air Purifier 4 Pro เป็นเครื่องฟอกอากาศที่มีฟิลเตอร์ HEPA แบบ True HEPA กรองอนุภาคได้ถึง 99.97% และฟิลเตอร์ถ่านกัมมันต์ดูดซับก๊าซพิษและกลิ่น CADR สูงถึง 500 ลบ.ม./ชม. เหมาะสำหรับห้องขนาด 35-60 ตร.ม. มีเซ็นเซอร์วัดคุณภาพอากาศแบบเรียลไทม์ หน้าจอ OLED แสดงข้อมูลการใช้งาน ควบคุมผ่านแอป Mi Home และมีโหมดการทำงานหลากหลายเพื่อตอบโจทย์ทุกความต้องการ,กรองฝุ่นได้ดีในระดับหนึ่งช่วยกรองตอนกลางคืนนอนแล้วไม่แสบจมูกกองฝุ่นละอองในห้องนอนเสียงไม่ดังใช้งานง่ายสั่งอัตโนมัติได้ด้วย
Xiaomi Air Purifier 4 Pro เป็นเครื่องฟอกอากาศที่มีฟิลเตอร์ HEPA แบบ True HEPA กรองอนุภาคได้ถึง 99.97% และฟิลเตอร์ถ่านกัมมันต์ดูดซับก๊าซพิษและกลิ่น CADR สูงถึง 500 ลบ.ม./ชม. เหมาะสำหรับห้องขนาด 35-60 ตร.ม. มีเซ็นเซอร์วัดคุณภาพอากาศแบบเรียลไทม์ หน้าจอ OLED แสดงข้อมูลการใช้งาน ควบคุมผ่านแอป Mi Home และมีโหมดการทำงานหลากหลายเพื่อตอบโจทย์ทุกความต้องการ,ขนส่งเร็วปานกลาง กล่องบุบทะลุเล็กน้อย สินค้าไม่เสียหายมีโฟมป้องกันมาอีกชั้นสินค้าวัสดุที่ใช้ดูดี การออกแบบสวย 8/10 ใช้งานแล้ว สัมผัสได้ว่าอากาศภายในบ้านดีขึ้นจริง
Xiaomi Air Purifier 4 Pro เป็นเครื่องฟอกอากาศที่มีฟิลเตอร์ HEPA แบบ True HEPA กรองอนุภาคได้ถึง 99.97% และฟิลเตอร์ถ่านกัมมันต์ดูดซับก๊าซพิษและกลิ่น CADR สูงถึง 500 ลบ.ม./ชม. เหมาะสำหรับห้องขนาด 35-60 ตร.ม. มีเซ็นเซอร์วัดคุณภาพอากาศแบบเรียลไทม์ หน้าจอ OLED แสดงข้อมูลการใช้งาน ควบคุมผ่านแอป Mi Home และมีโหมดการทำงานหลากหลายเพื่อตอบโจทย์ทุกความต้องการ,ขนาดเหมาะสําหรับห้องขนาดใหญ่ การออกแบบภายนอกดูแล้วรูปทรงมีความสวยงาม มีหน้าจอระบบสัมผัสแตะเบาๆก็ทํางานได้ดีน่าใช้มาก speed 2 เสียงจะเริ่มดัง speed 3 เสียงจะดังพอสมควร
Xiaomi Air Purifier 4 Pro เป็นเครื่องฟอกอากาศที่มีฟิลเตอร์ HEPA แบบ True HEPA กรองอนุภาคได้ถึง 99.97% และฟิลเตอร์ถ่านกัมมันต์ดูดซับก๊าซพิษและกลิ่น CADR สูงถึง 500 ลบ.ม./ชม. เหมาะสำหรับห้องขนาด 35-60 ตร.ม. มีเซ็นเซอร์วัดคุณภาพอากาศแบบเรียลไทม์ หน้าจอ OLED แสดงข้อมูลการใช้งาน ควบคุมผ่านแอป Mi Home และมีโหมดการทำงานหลากหลายเพื่อตอบโจทย์ทุกความต้องการ,จัดส่งไว้ใช้งานได้ดีครับ ชอบมาก อากาศสะอาด ครอบคุมพื้นที่กว้าง ภายในบ้านได้ เชื่อมแอพยิ่งสะดวก
Xiaomi Air Purifier 4 Pro เป็นเครื่องฟอกอากาศที่มีฟิลเตอร์ HEPA แบบ True HEPA กรองอนุภาคได้ถึง 99.97% และฟิลเตอร์ถ่านกัมมันต์ดูดซับก๊าซพิษและกลิ่น CADR สูงถึง 500 ลบ.ม./ชม. เหมาะสำหรับห้องขนาด 35-60 ตร.ม. มีเซ็นเซอร์วัดคุณภาพอากาศแบบเรียลไทม์ หน้าจอ OLED แสดงข้อมูลการใช้งาน ควบคุมผ่านแอป Mi Home และมีโหมดการทำงานหลากหลายเพื่อตอบโจทย์ทุกความต้องการ,ซื้อเครื่องใหญ่ แต่มาใช้กับห้อง 4*3 ก็ดีค่ะ ที่บ้านนอนกับน้องหมา ห้องมีปัญหากลิ่นอับบ้าง เครื่องฟอหช่วยเรื่องกลิ่นได้เยอะเลยค่ะ
Xiaomi Air Purifier 4 Pro เป็นเครื่องฟอกอากาศที่มีฟิลเตอร์ HEPA แบบ True HEPA กรองอนุภาคได้ถึง 99.97% และฟิลเตอร์ถ่านกัมมันต์ดูดซับก๊าซพิษและกลิ่น CADR สูงถึง 500 ลบ.ม./ชม. เหมาะสำหรับห้องขนาด 35-60 ตร.ม. มีเซ็นเซอร์วัดคุณภาพอากาศแบบเรียลไทม์ หน้าจอ OLED แสดงข้อมูลการใช้งาน ควบคุมผ่านแอป Mi Home และมีโหมดการทำงานหลากหลายเพื่อตอบโจทย์ทุกความต้องการ,ได้รับแล้วคะ สถาพดีคะ. ขอถามว่าถ้าภายในปีประกันส่งซ่อมยังไงคะ ถ้ามีปัญหาทีหลัง หรือถ้าเกินปีรับประกัน ส่งซ่อมที่ไหนยังไงคะ
Xiaomi Air Purifier 4 Pro เป็นเครื่องฟอกอากาศที่มีฟิลเตอร์ HEPA แบบ True HEPA กรองอนุภาคได้ถึง 99.97% และฟิลเตอร์ถ่านกัมมันต์ดูดซับก๊าซพิษและกลิ่น CADR สูงถึง 500 ลบ.ม./ชม. เหมาะสำหรับห้องขนาด 35-60 ตร.ม. มีเซ็นเซอร์วัดคุณภาพอากาศแบบเรียลไทม์ หน้าจอ OLED แสดงข้อมูลการใช้งาน ควบคุมผ่านแอป Mi Home และมีโหมดการทำงานหลากหลายเพื่อตอบโจทย์ทุกความต้องการ,รุ่นใหม่นี้ดีมาก สามารถเปิดฝาครอบด้านบนได้ เพื่อทําความสะอาด ด้านใน มีเส้นเป็นสี แดง เหลืองเขียว บอกคุณภาพของอากาศ มีบอก อุณหภูมิ ความชื้น ค่า pm บน จอ led การทํางานของเครื่องเงียบมาก ใช้ได้ดีในห้องใหญ่ ราคาก็ดี ซื้อในวัน 2.2
Xiaomi Air Purifier 4 Pro เป็นเครื่องฟอกอากาศที่มีฟิลเตอร์ HEPA แบบ True HEPA กรองอนุภาคได้ถึง 99.97% และฟิลเตอร์ถ่านกัมมันต์ดูดซับก๊าซพิษและกลิ่น CADR สูงถึง 500 ลบ.ม./ชม. เหมาะสำหรับห้องขนาด 35-60 ตร.ม. มีเซ็นเซอร์วัดคุณภาพอากาศแบบเรียลไทม์ หน้าจอ OLED แสดงข้อมูลการใช้งาน ควบคุมผ่านแอป Mi Home และมีโหมดการทำงานหลากหลายเพื่อตอบโจทย์ทุกความต้องการ,ส่งของรวดเร็ว บรรจุภัณฑ์อยู่ในสภาพเรียบร้อยดี ส่วนสินค้ายังไม่ได้ทดลองใช้ เสียดายขอ eTAX ไม่ได้
Xiaomi Air Purifier 4 Pro เป็นเครื่องฟอกอากาศที่มีฟิลเตอร์ HEPA แบบ True HEPA กรองอนุภาคได้ถึง 99.97% และฟิลเตอร์ถ่านกัมมันต์ดูดซับก๊าซพิษและกลิ่น CADR สูงถึง 500 ลบ.ม./ชม. เหมาะสำหรับห้องขนาด 35-60 ตร.ม. มีเซ็นเซอร์วัดคุณภาพอากาศแบบเรียลไทม์ หน้าจอ OLED แสดงข้อมูลการใช้งาน ควบคุมผ่านแอป Mi Home และมีโหมดการทำงานหลากหลายเพื่อตอบโจทย์ทุกความต้องการ,สั่งมา ใช้งานได้ดี จอมีบอกทั้ง อุณหภูมิ ความชื้น และ ค่าฝุ่น หายใจสดชื่นขึ้นเยอะ น่าจะเพราะมีกรองกลิ่นด้วย ใครไม่ติดเรื่องไส้กรองราคาพอสมควร เป็นอีกรุ่นที่น่าใช้เลยครับ
Xiaomi Air Purifier 4 Pro เป็นเครื่องฟอกอากาศที่มีฟิลเตอร์ HEPA แบบ True HEPA กรองอนุภาคได้ถึง 99.97% และฟิลเตอร์ถ่านกัมมันต์ดูดซับก๊าซพิษและกลิ่น CADR สูงถึง 500 ลบ.ม./ชม. เหมาะสำหรับห้องขนาด 35-60 ตร.ม. มีเซ็นเซอร์วัดคุณภาพอากาศแบบเรียลไทม์ หน้าจอ OLED แสดงข้อมูลการใช้งาน ควบคุมผ่านแอป Mi Home และมีโหมดการทำงานหลากหลายเพื่อตอบโจทย์ทุกความต้องการ,สินค้าดี มีคุณภาพของแท้ มีตรา มอก.ด้วย โปรดี ราคาดี มีผ่อนชําระ เสียอย่างเดียวคือการขนส่ง บริษัท flash express ซึ่งล่าช้ามาก
Xiaomi Air Purifier 4 Pro เป็นเครื่องฟอกอากาศที่มีฟิลเตอร์ HEPA แบบ True HEPA กรองอนุภาคได้ถึง 99.97% และฟิลเตอร์ถ่านกัมมันต์ดูดซับก๊าซพิษและกลิ่น CADR สูงถึง 500 ลบ.ม./ชม. เหมาะสำหรับห้องขนาด 35-60 ตร.ม. มีเซ็นเซอร์วัดคุณภาพอากาศแบบเรียลไทม์ หน้าจอ OLED แสดงข้อมูลการใช้งาน ควบคุมผ่านแอป Mi Home และมีโหมดการทำงานหลากหลายเพื่อตอบโจทย์ทุกความต้องการ,สินค้าดีจัดส่งรวดเร็ว เชื่อมต่อกับแอปง่ายมาก สินค้าใช้ดีมากค่ะ ดีไซร์ทันสมัยไม่ใหญ่เทอะทะ ราคาไม่แรง แนะนําร้านนี้เลยค่ะ
Xiaomi Air Purifier 4 Pro เป็นเครื่องฟอกอากาศที่มีฟิลเตอร์ HEPA แบบ True HEPA กรองอนุภาคได้ถึง 99.97% และฟิลเตอร์ถ่านกัมมันต์ดูดซับก๊าซพิษและกลิ่น CADR สูงถึง 500 ลบ.ม./ชม. เหมาะสำหรับห้องขนาด 35-60 ตร.ม. มีเซ็นเซอร์วัดคุณภาพอากาศแบบเรียลไทม์ หน้าจอ OLED แสดงข้อมูลการใช้งาน ควบคุมผ่านแอป Mi Home และมีโหมดการทำงานหลากหลายเพื่อตอบโจทย์ทุกความต้องการ,สินค้าดีมีคุณ​ภาพ​สั่งเป็นเครื่องที่สามแล้ว ใช้หลายห้องฝุ่นลดลงอย่างชัดเจนดีต่อสุขภาพ
Xiaomi Air Purifier 4 Pro เป็นเครื่องฟอกอากาศที่มีฟิลเตอร์ HEPA แบบ True HEPA กรองอนุภาคได้ถึง 99.97% และฟิลเตอร์ถ่านกัมมันต์ดูดซับก๊าซพิษและกลิ่น CADR สูงถึง 500 ลบ.ม./ชม. เหมาะสำหรับห้องขนาด 35-60 ตร.ม. มีเซ็นเซอร์วัดคุณภาพอากาศแบบเรียลไทม์ หน้าจอ OLED แสดงข้อมูลการใช้งาน ควบคุมผ่านแอป Mi Home และมีโหมดการทำงานหลากหลายเพื่อตอบโจทย์ทุกความต้องการ,สินค้าถึงมือได้อย่างสมบรูณแบบฟอกก้อดีค่ะเสียงเงียบแต่พอเอาโหมดกลางคืนมันช่วยฟอกไม่ค่อยได้แรงน้อบเกินแต่ก้อเสียงเงียบดีฟอกแบบหมงดกลางคืนเป็นสีแดงเลยค่ะต้องใช้โหมดสองขีดเอาอยูา
กล้วยหักมุกสายพันธ์ดี ขนาดกำลังดี มาสไลด์บางๆ ทอดและเคลือบผงปาปริก้า ทำให้ได้กล้วยกรอบรสชาติเข้มข้นแสนอร่อย อร่อยเคี้ยวเพลินจนหยุดกินไม่ได้,การจัดส่งรวดเร็วดีมาก สั่งประจําร้านนี้อร่อยค่ะกินเพลินแป๊บๆหมด สั่งห่อเล็กกล้วยไม่ค่อยแตก
กล้วยหักมุกสายพันธ์ดี ขนาดกำลังดี มาสไลด์บางๆ ทอดและเคลือบผงปาปริก้า ทำให้ได้กล้วยกรอบรสชาติเข้มข้นแสนอร่อย อร่อยเคี้ยวเพลินจนหยุดกินไม่ได้,ของเขาอร่อยเคยสั่งมากินแล้วรอบนึงติดใจก็เลยสั่งอีกรสชาติดีราคาเป็นมิตรถ้าไม่มีโอกาสไปซื้อเองก็ต้องออนไลน์แบบนี้ล่ะครับ
กล้วยหักมุกสายพันธ์ดี ขนาดกำลังดี มาสไลด์บางๆ ทอดและเคลือบผงปาปริก้า ทำให้ได้กล้วยกรอบรสชาติเข้มข้นแสนอร่อย อร่อยเคี้ยวเพลินจนหยุดกินไม่ได้,ได้รับสินค้าแล้วค่ะโทรตาม order และจํานวนที่สั่งเลยทางร้านจัดส่งสินค้าใช้เวลาไม่กี่วันเองค่ะก็ได้รับสินค้าแล้วขนส่งก็ส่งรวดเร็วดีค่ะคุ้มค่ามากต่อราคา
กล้วยหักมุกสายพันธ์ดี ขนาดกำลังดี มาสไลด์บางๆ ทอดและเคลือบผงปาปริก้า ทำให้ได้กล้วยกรอบรสชาติเข้มข้นแสนอร่อย อร่อยเคี้ยวเพลินจนหยุดกินไม่ได้,ส่งสินค้ารวดเร็วแพคสินค้ามาดีไม่มีอะไรเสียหานส่งภายในกําหนดเวลา ของใหม่ไม่มีกลิ่นหืน รับประทานอร่อยดี อร่อยและคุ้ม หมดแล้วสั่งใหม่แน่นอนครับ
กล้วยหักมุกสายพันธ์ดี ขนาดกำลังดี มาสไลด์บางๆ ทอดและเคลือบผงปาปริก้า ทำให้ได้กล้วยกรอบรสชาติเข้มข้นแสนอร่อย อร่อยเคี้ยวเพลินจนหยุดกินไม่ได้,สินค้าดีกล้วยอร่อยมากราคาเหมาะสมจัดส่งไวมากโดยรวมถือว่าโอเคเยี่ยมเยี่ยมเยี่ยมทานเกือบหมดแล้วลืมรีวิว
กล้วยหักมุกสายพันธ์ดี ขนาดกำลังดี มาสไลด์บางๆ ทอดและเคลือบผงปาปริก้า ทำให้ได้กล้วยกรอบรสชาติเข้มข้นแสนอร่อย อร่อยเคี้ยวเพลินจนหยุดกินไม่ได้,หร่อยกรอบจนฟันจะแตกครับผงเยอะอร่อยครับใว้ถ้ามีตังจะซื้ออีกครับ
กล้วยหักมุกสายพันธ์ดี ขนาดกำลังดี มาสไลด์บางๆ ทอดและเคลือบผงปาปริก้า ทำให้ได้กล้วยกรอบรสชาติเข้มข้นแสนอร่อย อร่อยเคี้ยวเพลินจนหยุดกินไม่ได้,ห่อมาปลอดภัย แกะชิมเลย กรอบ อร่อย สดใหม่ เข้มข้นสะใจหญิงมากก ไม่มีกลิ่นเหม็นเลย แนะนําค่ะ
กล้วยหักมุกสายพันธ์ดี ขนาดกำลังดี มาสไลด์บางๆ ทอดและเคลือบผงปาปริก้า ทำให้ได้กล้วยกรอบรสชาติเข้มข้นแสนอร่อย อร่อยเคี้ยวเพลินจนหยุดกินไม่ได้,โห้ใหญ่มาปค่ะทีแรกไม่คิดว่าจะได้จุใจขนาดนี้ จะกลับมาอุดหนุนอีกนะคะ
กล้วยหักมุกสายพันธ์ดี ขนาดกำลังดี มาสไลด์บางๆ ทอดและเคลือบผงปาปริก้า ทำให้ได้กล้วยกรอบรสชาติเข้มข้นแสนอร่อย อร่อยเคี้ยวเพลินจนหยุดกินไม่ได้,อร่อยดีค่ะ ก้นเพลินสมชื่อกินจนลืมถ่ายรูปพอนึกขึ้นได้ว่าจะสั่งเพิ่มอีกถึงนึกออกว่าลืมถ่ายรูปลงรีวิวให้ทางร้าน อร่อยดีค่ะคอนเฟิร์ม
กล้วยหักมุกสายพันธ์ดี ขนาดกำลังดี มาสไลด์บางๆ ทอดและเคลือบผงปาปริก้า ทำให้ได้กล้วยกรอบรสชาติเข้มข้นแสนอร่อย อร่อยเคี้ยวเพลินจนหยุดกินไม่ได้,อร่อยมากๆ ถุงใหญ่ ได้เยอะ กินเพลินๆ ไม่เค็มไม่จืด ให้ผงมาแบบดุดันไม่เกรงใจใคร เอาไปกินแกล้มเบียร์น่าจะเริ่ดด
"กล่องเก็บของพลาสติดใส หลากหลายความจุ ทั้ง 80,100,120,180 เเละ 300 ลิตร ที่จับสบาย ที่ล็อคก่องแข็งแรง มุมโค้งมนเรียบเนียน รับน้ำหนักได้มาก อายุการใช้งานนาน",กล่องพลาสติกขนาดตามที่ต้องการ ปิดฝาได้เรียบร้อย ขนส่งรวดเร็วในสภาพสมบูรณ์ ต้องขอลองใช้ดูก่อนว่าจะรองรับน้ําหนักอค่ไกน
"กล่องเก็บของพลาสติดใส หลากหลายความจุ ทั้ง 80,100,120,180 เเละ 300 ลิตร ที่จับสบาย ที่ล็อคก่องแข็งแรง มุมโค้งมนเรียบเนียน รับน้ำหนักได้มาก อายุการใช้งานนาน",ตัว300 L ขนาดตัวตามวัดพร้อมฝา​ ถ้าไม่วัดพร้อมฝาบวกลบ1-2เซ็นติเมตร​ รู้สึก​ว่าจะขนาดพอๆกับ100ลิตร​เลยแค่รู้​สึกนะ
"กล่องเก็บของพลาสติดใส หลากหลายความจุ ทั้ง 80,100,120,180 เเละ 300 ลิตร ที่จับสบาย ที่ล็อคก่องแข็งแรง มุมโค้งมนเรียบเนียน รับน้ำหนักได้มาก อายุการใช้งานนาน",ผมเคยซื้อแบบเดียวกันมาจากที่อื่นมาก่อนและราคาใกล้เคียงกันแต่คุณภาพแย่กว่านี้มากจริงๆจ่ายสําหรับสิ่งที่คุณจ่ายไป ผ้านวมค่อนข้างฟู เลยซื้อถุงสูญญากาศ อีกใบ ประมาณว่ากล่องใหญ่ใบนี้ใส่ผ้านวมหนาๆ ได้ 3 ผืน ซึ่งก็ไม่เลว
"กล่องเก็บของพลาสติดใส หลากหลายความจุ ทั้ง 80,100,120,180 เเละ 300 ลิตร ที่จับสบาย ที่ล็อคก่องแข็งแรง มุมโค้งมนเรียบเนียน รับน้ำหนักได้มาก อายุการใช้งานนาน",ขอบคุณอีกครั้งกับความเอาใจใส่ของทางร้านของทั้งสิบชิ้น ทั้งฝาและกล่องอยู่ในสภาพดี ได้ใช้จริงทุกชิ้น แพ็คมาอย่างดีตามคําขอ ไม่ผิดหวังค่ะ. รอบหน้ากําลังจะสั่งซื้อเพิ่มเพื่อเก็บเครื่องนอนพวกผ้าห่มและหมอนอีก ขอบคุณจากใจจริงค่ะ
"กล่องเก็บของพลาสติดใส หลากหลายความจุ ทั้ง 80,100,120,180 เเละ 300 ลิตร ที่จับสบาย ที่ล็อคก่องแข็งแรง มุมโค้งมนเรียบเนียน รับน้ำหนักได้มาก อายุการใช้งานนาน",ตัว120 L ขนาดตัวตามวัดพร้อมฝา​ ถ้าไม่วัดพร้อมฝาบวกลบ1-2เซ็นติเมตร​ รู้สึก​ว่าจะขนาดพอๆกลาง​ๆเล็กๆนะ​ ตัวนี้ทางร้านลืมฝามาให้​ แต่แชท​ไปทางร้านแล้ว​ จะส่งมาทีหลัง
"กล่องเก็บของพลาสติดใส หลากหลายความจุ ทั้ง 80,100,120,180 เเละ 300 ลิตร ที่จับสบาย ที่ล็อคก่องแข็งแรง มุมโค้งมนเรียบเนียน รับน้ำหนักได้มาก อายุการใช้งานนาน",กล่อง100ลิตรที่นี่จะเล็กกว่่ขนาดร้านอื่นเวลาซื่อต้องดูที่ขนาด กว้างยาวสูง อย่าดูที่ขนาด100ลิตร ร้านนี้=51*38*32 ที่อื่น ก ย ส.=70*50*42 เป็นที่เราไม่ได้ดูขนาด ดูที่เขียนว่า100ลิตร แต่ขนาดจะต่างกันมาก ก่อนซื้อให้ตรวจสอบก่อน ร้านส่งเร็ว แต่ไม่ได้ตามที่คิด
"กล่องเก็บของพลาสติดใส หลากหลายความจุ ทั้ง 80,100,120,180 เเละ 300 ลิตร ที่จับสบาย ที่ล็อคก่องแข็งแรง มุมโค้งมนเรียบเนียน รับน้ำหนักได้มาก อายุการใช้งานนาน",เราซื้อมาหลายรอบล่ะของไม่เคยมีตําหนิรอบนี้มุมแตกมาเชียววิเคราะห์แล้วไม่ใช่ขนส่งเป็นต้นเหตุภายนอกไม่ยุบตรงไหนสักนิดน่าจะมาตั้งแต่แรกแล้วคนแพ็คของที่รักหากเห็นแตกแล้วได้โปรดอย่าได้ส่งไปให้ลูกค้านะเจ้าคะ/ลูกค้าเสียใจมากเลยรอบหน้าจะสั่งไซร้เล็กกว่า80ลิตรอีก2ใบขออนุญาตไม่เอาที่แตกน้า/ขอบคุณๆๆๆๆ
"กล่องเก็บของพลาสติดใส หลากหลายความจุ ทั้ง 80,100,120,180 เเละ 300 ลิตร ที่จับสบาย ที่ล็อคก่องแข็งแรง มุมโค้งมนเรียบเนียน รับน้ำหนักได้มาก อายุการใช้งานนาน",กล่องใบใหญ่พลาสติกหนาได้คุณภาพ ทางร้านค้าแพ็คมาค่อนข้างดี สินค้าไม่แตกหัก จัดส่งรวดเร็ว ขนส่งบริการดี คุ้มค่าดีนะคะ
"กล่องเก็บของพลาสติดใส หลากหลายความจุ ทั้ง 80,100,120,180 เเละ 300 ลิตร ที่จับสบาย ที่ล็อคก่องแข็งแรง มุมโค้งมนเรียบเนียน รับน้ำหนักได้มาก อายุการใช้งานนาน",สินค้าปลาสติกดูดีมีคุณภาพ แต่ขนาดทีวัดได้น้อยกว่าที่ระบุไว้ในรูปด้านละ2-4ซม คิดว่าจะส่งคืน แต่คนรับแกะออกมาแล้ว จึงต้องรับไว้
สาย USB 5A แบบชาร์จเร็ว Type C แกนลวดทองแดงบริสุทธิ์ลวด นุ่ม ทนทาน ความยาว 1-2 เมตร สีขาว สามารถส่งข้อมูลได้,ได้รับสินค้าเรียบร้อยแล้ว ทดสอบแล้วใช้งานได้ปกติดี ชาร์ตเร็วได้ด้วย ขนส่งก็ดีมากๆ โทรแจ้งล่วงหน้าก่อนจัดส่ง
สาย USB 5A แบบชาร์จเร็ว Type C แกนลวดทองแดงบริสุทธิ์ลวด นุ่ม ทนทาน ความยาว 1-2 เมตร สีขาว สามารถส่งข้อมูลได้,ใช้งานได้จริง รูปร่างสาย ลายละเอียดเล็กๆน้อยๆอาจจะไม่เหมือน ที่ oppo ให้มาเท่าไหร่แต่ก็ใช้งานได้จริง ใช้งานได้เหมือนกันซื้อได้
สาย USB 5A แบบชาร์จเร็ว Type C แกนลวดทองแดงบริสุทธิ์ลวด นุ่ม ทนทาน ความยาว 1-2 เมตร สีขาว สามารถส่งข้อมูลได้,ได้รับของแล้ว จัดส่งไว้ดี ชาร์จเร็วตามที่ ลงไว้เลยค่ะ ยาว 2 เมตร
สาย USB 5A แบบชาร์จเร็ว Type C แกนลวดทองแดงบริสุทธิ์ลวด นุ่ม ทนทาน ความยาว 1-2 เมตร สีขาว สามารถส่งข้อมูลได้,ชอบมากเลย สายมีความยาวเกิน 1 แขน มีความหนาทนทานชาร์จเข้าเร็วสายมาตรฐานที่สุดไม่แพงด้วย
สาย USB 5A แบบชาร์จเร็ว Type C แกนลวดทองแดงบริสุทธิ์ลวด นุ่ม ทนทาน ความยาว 1-2 เมตร สีขาว สามารถส่งข้อมูลได้,หีบห่อดี จัดส่งเร็ว ชาร์จแล้วขึ้น VOOC แต่ต่อเชื่อมคอม port usb ไม่ทํางาน
สาย USB 5A แบบชาร์จเร็ว Type C แกนลวดทองแดงบริสุทธิ์ลวด นุ่ม ทนทาน ความยาว 1-2 เมตร สีขาว สามารถส่งข้อมูลได้,ขอบก๊อปเกรด a ถ้าเป็นของแท้ที่มาจากโรงงาน มันจะไม่มีรอยต่อประกบกันอย่างในรูป แต่ก็ใช้งานได้ปกติ
สาย USB 5A แบบชาร์จเร็ว Type C แกนลวดทองแดงบริสุทธิ์ลวด นุ่ม ทนทาน ความยาว 1-2 เมตร สีขาว สามารถส่งข้อมูลได้,ได้รับ สินค้าแล้วครับ ตรงปกถึงไม่ใช่ของแท้ แต่ก็ขึ้นชาร์จเร็วอยู่ครับ แต่ต้องดูระยะยาวว่าจะทนไหว แต่กับราคาแค่นี้ก็ OKแล้วครับ Realme gt 5g เครื่องของผมนะ
สาย USB 5A แบบชาร์จเร็ว Type C แกนลวดทองแดงบริสุทธิ์ลวด นุ่ม ทนทาน ความยาว 1-2 เมตร สีขาว สามารถส่งข้อมูลได้,ได้รับแล้วแพ็คมาดีสินค้าไม่เสียหายจัดส่งดีมากเร็วมากๆสินค้าดูดีตรงกับหน้าปกใช้ได้ดีแต่ขอดูสักระยะแล้วจะมาแจ้งคุณภาพอีกทีนึง
สาย USB 5A แบบชาร์จเร็ว Type C แกนลวดทองแดงบริสุทธิ์ลวด นุ่ม ทนทาน ความยาว 1-2 เมตร สีขาว สามารถส่งข้อมูลได้,ใช้งานได้ตามที่ระบุ คุณภาพ:ใช้งานได้ดี ชาร์จได้เร็ว เนื้อวัสดุดี ดูแข็งแรง สอดคล้องกับราคาดี
บอร์ดเกมเเข่งบลัพฟิ่งระหว่างกลุ่มเพื่อน เล่นได้ 2-6 คน การ์ดคุณภาพดี เล่นง่ายเป็นไว จบภายใน 10 นาที สนุกมาก เหมาะสำหรับอายุ 10 ปีขึ้นไป,ข้างในทุกอย่างดีมากๆ ไม่มีอะไรเสียหายเลย แต่ตรงภายนอกจะมีรอยเหมือนรอยพับนิดหน่อย น่าจะมาจากการขนส่ง
บอร์ดเกมเเข่งบลัพฟิ่งระหว่างกลุ่มเพื่อน เล่นได้ 2-6 คน การ์ดคุณภาพดี เล่นง่ายเป็นไว จบภายใน 10 นาที สนุกมาก เหมาะสำหรับอายุ 10 ปีขึ้นไป,สนุกมากไว้เล่นกับเพื่อนที่รร.ล่ะไม่ได้เล่นโทรศัพท์เลยยย ซื้อการ์ดเกม/บอร์ดเกม มาเล่นกับเพื่อนฆ่าเวลาดีมากเลยสนุก
บอร์ดเกมเเข่งบลัพฟิ่งระหว่างกลุ่มเพื่อน เล่นได้ 2-6 คน การ์ดคุณภาพดี เล่นง่ายเป็นไว จบภายใน 10 นาที สนุกมาก เหมาะสำหรับอายุ 10 ปีขึ้นไป,ได้รับสินค้าถูกต้อง ตรงปก จัดส่งเร็วมาก แต่ตัวแพคเกจไม่มีห่อกันกระแทก สภาพกล่องสินค้าก็จะสู้ชีวิตหน่อย แต่ส่วนตัวไม่ซีเรียส ตัวการ์ดไม่เสียหาย สวยงามครบถ้วน
บอร์ดเกมเเข่งบลัพฟิ่งระหว่างกลุ่มเพื่อน เล่นได้ 2-6 คน การ์ดคุณภาพดี เล่นง่ายเป็นไว จบภายใน 10 นาที สนุกมาก เหมาะสำหรับอายุ 10 ปีขึ้นไป,สินค้าจัดส่งรวดเร็ว ได้ลดราคาช่วง 9.9 สินค้าดูดีมีคุณภาพ ขนาดไม่ใหญ่โต พกพาสะดวกเหมาะเอาไปเล่น
บอร์ดเกมเเข่งบลัพฟิ่งระหว่างกลุ่มเพื่อน เล่นได้ 2-6 คน การ์ดคุณภาพดี เล่นง่ายเป็นไว จบภายใน 10 นาที สนุกมาก เหมาะสำหรับอายุ 10 ปีขึ้นไป,สินค้าดี เกมส์สนุก เล่นง่ายๆ วัสดุดีเป็นกระดาษเนื้อดี ส่งของมาครบ ร้านนี้ไม่แกงแน่นอนสั่งหลายครั้ง เพียงแต่นานมากหน่อย สั่งเลย
บอร์ดเกมเเข่งบลัพฟิ่งระหว่างกลุ่มเพื่อน เล่นได้ 2-6 คน การ์ดคุณภาพดี เล่นง่ายเป็นไว จบภายใน 10 นาที สนุกมาก เหมาะสำหรับอายุ 10 ปีขึ้นไป,กล่องภายบุบ ข้างในปกติดีทุกอย่าง ไม่รู้เนื้องานของแท้เป็นยังไง แต่ราคานี้ คุณภาพการ์ดผ่านหมดครับ ซื้อมาเล่นเองคุ้ม
บอร์ดเกมเเข่งบลัพฟิ่งระหว่างกลุ่มเพื่อน เล่นได้ 2-6 คน การ์ดคุณภาพดี เล่นง่ายเป็นไว จบภายใน 10 นาที สนุกมาก เหมาะสำหรับอายุ 10 ปีขึ้นไป,ของแพ็คดีมากค่ะของครบไม่ยับแถมส่งไวมากค่ะแนะนําให้ซื้อมาลองเล่นนะคะสนุกมากค่ะ รับประกัน
บอร์ดเกมเเข่งบลัพฟิ่งระหว่างกลุ่มเพื่อน เล่นได้ 2-6 คน การ์ดคุณภาพดี เล่นง่ายเป็นไว จบภายใน 10 นาที สนุกมาก เหมาะสำหรับอายุ 10 ปีขึ้นไป,ดีค่ะ แต่ร้านส่งของไม่ครบ แถมที่ห่อส่งเป็นถุงเฉยๆ สภาพกล่องเลยบุบบ้าง แต่โดนรวมของข้างในดีค่ะ
บอร์ดเกมเเข่งบลัพฟิ่งระหว่างกลุ่มเพื่อน เล่นได้ 2-6 คน การ์ดคุณภาพดี เล่นง่ายเป็นไว จบภายใน 10 นาที สนุกมาก เหมาะสำหรับอายุ 10 ปีขึ้นไป,ของดีมีที่นี่เท่านั้นราคาไม่แพงสินค้าคุณภาพเยี่ยมไว้ใจได้เลย ถ้ามีโค้ดก็ลดไปอีกสุดยอดมากไว้จะอุดหนุนอีกครับขอบคุณมากๆนะครับี
บอร์ดเกมเเข่งบลัพฟิ่งระหว่างกลุ่มเพื่อน เล่นได้ 2-6 คน การ์ดคุณภาพดี เล่นง่ายเป็นไว จบภายใน 10 นาที สนุกมาก เหมาะสำหรับอายุ 10 ปีขึ้นไป,ของตรงปกครับถึงเเม้จะมีรอยขีดขวนนิดหน่อยเเละส่งเร็วมากครับสี
บอร์ดเกมเเข่งบลัพฟิ่งระหว่างกลุ่มเพื่อน เล่นได้ 2-6 คน การ์ดคุณภาพดี เล่นง่ายเป็นไว จบภายใน 10 นาที สนุกมาก เหมาะสำหรับอายุ 10 ปีขึ้นไป,กล่องสวย อุปกรณ์ครบ น่าเล่นมาก แพคมาดีมากค่า ราคาไม่แพงเลย อาจจะรอส่งหน่อยแต่ก็ไม่นานมากเกินไปค่า
บอร์ดเกมเเข่งบลัพฟิ่งระหว่างกลุ่มเพื่อน เล่นได้ 2-6 คน การ์ดคุณภาพดี เล่นง่ายเป็นไว จบภายใน 10 นาที สนุกมาก เหมาะสำหรับอายุ 10 ปีขึ้นไป,เกมสนุกมากครับแต่ที่ไม่ชอบเลยก็คือตอนส่งกล่องมีตําหนิข้างล่างใหญ่มากอยากให้
น้ำพริกกากหมู กรอบ อร่อย ไม่ใสวัสดุกันเสีย ไม่อมน้ำมัน มีหลากหลายรสชาติ กากหมูชิ้นใหญ่ มีความเผ็ดให้เลือกหลายระดับ เคี้ยวสนุกเคี้ยวมันส์,แพ็คดีมากตฃปกแต่ต้องลิงกินก่อนว่ารสชาติดีไหมส่งไวถูกจิงห้าดาวค่ะ
น้ำพริกกากหมู กรอบ อร่อย ไม่ใสวัสดุกันเสีย ไม่อมน้ำมัน มีหลากหลายรสชาติ กากหมูชิ้นใหญ่ มีความเผ็ดให้เลือกหลายระดับ เคี้ยวสนุกเคี้ยวมันส์,น้ําพริกหมูกระจก อร่อยดีค่ะ ร้านส่งไวดี ของใหม่ไม่เหม็นหืน ทานแปปเดียวหมดกระปุก รสเผ็ดน้แยแล้วยังแอบเผ็ดมากเลยอยู่เลย
น้ำพริกกากหมู กรอบ อร่อย ไม่ใสวัสดุกันเสีย ไม่อมน้ำมัน มีหลากหลายรสชาติ กากหมูชิ้นใหญ่ มีความเผ็ดให้เลือกหลายระดับ เคี้ยวสนุกเคี้ยวมันส์,ได้รับสินค้าแพ็คมาอย่างดี ทดสอบคุณภาพของสินค้าแล้วใช้ได้ การจัดส่งรวดเร็วดีส่งไว การให้บริการทางด้านการจัดส่งจากผู้ขายและบริษัทขนส่ง ได้รับการบริการที่ดี เหตุผลในการซื้อพิจารณาทางด้านราคาเป็นส่วนใหญ่ว่าสินค้านี้ราคาควรจะอยู่ประมาณไหน ใช้ได้อร่อยดี ทานเพลินๆ แพล็ยเดียวหมดไปครึงกระปุก แต่เผ็ด
น้ำพริกกากหมู กรอบ อร่อย ไม่ใสวัสดุกันเสีย ไม่อมน้ำมัน มีหลากหลายรสชาติ กากหมูชิ้นใหญ่ มีความเผ็ดให้เลือกหลายระดับ เคี้ยวสนุกเคี้ยวมันส์,รสชาดอร่อยทุกรส แต่เผ็ดไปหน่อย กระปุกเล็กไป จัดส่งเร็วรอของไม่นาน หมูกระจกกรอบมาก ไม่เหม็นหืน
น้ำพริกกากหมู กรอบ อร่อย ไม่ใสวัสดุกันเสีย ไม่อมน้ำมัน มีหลากหลายรสชาติ กากหมูชิ้นใหญ่ มีความเผ็ดให้เลือกหลายระดับ เคี้ยวสนุกเคี้ยวมันส์,ได้รับสินค้าแล้วค่ะรอไม่นานหลังจากสั่งไปสินค้าแพคใส่กระปุกอย่างดีไม่มีเสียอะไรค่ะรสชาติยังไม่ได้เปิดชิมนะคะแต่เคยสั่งมารอบหนึ่งแล้วก็ถือว่าโอเคค่ะ
น้ำพริกกากหมู กรอบ อร่อย ไม่ใสวัสดุกันเสีย ไม่อมน้ำมัน มีหลากหลายรสชาติ กากหมูชิ้นใหญ่ มีความเผ็ดให้เลือกหลายระดับ เคี้ยวสนุกเคี้ยวมันส์,คุณภาพตามราคา เค็มนิดหน่อยเหมาะกินกับข้าวส่งไม่เร็วมาก รสชาดจัดจ้าน ออกเค็มเหมาะกินกับข้าว หมูออกแข็งนิดหน่อยอาจจะเพราะหมูกระจกชิ้นค่อนข้างหนาหน่อย
น้ำพริกกากหมู กรอบ อร่อย ไม่ใสวัสดุกันเสีย ไม่อมน้ำมัน มีหลากหลายรสชาติ กากหมูชิ้นใหญ่ มีความเผ็ดให้เลือกหลายระดับ เคี้ยวสนุกเคี้ยวมันส์,ซื้อมากินไปครึ่งนึงแล้วค่ะอร่อยนะชอบจะสั่งอีกนะคะสั่งของไม่กี่วันก็ได้เลยรสชาตินี้ถูกใจค่ะ
น้ำพริกกากหมู กรอบ อร่อย ไม่ใสวัสดุกันเสีย ไม่อมน้ำมัน มีหลากหลายรสชาติ กากหมูชิ้นใหญ่ มีความเผ็ดให้เลือกหลายระดับ เคี้ยวสนุกเคี้ยวมันส์,อร่อยมากเผ็ดดี คลุกกับข้าวก็อร่อยแต่ส่วนมากจะทานเล่น สั่งมา 3 กล่องค่ะ เป็นหมูกระจกแบบรสเผ็ดมาก
น้ำพริกกากหมู กรอบ อร่อย ไม่ใสวัสดุกันเสีย ไม่อมน้ำมัน มีหลากหลายรสชาติ กากหมูชิ้นใหญ่ มีความเผ็ดให้เลือกหลายระดับ เคี้ยวสนุกเคี้ยวมันส์,รอของนานหลายวัน พอได้รับลองกินเป็นของใหม่ กรอบอร่อยดีค่ะ ขนาดสั่งเผ็ดน้อย ยังคิดว่าเผ็ดไปสําหรับเรา เพราะเป็นคนไม่กินเผ็ด
หูฟังสเตอริโอบลูทูธ 5.0 พร้อมไมโครโฟนเบสหนัก เสียงเพราะ เหมาะสำหรับเล่นเกม มาพร้อมเคสเเบต 3000 mha สามาราเรียกใช้  siri เเละ google assistance ได้,เล่นสงกรานต์สั่งมากันน้ําจริงๆเลยนะเนี่ย
หูฟังสเตอริโอบลูทูธ 5.0 พร้อมไมโครโฟนเบสหนัก เสียงเพราะ เหมาะสำหรับเล่นเกม มาพร้อมเคสเเบต 3000 mha สามาราเรียกใช้  siri เเละ google assistance ได้,ใช้ได้อยู่นะแต่เสียงอัดยังไม่รู้เสียงทีออกมาก็ไม่แย่แค่มันไปได้มันไกลแล้วก็ถ้าเอียงข้างมันจะไม่ค่อยได้ยิน
หูฟังสเตอริโอบลูทูธ 5.0 พร้อมไมโครโฟนเบสหนัก เสียงเพราะ เหมาะสำหรับเล่นเกม มาพร้อมเคสเเบต 3000 mha สามาราเรียกใช้  siri เเละ google assistance ได้,สินค้าดีครับ แบตเตอรี่หูฟังจากที่ลองใช้ก็ถือว่าใช้ได้นานครับยังสามารถ ชาร์จแบตในตัวได้อีก หมดปัญหาแบตหูฟังหมดแล้ว ไม่มีที่ชาร์จ ในที่สาธารณะ
หูฟังสเตอริโอบลูทูธ 5.0 พร้อมไมโครโฟนเบสหนัก เสียงเพราะ เหมาะสำหรับเล่นเกม มาพร้อมเคสเเบต 3000 mha สามาราเรียกใช้  siri เเละ google assistance ได้,ส่งของเร็วดีค่ะ เสียงแน่นเสียงเบสตึบๆดีจังตัดเสียงรอบข้างได้หมดดีคะ ของค่อยข้างไม่ได้ใหม่แกะกล่องแต่เข้าใจได้คะ แค่ ร้อยกว่าบาทแต่ได้คุณภาพขนาดนี้ สวยเสียงดีหูฟังสเตอริโอบลูทูธ 5.0 พร้อมไมโครโฟนเบสหนัก เสียงเพราะ เหมาะสำหรับเล่นเกม มาพร้อมเคสเเบต 3000 mha สามาราเรียกใช้  siri เเละ google assistance ได้,
หูฟังสเตอริโอบลูทูธ 5.0 พร้อมไมโครโฟนเบสหนัก เสียงเพราะ เหมาะสำหรับเล่นเกม มาพร้อมเคสเเบต 3000 mha สามาราเรียกใช้  siri เเละ google assistance ได้,ได้รับสินค้าแล้วแพ็คกิ้งมาเรียบร้อยดีไม่มีอะไรเสียหายไฟเข้าปกติใช้งานได้ดีฟังเพลงเพราะใช้ได้แต่ไม่มีเสียงเบสมากนัก
หูฟังสเตอริโอบลูทูธ 5.0 พร้อมไมโครโฟนเบสหนัก เสียงเพราะ เหมาะสำหรับเล่นเกม มาพร้อมเคสเเบต 3000 mha สามาราเรียกใช้  siri เเละ google assistance ได้,ได้รับสินค้าเรียบร้อยแล้ว มีการจัดส่งรวดเร็วมาก พนักงานส่งของมีการแจ้งล่วงหน้าก่อนรับสินค้า สินค้าตรงปก จอ LED เป็นการออกแบบที่ดีง่ายต่อการเชื่อมต่อกับอุปกรณ์ ความแข็งแรงต้องลองใช้งานดูก่อน โดยรวมแล้วถูกใจ
หูฟังสเตอริโอบลูทูธ 5.0 พร้อมไมโครโฟนเบสหนัก เสียงเพราะ เหมาะสำหรับเล่นเกม มาพร้อมเคสเเบต 3000 mha สามาราเรียกใช้  siri เเละ google assistance ได้,หูฟัง bluetoothคุณภาพเยี่ยมสมราคาสภาพใหม่ไม่มีรอยสามารถเป็น power bank ได้เอาไว้ชาร์จโทรศัพท์มีตัวเลขบอกเปอร์เซ็นต์ของแบตเตอรี่สมราคาจริงๆสุดยอด
"กระถางต้นไม้สไตล์มินิมอล มี 5 สี  ขาว ดำ เทา เขียว ฟ้า มี 4 ขนาด 5,7,9,12 นิ้ว ผลิตจากพลาสติกเกรด A ทนเเดดทสฝน เหมาะสำหรับตกเเต่งบ้าน สวยงาม จัดส่งไว",รอของไม่นาน ห่อกันกระแทกมาอย่างเดียว ไม่มีกล่องแต่สถาพดี ไม่ชํารุด ขนาดกําลังดีกับการใช้งาน
"กระถางต้นไม้สไตล์มินิมอล มี 5 สี  ขาว ดำ เทา เขียว ฟ้า มี 4 ขนาด 5,7,9,12 นิ้ว ผลิตจากพลาสติกเกรด A ทนเเดดทสฝน เหมาะสำหรับตกเเต่งบ้าน สวยงาม จัดส่งไว",จัดส่งเร็ว สวย แต่เราได้สินค้าที่น่าจะมีตําหนิเล็กน้อยเพราะฐานใส่ยากมากๆทั้งสองใบเลย ปกติฐานรองจะใส่ง่ายไม่ยากขนาดนี้ พยายามอยุ่สองวัน ก้อยังไม่ได้
"กระถางต้นไม้สไตล์มินิมอล มี 5 สี  ขาว ดำ เทา เขียว ฟ้า มี 4 ขนาด 5,7,9,12 นิ้ว ผลิตจากพลาสติกเกรด A ทนเเดดทสฝน เหมาะสำหรับตกเเต่งบ้าน สวยงาม จัดส่งไว",ทางร้านแพ็คสินค้ามาเป็นอย่างดีเหมือนเดิม และจัดส่งรวดเร็วดี กระถางเบลล่า 9 นิ้ว สีขาว ทรงสวย พลาสติกหนา ขนาดใหญ่กําลังดี โปร 25.2 ได้ส่วนลดจากร้านและลาซาด้า คุ้มดีครับ
"กระถางต้นไม้สไตล์มินิมอล มี 5 สี  ขาว ดำ เทา เขียว ฟ้า มี 4 ขนาด 5,7,9,12 นิ้ว ผลิตจากพลาสติกเกรด A ทนเเดดทสฝน เหมาะสำหรับตกเเต่งบ้าน สวยงาม จัดส่งไว",สวยงามค่ะ ตรงปกแบบที่คิดไว้ จัดส่งไวมาก ไวทันใจ เดี๋ยวเย็นนี้จะเอาดินใส่ปลูกต้นไม้ ตอนนี้รอขาตั้งอย่ทางเดียว
"กระถางต้นไม้สไตล์มินิมอล มี 5 สี  ขาว ดำ เทา เขียว ฟ้า มี 4 ขนาด 5,7,9,12 นิ้ว ผลิตจากพลาสติกเกรด A ทนเเดดทสฝน เหมาะสำหรับตกเเต่งบ้าน สวยงาม จัดส่งไว",สวยใบใหญ่มาก ดีคะ ไม่แพง ไม่ต้องออกไปหาซื้อเองสะดวกใช้ ขนส่งไว ใช้ส่วนลดแลกเหรียญ50% ได้อีกเยอะสุดคุ้มมากค่ะ
"กระถางต้นไม้สไตล์มินิมอล มี 5 สี  ขาว ดำ เทา เขียว ฟ้า มี 4 ขนาด 5,7,9,12 นิ้ว ผลิตจากพลาสติกเกรด A ทนเเดดทสฝน เหมาะสำหรับตกเเต่งบ้าน สวยงาม จัดส่งไว",สินค้าสวยดีครับแต่กระถางกับก้นกระถางไม่แน่นหลุดออกจากกันง่าย แค่จับตัวกระถางยกก้นกระถางก็หลุดแล้วครับ
"กระถางต้นไม้สไตล์มินิมอล มี 5 สี  ขาว ดำ เทา เขียว ฟ้า มี 4 ขนาด 5,7,9,12 นิ้ว ผลิตจากพลาสติกเกรด A ทนเเดดทสฝน เหมาะสำหรับตกเเต่งบ้าน สวยงาม จัดส่งไว",สีกระถางสวย จัดส่งเร็ว สินค้าจริงใบใหญ่มาก ลงน้องได้ 3 ต้นสวยเลย ร้านค้าแพคสินค้ามาดี ไม่มีเสียหาย
"กระถางต้นไม้สไตล์มินิมอล มี 5 สี  ขาว ดำ เทา เขียว ฟ้า มี 4 ขนาด 5,7,9,12 นิ้ว ผลิตจากพลาสติกเกรด A ทนเเดดทสฝน เหมาะสำหรับตกเเต่งบ้าน สวยงาม จัดส่งไว",สีเทามันเท่ดีค่ะ สั่งมาได้ใบใหญ่มากๆ น่าจะเป็นขนาดใหญ่ที่สุดแล้ว ถ้าเพื่อนๆคนไหนสนใจแนะนําร้านนี้เลยนะคะ ได้ของถูกใจค่ะ
"กระถางต้นไม้สไตล์มินิมอล มี 5 สี  ขาว ดำ เทา เขียว ฟ้า มี 4 ขนาด 5,7,9,12 นิ้ว ผลิตจากพลาสติกเกรด A ทนเเดดทสฝน เหมาะสำหรับตกเเต่งบ้าน สวยงาม จัดส่งไว",สีพาสเทลน่ารักมาก ทุกสีเลย เหมาะแก่การตั้งหน้าบ้านสวยๆ สีพาสเทลน่ารักมาก ทุกสีเลย เหมาะแก่การตั้งหน้าบ้านสวยๆ
ไมโครโฟนคอนเดนเซอร์ usb มี led เเจ้งสถานะ ขาตั้งปรับหมุนได้รอบตัว มาพร้อมกับเกลียวยึดสำหรับขาไมค์ ใช้กับอุปกรณ์ได้หลากหลาย จากเเบรนด์ hyper x,เสียงสุดยอดดีครับ เหมาะกับสายกําลังเริ่มต้นไม่ต้องลงทุนเยอะก็ได้เสียงดีใช้
ไมโครโฟนคอนเดนเซอร์ usb มี led เเจ้งสถานะ ขาตั้งปรับหมุนได้รอบตัว มาพร้อมกับเกลียวยึดสำหรับขาไมค์ ใช้กับอุปกรณ์ได้หลากหลาย จากเเบรนด์ hyper x,ดีส่งเร็วก่อนกําหนด คุณภาพใส่กันกระเเทกคุณภาพใช้งานเสียงดีเสียงไม่เเตกใช้ได้ ส่วนเรื่องระยะการใช้งานเดะมาบอกอีกทีให้5ดาวไปก่อนรวมๆเเล้วคือดีมาก
ไมโครโฟนคอนเดนเซอร์ usb มี led เเจ้งสถานะ ขาตั้งปรับหมุนได้รอบตัว มาพร้อมกับเกลียวยึดสำหรับขาไมค์ ใช้กับอุปกรณ์ได้หลากหลาย จากเเบรนด์ hyper x,เสียงดีมากๆ ส่งของไว ตัวเล็กกระทัดรัด ใช้งานง่าย เสียบกับคอมใช้ได้เลย ไม่ต้องปรับจูนเสียง
ไมโครโฟนคอนเดนเซอร์ usb มี led เเจ้งสถานะ ขาตั้งปรับหมุนได้รอบตัว มาพร้อมกับเกลียวยึดสำหรับขาไมค์ ใช้กับอุปกรณ์ได้หลากหลาย จากเเบรนด์ hyper x,ส่งไว ซื้อตอนกลางเดือนได้มา1370 เสียงชัดดีไม่ต้องเอาปากจ่อก็ได้ยิน ไม่มีไฟแสบตา
ไมโครโฟนคอนเดนเซอร์ usb มี led เเจ้งสถานะ ขาตั้งปรับหมุนได้รอบตัว มาพร้อมกับเกลียวยึดสำหรับขาไมค์ ใช้กับอุปกรณ์ได้หลากหลาย จากเเบรนด์ hyper x,เสียงดีอย่างที่หวัง ไครงบ 1900++ อันนี้ใช้ได้ครับแนะนําเลยแต่ข้อเสียคือเสียงลมเข้าไมค์ครับต้องหาแผ่นซับเสียงมาคลุมไมค์ตังหากครับ ตัวไมค์ต้องการพื้นที่วางนิดเดียวไม่เปลืองพื้นที่ครับ
ไมโครโฟนคอนเดนเซอร์ usb มี led เเจ้งสถานะ ขาตั้งปรับหมุนได้รอบตัว มาพร้อมกับเกลียวยึดสำหรับขาไมค์ ใช้กับอุปกรณ์ได้หลากหลาย จากเเบรนด์ hyper x,เยี่ยมมากๆ เสียงดี ลองสอบถามปลายสายแล้วระหว่างเสียบไมค์ กับไม่เสียบไมค์ เสียงแตกต่างกันชัดเจน
ไมโครโฟนคอนเดนเซอร์ usb มี led เเจ้งสถานะ ขาตั้งปรับหมุนได้รอบตัว มาพร้อมกับเกลียวยึดสำหรับขาไมค์ ใช้กับอุปกรณ์ได้หลากหลาย จากเเบรนด์ hyper x,ใช้แล้วเสียงดีมากๆๆๆๆๆ เหมือนเป็นคนใหม่ ไม่ใช่ตัวเอง คนทักว่าทําเสียงนุ่มขึ้น ดีขึ้น ไม่เป็นไมค์กากไมค์ก้าน
ไมโครโฟนคอนเดนเซอร์ usb มี led เเจ้งสถานะ ขาตั้งปรับหมุนได้รอบตัว มาพร้อมกับเกลียวยึดสำหรับขาไมค์ ใช้กับอุปกรณ์ได้หลากหลาย จากเเบรนด์ hyper x,สินค้าตรงปก เสียงดี ตามที่รีวิวในยูทูป แพ็คของมาดี ใส่กันกระแทก ส่งเร็ว 1-2 วัน ดีมากๆๆ
ไมโครโฟนคอนเดนเซอร์ usb มี led เเจ้งสถานะ ขาตั้งปรับหมุนได้รอบตัว มาพร้อมกับเกลียวยึดสำหรับขาไมค์ ใช้กับอุปกรณ์ได้หลากหลาย จากเเบรนด์ hyper x,ส่งของไวมากครับ บริการเรื่องการตอบข้อสงสัยดีมากครับ แพ็คของมาดี เรื่องเสียงดีมากครับ คุ้มเกินราคาครับ
ไมโครโฟนคอนเดนเซอร์ usb มี led เเจ้งสถานะ ขาตั้งปรับหมุนได้รอบตัว มาพร้อมกับเกลียวยึดสำหรับขาไมค์ ใช้กับอุปกรณ์ได้หลากหลาย จากเเบรนด์ hyper x,ไมค์ขนาดกําลังพอดี คุณภาพเกินราคา ลองใช้แล้วเพื่อนบอกว่าเสียงนุ่มมากก ชอบมากๆๆ
ไมโครโฟนคอนเดนเซอร์ usb มี led เเจ้งสถานะ ขาตั้งปรับหมุนได้รอบตัว มาพร้อมกับเกลียวยึดสำหรับขาไมค์ ใช้กับอุปกรณ์ได้หลากหลาย จากเเบรนด์ hyper x,Microphone เสียงดีค่ะ ติดตั้งง่าย ใช้งานสะดวก มีรับประกัน สินค้าส่งมาเรียบร้อยและรวดเร็วดี
ไมโครโฟนคอนเดนเซอร์ usb มี led เเจ้งสถานะ ขาตั้งปรับหมุนได้รอบตัว มาพร้อมกับเกลียวยึดสำหรับขาไมค์ ใช้กับอุปกรณ์ได้หลากหลาย จากเเบรนด์ hyper x,ได้รับสินค้าแล้ว ตัวน้องเล็กเสียงดีเกือบเท่ารุ่นพี่เลย รุ่นนี้อยากได้มานานแล้วรอ12.12ก็จัดซะเลย
ลำโพงบลูทุธกันน้ำระดับ ip67 หลากหลายสี เเบตเตอรี่ใช้งานได้นานถึง 5 ชั่วโมง ขนาดเล็ก พกพาสะดวก เสียงดี เชื่มต่อไร้สายผ่าย บลูทูธ 5.1,ประทับใจมาดครับ ของแท้แต่นอน เสียงดีเกินคาด ขนาดเล็ก แต่คุณภาพไม่เล็กนะครับ
ลำโพงบลูทุธกันน้ำระดับ ip67 หลากหลายสี เเบตเตอรี่ใช้งานได้นานถึง 5 ชั่วโมง ขนาดเล็ก พกพาสะดวก เสียงดี เชื่มต่อไร้สายผ่าย บลูทูธ 5.1,ได้รับของรวดเร็วมากเลยค่ะ ทางร้านแพคและห่อสินค้ามาให้อย่างดี ของจริงสวยมากเลยค่ะ
ลำโพงบลูทุธกันน้ำระดับ ip67 หลากหลายสี เเบตเตอรี่ใช้งานได้นานถึง 5 ชั่วโมง ขนาดเล็ก พกพาสะดวก เสียงดี เชื่มต่อไร้สายผ่าย บลูทูธ 5.1,สินค้าทําได้ดียอดเยี่ยมหระเทียมดอง เสียงดีดังวาลไกลยันหนเาปากซอยเปิดจนข้างบ้านด่ายังไม่เลิกเปิด สะใจวัยรุ่นจริงๆ
ลำโพงบลูทุธกันน้ำระดับ ip67 หลากหลายสี เเบตเตอรี่ใช้งานได้นานถึง 5 ชั่วโมง ขนาดเล็ก พกพาสะดวก เสียงดี เชื่มต่อไร้สายผ่าย บลูทูธ 5.1,ของเเท้เเน่นอน ลงรับประกันเพิ่มอีก3เดือนขนาดใหญ่กว่าที่คาด พลังเสียงถือว่าดีJBL Go3 เปิดในที่โล่งๆดังพอประมาณ
ลำโพงบลูทุธกันน้ำระดับ ip67 หลากหลายสี เเบตเตอรี่ใช้งานได้นานถึง 5 ชั่วโมง ขนาดเล็ก พกพาสะดวก เสียงดี เชื่มต่อไร้สายผ่าย บลูทูธ 5.1,หลังจากที่ฟังไปได้ระยะหนึ่งเสียงดีมาก คุ้มค่ากับเงินที่เสียไปเนื่องจากคุณภาพมาเต็มร้อยชอบใจมาก เสียงเบสออกมาดีกลางแหลมก็โอเคใช้ได้
ลำโพงบลูทุธกันน้ำระดับ ip67 หลากหลายสี เเบตเตอรี่ใช้งานได้นานถึง 5 ชั่วโมง ขนาดเล็ก พกพาสะดวก เสียงดี เชื่มต่อไร้สายผ่าย บลูทูธ 5.1,คุ้มค่ามากครับเสียงดีเกินตัว ราคาถูกมากได้มาตอนลดราคา ของเเท้เเน่นอน ลงทะเบียนรับประกันเพิ่มอีก 3 เดือน เป็น 15 เดือน
ลำโพงบลูทุธกันน้ำระดับ ip67 หลากหลายสี เเบตเตอรี่ใช้งานได้นานถึง 5 ชั่วโมง ขนาดเล็ก พกพาสะดวก เสียงดี เชื่มต่อไร้สายผ่าย บลูทูธ 5.1,ของตรงปก ของแท้แน่นอนเลขเครื่องกับกล่องตรงกันเสียงดีมาก มีประกันเพิ่มอีกสามเดือน ติดตามร้านไว้รอช่วงมีส่วนลด แล้วก็จัดเลย
ลำโพงบลูทุธกันน้ำระดับ ip67 หลากหลายสี เเบตเตอรี่ใช้งานได้นานถึง 5 ชั่วโมง ขนาดเล็ก พกพาสะดวก เสียงดี เชื่มต่อไร้สายผ่าย บลูทูธ 5.1,ส่งรวดเร็วทันใจมากๆครับ วันสองวันถึงแล้ว ตัวลําโพงเสียงดีมากๆครับ ถึงตัวจะเล็กแต่ว่าเสียงดังดีมาก แนะนําเลยครับสําหรับใครที่หาลําโพงขนาดเล็กเปิดฟังส่วนตัว เหมาะมากๆครับ
เเก้วน้ำเก็บความเย็น สเตนเลส มีหลากหลายขนาด เก็บความเย็นได้นานกว่า 24 ชั่วโมง ราคาไม่เเพง ฝาเเบบเปิดปิด เเก้วล้มเเล้วน้ำไม่หก ใช้วีสดุคุณภาพดี,กล่องเยินมานิดหน่อยพลาสติกชั้นนอกทะลุเลยแต่ของไม่เสียหาย บอกขนาด1300mlแต่ลองใส่น้ําแล้วได้ประมาณ1ลิตร ที่เหลือต้องลองว่าจะเก็บอุณหภูมิได้นานแค่ไหน โดยรวมถือว่าokครับ
เเก้วน้ำเก็บความเย็น สเตนเลส มีหลากหลายขนาด เก็บความเย็นได้นานกว่า 24 ชั่วโมง ราคาไม่เเพง ฝาเเบบเปิดปิด เเก้วล้มเเล้วน้ำไม่หก ใช้วีสดุคุณภาพดี,แก้วน้ําสวยงาม​ที่สุด​ถูก​ใจ​มาก​ แต่แก้วขนาดน่าจะไม่ถึงเ​1.3ลิตรน่ะ​ แต่สวยดีครับ​ แต่น่ะ​จะถุก​อีกหน่อย
เเก้วน้ำเก็บความเย็น สเตนเลส มีหลากหลายขนาด เก็บความเย็นได้นานกว่า 24 ชั่วโมง ราคาไม่เเพง ฝาเเบบเปิดปิด เเก้วล้มเเล้วน้ำไม่หก ใช้วีสดุคุณภาพดี,แก้วสวยคุณภาพดีใช้ได้ เก็บความเย็นได้ดีมากเลย ฝาปิดด้านบนแอบเปิด-ปิดยากนิดนึง กระดาษคาดรอบแก้วกาวไม่แน่นลอกออกง่าย
เเก้วน้ำเก็บความเย็น สเตนเลส มีหลากหลายขนาด เก็บความเย็นได้นานกว่า 24 ชั่วโมง ราคาไม่เเพง ฝาเเบบเปิดปิด เเก้วล้มเเล้วน้ำไม่หก ใช้วีสดุคุณภาพดี,แก้วใหญ่เก็บความเย็นดีเยี่ยม ราคาถูกกว่าข้างนอก แข็งแรงทนทาน ไม่มีไอน้ําเกาะรอบแก้ว ดีมากครับ
เเก้วน้ำเก็บความเย็น สเตนเลส มีหลากหลายขนาด เก็บความเย็นได้นานกว่า 24 ชั่วโมง ราคาไม่เเพง ฝาเเบบเปิดปิด เเก้วล้มเเล้วน้ำไม่หก ใช้วีสดุคุณภาพดี,ขนส่งรอประมาณ 2-3 วันไม่นานขวดน้ํามีตําหนิสีถลอกนิดนึงโดยรวมโอเคได้อยู่ลองใช้ก่อนว่าจะเก็บความเย็นได้ดีเท่าไหร่
เเก้วน้ำเก็บความเย็น สเตนเลส มีหลากหลายขนาด เก็บความเย็นได้นานกว่า 24 ชั่วโมง ราคาไม่เเพง ฝาเเบบเปิดปิด เเก้วล้มเเล้วน้ำไม่หก ใช้วีสดุคุณภาพดี,ขวดน้ําเก็บความเย็นใช้งานได้ดีค่ะ ใส่น้ําแข็งไว้ตอนเช้าเที่ยงคืนน้ําแข็งยังอยู่เลย เหมาะกับหน้าร้อนตอนนี้มาก
เเก้วน้ำเก็บความเย็น สเตนเลส มีหลากหลายขนาด เก็บความเย็นได้นานกว่า 24 ชั่วโมง ราคาไม่เเพง ฝาเเบบเปิดปิด เเก้วล้มเเล้วน้ำไม่หก ใช้วีสดุคุณภาพดี,ของดีคุณภาพดีครับก็พอใช้ครับ แต่ได้ของไม่ตรงขนาดที่สั่งครับ ได้เล็กกว่าที่เขารีวิวไว้พูดง่ายๆว่าไม่ค่อยถูกใจครับ
เเก้วน้ำเก็บความเย็น สเตนเลส มีหลากหลายขนาด เก็บความเย็นได้นานกว่า 24 ชั่วโมง ราคาไม่เเพง ฝาเเบบเปิดปิด เเก้วล้มเเล้วน้ำไม่หก ใช้วีสดุคุณภาพดี,ของสวยโอเคตรงปกอาจจะล่าสุดล่าช้ามากเลยในการส่งรอนานมากร่วมเดือนกว่าจะได้ของนานเกินไป
เเก้วน้ำเก็บความเย็น สเตนเลส มีหลากหลายขนาด เก็บความเย็นได้นานกว่า 24 ชั่วโมง ราคาไม่เเพง ฝาเเบบเปิดปิด เเก้วล้มเเล้วน้ำไม่หก ใช้วีสดุคุณภาพดี,สินค้าตรงปกคุณภาพดีมากเก็บความเย็นได้ดีตลอดทั้งวันแม้อากาศจะร้อนมาก
เเก้วน้ำเก็บความเย็น สเตนเลส มีหลากหลายขนาด เก็บความเย็นได้นานกว่า 24 ชั่วโมง ราคาไม่เเพง ฝาเเบบเปิดปิด เเก้วล้มเเล้วน้ำไม่หก ใช้วีสดุคุณภาพดี,อันนี้ใช้ดีมากครับเก็บน้ําแข็งได้นานอยู่ทั้งวันก็ยังได้ถึง 24 ชั่วโมง ok ครับแล้วบรรจุน้ําแข็งได้มากด้วย
"สมุดโน๊ตขนาก A5,A6,B5 คุณภาพดี เขียนลื่น หน้าเยอะ กระดาษถนอมสายตา มาพร้อมปกใสพลาสติก มีหลากหลายลายให้เลือก",กระดาษขาว​ ค่อนข้างบางเพราะเวลาเขียนจะเห็นหมึกอีกด้าน​ ไม่น่าจะเหมาะกับปากกาหมึกเจลและหมึกซึม จัดส่งไม่ช้ามาก
"สมุดโน๊ตขนาก A5,A6,B5 คุณภาพดี เขียนลื่น หน้าเยอะ กระดาษถนอมสายตา มาพร้อมปกใสพลาสติก มีหลากหลายลายให้เลือก",กระดาษคุณภาพดีถนอมสายตา ปกเป็นพลาสติกแข็งแรงทนทาน การเขียนลื่นเส้นคมชัด เหมาะกับงานเขียน จํานวนหน้ากระดาษเยอะสมราคา
"สมุดโน๊ตขนาก A5,A6,B5 คุณภาพดี เขียนลื่น หน้าเยอะ กระดาษถนอมสายตา มาพร้อมปกใสพลาสติก มีหลากหลายลายให้เลือก",กระดาษดี เขียนลื่น ติดง่าย ทําให้เขียนได้เป็นระเบียบมากยิ่งขึ้น จัดส่งไว ได้สินค้าตรงปก
"สมุดโน๊ตขนาก A5,A6,B5 คุณภาพดี เขียนลื่น หน้าเยอะ กระดาษถนอมสายตา มาพร้อมปกใสพลาสติก มีหลากหลายลายให้เลือก",กระดาษเนื้อดีน่าใช้มากค่ะกระดาษเนื้อดีน่าใช้มากค่ะกระดาษเนื้อดีน่าใช้มากค่ะกระดาษเนื้อดีน่าใช้มากค่ะ
"สมุดโน๊ตขนาก A5,A6,B5 คุณภาพดี เขียนลื่น หน้าเยอะ กระดาษถนอมสายตา มาพร้อมปกใสพลาสติก มีหลากหลายลายให้เลือก",กระดาษสมุดหนาดี สีกระดาษน่าใช้ ดีต่อสายตา ร้านค้าจัดส่งรวดเร็วดี
"สมุดโน๊ตขนาก A5,A6,B5 คุณภาพดี เขียนลื่น หน้าเยอะ กระดาษถนอมสายตา มาพร้อมปกใสพลาสติก มีหลากหลายลายให้เลือก",กระดาษหนาโอเคเลยค่ะ ใช้หมึกก็ไม่ซึม เนื้อผิวเรียบทําให้เขียนง่ายมาก กระดาษก็ดูขาดยากใช้ได้ถือว่าคุ้มมากๆ
"สมุดโน๊ตขนาก A5,A6,B5 คุณภาพดี เขียนลื่น หน้าเยอะ กระดาษถนอมสายตา มาพร้อมปกใสพลาสติก มีหลากหลายลายให้เลือก",ขนาดพกพา ใช้ได้ ไม่แพง แฟลชเซลส์ ราคาประหยัด ซื้อได้ ใช้จดอะไรๆ กันลืม เป็นของขวัญได้ ดีมาก
"สมุดโน๊ตขนาก A5,A6,B5 คุณภาพดี เขียนลื่น หน้าเยอะ กระดาษถนอมสายตา มาพร้อมปกใสพลาสติก มีหลากหลายลายให้เลือก",ปกพลาสติกกันน้ําอย่างดี ลายเส้นคมชัด ขนาดตรงตามที่โฆษณาเสียดายไม่มีขนาดa4
"สมุดโน๊ตขนาก A5,A6,B5 คุณภาพดี เขียนลื่น หน้าเยอะ กระดาษถนอมสายตา มาพร้อมปกใสพลาสติก มีหลากหลายลายให้เลือก",สมุดดีเกินราคาอ่ะ เย็บเล่มดี แล้วคือถูกมาก 13 บาทแมร๊ เอาไว้จดศัพท์กระปุ๊กกระปิ๊กได้ เอ้อมันเริ่ด
"สมุดโน๊ตขนาก A5,A6,B5 คุณภาพดี เขียนลื่น หน้าเยอะ กระดาษถนอมสายตา มาพร้อมปกใสพลาสติก มีหลากหลายลายให้เลือก",สมุดพกสวยสะอาดดูน่ารักดีตีเส้นแบบนี้ทําให้นึกถึงเมื่อวัยเด็ก สินค้าน่าใช้แข็งแรงมั่นคงดีไม่ก๊องแก๊งราคาถูกด้วยแนะนําเพื่อนๆเลยนะคะ
"สมุดโน๊ตขนาก A5,A6,B5 คุณภาพดี เขียนลื่น หน้าเยอะ กระดาษถนอมสายตา มาพร้อมปกใสพลาสติก มีหลากหลายลายให้เลือก",สมุดเล่มเล็กกําลังดีสามารถพกพาไปไหนมาไหนได้สะดวกง่ายต่อการใช้งานใช้เวลาปกแข็งแรงดี
"สมุดโน๊ตขนาก A5,A6,B5 คุณภาพดี เขียนลื่น หน้าเยอะ กระดาษถนอมสายตา มาพร้อมปกใสพลาสติก มีหลากหลายลายให้เลือก","สมุดส่งมาในสภาพสมบูรณ์ดีทุกเล่ม ปกพลาสติกและสันห่วงดูแข็งแรงขนาดใหญ่กําลังดีเลยค่ะสั่งสมุดโน๊ตลายหมากรุก คุณภาพสินค้าโอเค"""
สาหร่ายวากาเมะอบเเห้ง เหมาะนำไปปรุงเป็นซุปมิโสะ ยำสาหร่าย ต้มชาบู เละอีกมากมาย อร่อย เก็บได้นาน จากธรรมชาติเเท้,ลูกชายชอบมากค่ะปกติธรรมดาที่เคยสั่งร้านอื่นจะเจอชิ้นเล็กๆร้านนี้ชิ้นยาว หน้ากินค่ะ ได้เป็นลูกค้าประจําแน่นอนค่ะ
สาหร่ายวากาเมะอบเเห้ง เหมาะนำไปปรุงเป็นซุปมิโสะ ยำสาหร่าย ต้มชาบู เละอีกมากมาย อร่อย เก็บได้นาน จากธรรมชาติเเท้,ได้เยอะมาก ตอนเอาไปแช่คิดว่าน้อย พอมันพอง กินไม่หมด ต้องแบ่งแช่ตู้ไว้ ส่งเร็ว แพคมาดีมาก
สาหร่ายวากาเมะอบเเห้ง เหมาะนำไปปรุงเป็นซุปมิโสะ ยำสาหร่าย ต้มชาบู เละอีกมากมาย อร่อย เก็บได้นาน จากธรรมชาติเเท้,สาหร่ายอร่อยสาหร่ายวากาเมะสั่งแล้วแล้วเดี๋ยวจะสั่งอีกรอบผลิตภัณฑ์แพ็คมาอย่างดีสมราคาอร่อยมากค่ะ
สาหร่ายวากาเมะอบเเห้ง เหมาะนำไปปรุงเป็นซุปมิโสะ ยำสาหร่าย ต้มชาบู เละอีกมากมาย อร่อย เก็บได้นาน จากธรรมชาติเเท้,ได้รับสินค้าเรียบร้อยแล้วค่ะเส้นเหนียวนุ่มอร่อยมากเลยคั ใช้แค่นิดเดียว อิ่มตัวได้เยอะมากค่ะ
สาหร่ายวากาเมะอบเเห้ง เหมาะนำไปปรุงเป็นซุปมิโสะ ยำสาหร่าย ต้มชาบู เละอีกมากมาย อร่อย เก็บได้นาน จากธรรมชาติเเท้,อร่อยชอบเลย แต่แผ่นแอบใหญ่ไปนิด ต้องตัดแบ่งหายท่อน แผ่นยาว เวลาจะเอาออกมาแช่น้ํา ค่อยข้างยาก
สาหร่ายวากาเมะอบเเห้ง เหมาะนำไปปรุงเป็นซุปมิโสะ ยำสาหร่าย ต้มชาบู เละอีกมากมาย อร่อย เก็บได้นาน จากธรรมชาติเเท้,ดีนะคะ ห่อใหญ่ส่งเร็วดี การพองตัวก็โอเคเลยเลยจะมีแค่บางเส้นที่เกลียวแน่นมากต้องช่วยเอามือดึงออกให้เขาพองเต็มที่ เอามาทํากับข้าวอร่อยดีค่ะ
สาหร่ายวากาเมะอบเเห้ง เหมาะนำไปปรุงเป็นซุปมิโสะ ยำสาหร่าย ต้มชาบู เละอีกมากมาย อร่อย เก็บได้นาน จากธรรมชาติเเท้,เป็นก้อน เหม็ดหืนนิดหน่อยน่าจะปกติ ปริมานราคาคุ้มค่า
สาหร่ายวากาเมะอบเเห้ง เหมาะนำไปปรุงเป็นซุปมิโสะ ยำสาหร่าย ต้มชาบู เละอีกมากมาย อร่อย เก็บได้นาน จากธรรมชาติเเท้,ดีมากกกกก อร่อย นุ่มหนึบ ใส่สาหร่ายแห้งในน้ํา อุ่นในไมโครเวฟและทิ้งไว้ ซัก 10 นาที สาหร่ายขึ้นพองเต็มจาน หมดแล้วต้องสั่งอีกค่ะ!!!
ไฟโซลาเซลล์ภายนอกอาคาร กันน้ำระดับ IP67 หลอดไฟคุณภาพสูง เเบตทน มีหลากหลายความสว่าง ขาตั้งปรับองศาได้ มีรีโมตควบคุมระยะไกล ติดตั้งสะดวก,สว่างในระดับหนึ่ง ถ่ายตอนห้าทุ่มยังสว่างอยู่ ราคาไม่แพงมาก การจัดส่งรวดเร็ว พัสดุแพ็คมาดี
ไฟโซลาเซลล์ภายนอกอาคาร กันน้ำระดับ IP67 หลอดไฟคุณภาพสูง เเบตทน มีหลากหลายความสว่าง ขาตั้งปรับองศาได้ มีรีโมตควบคุมระยะไกล ติดตั้งสะดวก,สั่ง2000w สว่างพอใช้ได้ กําลังลิงใช้จะได้นานกี่ชั่วโมง มีเร่งแสง ปรับแสง ปรับสุดแล้วถือว่ายังพอรับได้
ไฟโซลาเซลล์ภายนอกอาคาร กันน้ำระดับ IP67 หลอดไฟคุณภาพสูง เเบตทน มีหลากหลายความสว่าง ขาตั้งปรับองศาได้ มีรีโมตควบคุมระยะไกล ติดตั้งสะดวก,สินค้าดีตรงตามปกขนส่งจัดส่งรวดเร็วสินค้าเหมาะกับราคาห่อสินค้ามาอย่างดีห่อกันกระแทกมาให้ด้วย
ไฟโซลาเซลล์ภายนอกอาคาร กันน้ำระดับ IP67 หลอดไฟคุณภาพสูง เเบตทน มีหลากหลายความสว่าง ขาตั้งปรับองศาได้ มีรีโมตควบคุมระยะไกล ติดตั้งสะดวก,สินค้าดีแต่ขนส่งทําแตกขอเปลี่ยนสินค้าไม่คุ้มกับเงินที่สั่งซื้อเลยแย่มาก
ไฟโซลาเซลล์ภายนอกอาคาร กันน้ำระดับ IP67 หลอดไฟคุณภาพสูง เเบตทน มีหลากหลายความสว่าง ขาตั้งปรับองศาได้ มีรีโมตควบคุมระยะไกล ติดตั้งสะดวก,หน้าปกบอก1000w สินค้าไม่น่าถึง เพราะเล็กมากแต่พอมาดูให้ละเอียดในการสั่งซื้อ กับให้เลือก
ไฟโซลาเซลล์ภายนอกอาคาร กันน้ำระดับ IP67 หลอดไฟคุณภาพสูง เเบตทน มีหลากหลายความสว่าง ขาตั้งปรับองศาได้ มีรีโมตควบคุมระยะไกล ติดตั้งสะดวก,หลอดไฟเล็กกว่าที่คิดแต่สว่างดีค่ะจิ๋วแต่แจ๋ว ถ้าใช้ดีจะสั่งเพิ่มอีกค่ะ เวลาไฟดับมีประโยชน์มากๆเลย
ไฟโซลาเซลล์ภายนอกอาคาร กันน้ำระดับ IP67 หลอดไฟคุณภาพสูง เเบตทน มีหลากหลายความสว่าง ขาตั้งปรับองศาได้ มีรีโมตควบคุมระยะไกล ติดตั้งสะดวก,เหมาะสําหรับใช้ในการให้แสงสว่างข้างนอกที่บริเวณไม่กว้างมาก ระยะเวลาที่ไฟสว่างไม่นานคงเพราะขนาดโซล่าเซลและแบตสํารองที่เล็กเกินไป
ไฟโซลาเซลล์ภายนอกอาคาร กันน้ำระดับ IP67 หลอดไฟคุณภาพสูง เเบตทน มีหลากหลายความสว่าง ขาตั้งปรับองศาได้ มีรีโมตควบคุมระยะไกล ติดตั้งสะดวก,อุปกรณ์ครบ สว่างระยะ10เมตร มองเห็นสบายๆ
กระเป๋าเงินหนังแท้ ขนาดกำลังพอดี ดีไซน์เรียบหรู หลากหลายสี การตัดเย็ยประนีตคุ้มค่ากับราคา มีช่องใส่ บัตร เเละ ธนบัตรครบครัน,กระเป๋าคือสวยมากคะตรงปกหนังนิ่มเงาสวย
กระเป๋าเงินหนังแท้ ขนาดกำลังพอดี ดีไซน์เรียบหรู หลากหลายสี การตัดเย็ยประนีตคุ้มค่ากับราคา มีช่องใส่ บัตร เเละ ธนบัตรครบครัน,กระเป๋าน่ารักดีค่า หนังนิ่ม กล่องใส่ดูดี ช่องใส่ของก็เยอะนะ แพ็คมาหนาแน่นดีค่ะ ใช้ได้นาน
กระเป๋าเงินหนังแท้ ขนาดกำลังพอดี ดีไซน์เรียบหรู หลากหลายสี การตัดเย็ยประนีตคุ้มค่ากับราคา มีช่องใส่ บัตร เเละ ธนบัตรครบครัน,กระเป๋ามีการตัดเย็บที่มีคุณภาพดีเลยค่ะ ชอบสีนี้ เรียบๆ แต่ดูแพง ช่องใส่การ์ดและธนบัตรก็มีจํานวนเยอะดี
กระเป๋าเงินหนังแท้ ขนาดกำลังพอดี ดีไซน์เรียบหรู หลากหลายสี การตัดเย็ยประนีตคุ้มค่ากับราคา มีช่องใส่ บัตร เเละ ธนบัตรครบครัน,กระเป๋าสวยค่ะ หนัง OK ตัดเย็บเรียบร้อย มีถุง กล่องใส่ดูดีค่ะกระเป๋าสวยหนังนิ่มแต่สีเข้มจากในรูปไปหน่อย
กระเป๋าเงินหนังแท้ ขนาดกำลังพอดี ดีไซน์เรียบหรู หลากหลายสี การตัดเย็ยประนีตคุ้มค่ากับราคา มีช่องใส่ บัตร เเละ ธนบัตรครบครัน,คุณภาพสินค้าดีมาก การตัดเย็บประณีต ดีไซส์เรียบ หรู ดูดี หนังนิ่มมาก ช่องใส่บัตรและใส่เงินด้านในเยอะมาก
กระเป๋าเงินหนังแท้ ขนาดกำลังพอดี ดีไซน์เรียบหรู หลากหลายสี การตัดเย็ยประนีตคุ้มค่ากับราคา มีช่องใส่ บัตร เเละ ธนบัตรครบครัน,สินค้าคุณภาพดีมาก สีสวยตรงปก หนังนิ่มมาก การบริการจากร้านค้าและขนส่งดี
กระเป๋าเงินหนังแท้ ขนาดกำลังพอดี ดีไซน์เรียบหรู หลากหลายสี การตัดเย็ยประนีตคุ้มค่ากับราคา มีช่องใส่ บัตร เเละ ธนบัตรครบครัน,สีสวย หนังนิ่ม ขนาดพอเหมาะพอดี มีที่ใส่บัตรเยอะ มีช่องใส่ธนบัตรแยกสองช่อง มีกล่องและถุงผ้าแถมมาให้ด้วย ดูหรูหรา
กระเป๋าเงินหนังแท้ ขนาดกำลังพอดี ดีไซน์เรียบหรู หลากหลายสี การตัดเย็ยประนีตคุ้มค่ากับราคา มีช่องใส่ บัตร เเละ ธนบัตรครบครัน,สีสวย ูถูกใจ หนังคุณภาพดี ช่องใส่ของเยอะมาก
กระเป๋าเงินหนังแท้ ขนาดกำลังพอดี ดีไซน์เรียบหรู หลากหลายสี การตัดเย็ยประนีตคุ้มค่ากับราคา มีช่องใส่ บัตร เเละ ธนบัตรครบครัน,หนังนิ่มดี พร้อมมีการ์ดรับแระกันมาด้วย ราคาดีมากแต่ใช้เวลานานไปหน่อยกว่าจะจัดส่ง
กระเป๋าเงินหนังแท้ ขนาดกำลังพอดี ดีไซน์เรียบหรู หลากหลายสี การตัดเย็ยประนีตคุ้มค่ากับราคา มีช่องใส่ บัตร เเละ ธนบัตรครบครัน,โอเคดีนะ หนังนิ่มสวยดี แต่สีอ่อนกว่าในรูปที่ลงขายไปนิดนึง คิดว่าจะออกฟ้ากว่านี้ ของจริงเหมือนอมเขียวมากกว่าฟ้า
"Microsoft Xbox Black Controller เป็นคอนโทรลเลอร์ไร้สายสำหรับ Xbox และ PC มีดีไซน์ปรับปรุงใหม่ ปุ่มแชร์ D-pad แบบไฮบริด ใช้งานได้กับ Xbox Series X|S, Xbox One, Windows 10/11 PC และสลับเชื่อมต่อระหว่างอุปกรณ์ได้ง่าย",สินค้าแพคมาดีมาก ๆ ลองใช้แล้วใช้งานดีมากคุ้มค่ากับราคา ติดที่ขนส่ง ส่งช้ามาก ถ้าเปลี่ยนขนส่งได้จะดีมาก
"Microsoft Xbox Black Controller เป็นคอนโทรลเลอร์ไร้สายสำหรับ Xbox และ PC มีดีไซน์ปรับปรุงใหม่ ปุ่มแชร์ D-pad แบบไฮบริด ใช้งานได้กับ Xbox Series X|S, Xbox One, Windows 10/11 PC และสลับเชื่อมต่อระหว่างอุปกรณ์ได้ง่าย",เป็นครั้งแรกที่ใช้ joystick ต้องใช้เวลาฝึกในการชินอีกหน่อย ใช่ง่ายสะบายมือ ของแท้คุ้มค่าราคาถูกใจ ส่งไวมากๆ
"Microsoft Xbox Black Controller เป็นคอนโทรลเลอร์ไร้สายสำหรับ Xbox และ PC มีดีไซน์ปรับปรุงใหม่ ปุ่มแชร์ D-pad แบบไฮบริด ใช้งานได้กับ Xbox Series X|S, Xbox One, Windows 10/11 PC และสลับเชื่อมต่อระหว่างอุปกรณ์ได้ง่าย",ใช้เวลารอรับไม่นาน กล่องสภาพดี ไม่บุบ สินค้าใช้งานได้ปกติดี ครบตามที่ระบุ
"Microsoft Xbox Black Controller เป็นคอนโทรลเลอร์ไร้สายสำหรับ Xbox และ PC มีดีไซน์ปรับปรุงใหม่ ปุ่มแชร์ D-pad แบบไฮบริด ใช้งานได้กับ Xbox Series X|S, Xbox One, Windows 10/11 PC และสลับเชื่อมต่อระหว่างอุปกรณ์ได้ง่าย",สภาพสมบูรณ์ครบ สดใหม่ตระการตา ต่อคอมพิวเตอร์ปุ๊บ เล่นได้ปั๊บ window 10 สบายๆเลย ไม่ต้องตั้งค่าอะไรสะดวกเกินปุยมุ้ย
"Microsoft Xbox Black Controller เป็นคอนโทรลเลอร์ไร้สายสำหรับ Xbox และ PC มีดีไซน์ปรับปรุงใหม่ ปุ่มแชร์ D-pad แบบไฮบริด ใช้งานได้กับ Xbox Series X|S, Xbox One, Windows 10/11 PC และสลับเชื่อมต่อระหว่างอุปกรณ์ได้ง่าย",ของดีจริงครับ แนะนําสําหรับคนที่ใช้ Joy บน PC เพราะเชื่อมต่อง่าย และปุ่มเกมส่วนใหญ่ใน steam มันก็เหมือนกับจอย Xbox
"Microsoft Xbox Black Controller เป็นคอนโทรลเลอร์ไร้สายสำหรับ Xbox และ PC มีดีไซน์ปรับปรุงใหม่ ปุ่มแชร์ D-pad แบบไฮบริด ใช้งานได้กับ Xbox Series X|S, Xbox One, Windows 10/11 PC และสลับเชื่อมต่อระหว่างอุปกรณ์ได้ง่าย",ใช้ดีครับ แต่แนะนําสําหรับคนที่จะซื้อนะครับให้ซื้อเคสมาเก็บจอยกับซิลิโคลนไว้ใช้ก็ดีครับ สําหรับคนที่ห่วงว่ามีซิลิโคนแล้วฝุ่นไม่แกะหรอแนะนํานะครับ
"Microsoft Xbox Black Controller เป็นคอนโทรลเลอร์ไร้สายสำหรับ Xbox และ PC มีดีไซน์ปรับปรุงใหม่ ปุ่มแชร์ D-pad แบบไฮบริด ใช้งานได้กับ Xbox Series X|S, Xbox One, Windows 10/11 PC และสลับเชื่อมต่อระหว่างอุปกรณ์ได้ง่าย",บรรจุหีบส่งช้านิดหน่อย แต่พอจัดส่ง ขนส่งส่งได้เร็ว ตัวจอยใช้งานได้ดี ปุ่มกดได้ง่าย นิ่มนวลดีมาก เชื่อมต่อ Bluetooth บนวินโดวง่าย กดเชื่อมต่อวินโดวขึ้นแจ้งเชื่อมต่อให้เลยสะดวก
"Microsoft Xbox Black Controller เป็นคอนโทรลเลอร์ไร้สายสำหรับ Xbox และ PC มีดีไซน์ปรับปรุงใหม่ ปุ่มแชร์ D-pad แบบไฮบริด ใช้งานได้กับ Xbox Series X|S, Xbox One, Windows 10/11 PC และสลับเชื่อมต่อระหว่างอุปกรณ์ได้ง่าย",ใช้เล่นเกมดีลื่นไหลไม่ติดขัด เสียบแล้วเล่นได้เลยไม่ต้องลงโปรแกรมเพิ่มค่ะ ขนส่งกลางๆไม่ช้าไม่เร็วรอได้ สบายๆ
"Microsoft Xbox Black Controller เป็นคอนโทรลเลอร์ไร้สายสำหรับ Xbox และ PC มีดีไซน์ปรับปรุงใหม่ ปุ่มแชร์ D-pad แบบไฮบริด ใช้งานได้กับ Xbox Series X|S, Xbox One, Windows 10/11 PC และสลับเชื่อมต่อระหว่างอุปกรณ์ได้ง่าย","ของมาถึงโดยปลอดภัย ลอยใช้งานแล้วยังไม่เจอปัญหาอะไร ต่อบลูธูดกับคอมก็เล่นไม่ดีเลย์ด้วย ถึงช่องถ่านจะเปิดยากไปหน่อยก็เถอะ""Microsoft Xbox Black Controller เป็นคอนโทรลเลอร์ไร้สายสำหรับ Xbox และ PC มีดีไซน์ปรับปรุงใหม่ ปุ่มแชร์ D-pad แบบไฮบริด ใช้งานได้กับ Xbox Series X|S", Xbox One," Windows 10/11 PC และสลับเชื่อมต่อระหว่างอุปกรณ์ได้ง่าย""",
