‡∏ö‡∏£‡∏£‡∏à‡∏∏‡∏†‡∏±‡∏ì‡∏ë‡πå‡∏°‡∏≤‡∏î‡∏µ‡∏Ñ‡∏∞|fake
‡∏Ç‡∏≠‡∏á‡πÑ‡∏°‡πà‡∏ä‡πç‡∏≤‡∏£‡∏∏‡∏î‡∏´‡∏£‡∏∑‡∏≠‡πÄ‡∏™‡∏µ‡∏¢‡∏´‡∏≤‡∏¢‡πÄ‡∏•‡∏¢‡∏ñ‡∏∑‡∏≠‡∏ß‡πà‡∏≤‡∏î‡∏µ‡∏°‡∏≤‡∏Å!|fake
‡πÑ‡∏î‡πâ‡∏Ç‡∏≠‡∏á‡πÉ‡∏´‡∏°‡πà‡πÄ‡∏•‡∏¢‡πÅ‡∏Å‡∏£ ‡∏£‡∏≤‡∏Ñ‡∏≤‡∏î‡∏µ|fake
‡πÑ‡∏î‡πâ‡∏£‡∏±‡∏ö‡∏Ç‡∏≠‡∏á‡πÅ‡∏•‡πâ‡∏ß ‡∏ï‡∏≤‡∏°‡∏£‡∏≤‡∏¢‡∏Å‡∏≤‡∏£‡∏™‡∏±‡πà‡∏á‡∏ã‡∏∑‡πâ‡∏≠ ‡πÑ‡∏î‡πâ‡∏£‡∏±‡∏ö‡∏Ç‡∏≠‡∏á‡πÅ‡∏•‡πâ‡∏ß ‡∏ï‡∏≤‡∏°‡∏£‡∏≤‡∏¢‡∏Å‡∏≤‡∏£‡∏™‡∏±‡πà‡∏á‡∏ã‡∏∑‡πâ‡∏≠‡πÑ‡∏î‡πâ‡∏£‡∏±‡∏ö‡∏Ç‡∏≠‡∏á‡πÅ‡∏•‡πâ‡∏ß ‡∏ï‡∏≤‡∏°‡∏£‡∏≤‡∏¢‡∏Å‡∏≤‡∏£‡∏™‡∏±‡πà‡∏á‡∏ã‡∏∑‡πâ‡∏≠|fake
‡∏™‡πà‡∏á‡πÄ‡∏£‡πá‡∏ß‡∏°‡∏≤‡∏Å‡∏Ñ‡πà‡∏∞ ‡∏™‡∏¥‡∏ô‡∏Ñ‡πâ‡∏≤‡∏≠‡∏¢‡∏π‡πà‡πÉ‡∏ô‡∏™‡∏†‡∏≤‡∏û‡∏î‡∏µ ‡∏£‡∏≤‡∏Ñ‡∏≤‡∏ñ‡∏π‡∏Å‡∏Å‡∏ß‡πà‡∏≤‡πÅ‡∏≠‡∏õ‡∏™‡πâ‡∏° ‡πÅ‡∏ô‡∏∞‡∏ô‡πç‡∏≤‡πÄ‡∏•‡∏¢‡∏Ñ‡πà‡∏∞ ‡∏Ñ‡∏∏‡πâ‡∏°‡∏°‡∏≤‡∏Å‡πÜ ‡∏û‡∏ô‡∏±‡∏Å‡∏á‡∏≤‡∏ô‡∏Ç‡∏ô‡∏™‡πà‡∏á‡∏Å‡πá‡∏û‡∏π‡∏î‡∏à‡∏≤‡∏î‡∏µ|fake
‡∏¢‡∏±‡∏á‡πÑ‡∏°‡πà‡πÑ‡∏î‡πâ‡πÅ‡∏•‡πà‡∏ô‡πÅ‡∏ï‡πà‡∏Å‡∏≤‡∏£‡πÄ‡∏û‡πá‡∏Ñ‡∏Ç‡∏≠‡∏á‡∏Ñ‡∏∑‡∏≠‡∏î‡∏µ ‡∏Ç‡∏≠‡∏á‡∏™‡πà‡∏á‡πÑ‡∏ß‡∏°‡∏≤‡∏Å|fake
‡∏™‡∏¥‡∏ô‡∏Ñ‡πâ‡∏≤‡∏î‡∏µ‡∏£‡∏≤‡∏Ñ‡∏≤‡πÑ‡∏°‡πà‡πÅ‡∏û‡∏á‡∏£‡πâ‡∏≤‡∏ô‡∏Ñ‡πâ‡∏≤‡∏à‡∏±‡∏î‡∏™‡πà‡∏á‡∏™‡∏¥‡∏ô‡∏Ñ‡πâ‡∏≤‡∏£‡∏ß‡∏î‡πÄ‡∏£‡πá‡∏ß‡∏î‡∏µ‡∏Ç‡∏ô‡∏™‡πà‡∏á‡∏ö‡∏£‡∏¥‡∏Å‡∏≤‡∏£‡∏î‡∏µ‡πÅ‡∏•‡∏∞‡∏à‡∏±‡∏î‡∏™‡πà‡∏á‡πÄ‡∏£‡πá‡∏ß‡∏Ñ‡πà‡∏∞‡πÜ|fake
‡∏Ç‡∏≠‡∏á‡∏°‡∏≤‡∏ñ‡∏∂‡∏á‡πÅ‡∏•‡πâ‡∏ß ‡∏Ç‡∏≠‡∏á‡∏°‡∏≤‡∏ñ‡∏∂‡∏á‡∏†‡∏≤‡∏¢‡πÉ‡∏ô5‡∏ß‡∏±‡∏ô ‡∏Ç‡πà‡∏ô‡∏™‡πà‡∏á‡∏ö‡∏£‡∏¥‡∏Å‡∏≤‡∏£‡∏î‡∏µ‡∏°‡∏≤‡∏Å ‡∏Ç‡∏≠‡∏á‡πÅ‡∏û‡πá‡∏Ñ‡∏°‡∏≤‡∏î‡∏µ‡πÉ‡∏™‡πà‡∏Å‡∏±‡∏ô‡∏Å‡∏£‡∏∞‡πÅ‡∏ó‡∏Å‡∏°‡∏≤‡∏´‡∏ô‡∏≤‡∏°‡∏≤‡∏Å ‡πÑ‡∏°‡πà‡∏°‡∏µ‡∏ä‡∏¥‡πâ‡∏ô‡πÑ‡∏´‡∏ô‡πÄ‡∏™‡∏µ‡∏¢‡∏´‡∏≤‡∏¢‡πÄ‡∏•‡∏¢ ‡πÇ‡∏î‡∏¢‡∏£‡∏ß‡∏°‡∏î‡∏£‡∏°‡∏≤‡∏Å‡∏Ñ‡∏£‡∏±‡∏ö|fake
‡πÄ‡∏•‡πà‡∏°‡∏ß‡∏¥‡∏ò‡∏µ‡∏Å‡∏≤‡∏£‡πÄ‡∏•‡πà‡∏ô‡∏â‡∏ö‡∏±‡∏ö‡∏™‡∏°‡∏ö‡∏π‡∏£‡∏ì‡πå‡πÅ‡∏•‡∏∞‡∏ß‡∏¥‡∏ò‡∏µ‡πÄ‡∏•‡πà‡∏ô‡πÄ‡∏ö‡∏∑‡πâ‡∏≠‡∏á‡∏ï‡πâ‡∏ô ‡πÇ‡∏î‡∏¢‡∏£‡∏ß‡∏°‡∏°‡∏µ‡∏Ñ‡πç‡∏≤‡∏ú‡∏¥‡∏î‡πÄ‡∏¢‡∏≠‡∏∞‡∏≠‡∏¢‡∏π‡πà‡∏Ñ‡πà‡∏∞ ‡πÅ‡∏ï‡πà‡∏Å‡πá‡πÑ‡∏°‡πà‡πÑ‡∏î‡πâ‡∏°‡∏≤‡∏Å‡∏°‡∏≤‡∏¢‡∏≠‡∏∞‡πÑ‡∏£ ‡πÅ‡∏•‡∏∞‡∏û‡∏≠‡∏à‡∏∞‡∏≠‡πà‡∏≤‡∏ô‡πÄ‡∏Ç‡πâ‡∏≤‡πÉ‡∏à‡∏≠‡∏¢‡∏π‡πà ‡∏£‡∏π‡∏õ‡∏õ‡∏£‡∏∞‡∏Å‡∏≠‡∏ö‡∏™‡∏ß‡∏¢ ‡∏≠‡∏ò‡∏¥‡∏ö‡∏≤‡∏¢‡∏î‡∏µ ‡πÅ‡∏ï‡πà‡πÉ‡∏´‡πâ‡∏ó‡∏µ‡πà‡∏´‡πà‡∏≠‡∏°‡∏≤‡πÄ‡∏¢‡∏≠‡∏∞‡∏°‡∏≤‡∏Å ‡πÉ‡∏ä‡πâ‡πÑ‡∏°‡πà‡∏´‡∏°‡∏î‡∏Ñ‡πà‡∏∞ 555555|fake
‡∏á‡∏≤‡∏ô‡∏î‡∏µ ‡πÅ‡∏ï‡πà‡∏ú‡∏°‡∏ô‡∏±‡∏ö‡∏Å‡∏≤‡∏£‡πå‡∏î‡πÑ‡∏î‡πâ 77 ‡πÉ‡∏ö ‡∏£‡∏ß‡∏°‡∏Å‡∏≤‡∏£‡πå‡∏î‡∏û‡∏¥‡πÄ‡∏®‡∏© 6 ‡πÉ‡∏ö‡πÅ‡∏•‡πâ‡∏ß ‡∏≠‡∏∑‡∏°‡∏°‡∏°‡∏°‡∏°‡∏°‡∏°‡∏° ‡πÅ‡∏ï‡πà‡∏Å‡πá‡πÄ‡∏•‡πà‡∏ô‡πÑ‡∏î‡πâ‡∏î‡∏µ‡∏Ñ‡∏£‡∏±‡∏ö ‡∏õ‡∏•.‡πÅ‡∏ô‡∏∞‡∏ô‡πç‡∏≤‡πÉ‡∏´‡πâ‡∏ã‡∏∑‡πâ‡∏≠‡πÅ‡∏õ‡∏•‡πÑ‡∏ó‡∏¢‡πÄ‡∏•‡∏¢‡∏≠‡∏ò‡∏¥‡∏ö‡∏≤‡∏¢‡∏Å‡∏é ‡πÄ‡∏û‡∏£‡∏≤‡∏∞ ‡πÅ‡∏Ñ‡πà‡∏Å‡∏≤‡∏£‡πå‡∏î ‡∏≠‡∏ò‡∏¥‡∏ö‡∏≤‡∏¢‡∏Å‡∏é‡πÑ‡∏°‡πà‡πÑ‡∏î‡πâ‡∏´‡∏°‡∏î ‡∏ï‡πâ‡∏≠‡∏á‡πÄ‡∏õ‡∏¥‡∏î‡∏ß‡∏¥‡∏ò‡∏µ‡πÄ‡∏•‡πà‡∏ô‡πÑ‡∏õ‡∏î‡πâ‡∏ß‡∏¢ ‡∏ñ‡πâ‡∏≤‡∏†‡∏≤‡∏©‡∏≤‡πÑ‡∏ó‡∏¢‡∏à‡∏∞‡∏á‡πà‡∏≤‡∏¢‡πÅ‡∏•‡∏∞‡πÄ‡∏Ç‡πâ‡∏≤‡πÉ‡∏à‡πÑ‡∏î‡πâ‡πÄ‡∏£‡πá‡∏ß‡∏Å‡∏ß‡πà‡∏≤ ‡πÅ‡∏ï‡πà‡∏ñ‡πâ‡∏≤‡πÉ‡∏Ñ‡∏£‡∏Ñ‡∏•‡πà‡∏≠‡∏á ‡∏†‡∏≤‡∏©‡∏≤‡∏≠‡∏±‡∏á‡∏Å‡∏§‡∏©‡∏Å‡∏§‡∏©‡∏Å‡πá‡∏à‡∏±‡∏î‡πÑ‡∏î‡πâ‡∏ï‡∏≤‡∏°‡∏™‡∏∞‡∏î‡∏ß‡∏Å.|fake
‡∏î‡∏µ‡∏Ñ‡πà‡∏≤‡∏≤‡∏™‡∏ô‡∏∏‡∏Å‡∏°‡∏≤‡∏Å‡πÄ‡∏•‡πà‡∏ô‡πÑ‡∏î‡πâ‡∏´‡∏•‡∏≤‡∏¢‡∏Ñ‡∏ô‡∏•‡∏∞‡∏Å‡πá‡∏ö‡∏ó‡∏ö‡∏≤‡∏ó‡πÄ‡∏¢‡∏≠‡∏∞‡∏°‡∏≤‡∏Å‡∏°‡∏µ‡∏ó‡∏±‡πâ‡∏á‡∏´‡∏°‡∏î75‡πÉ‡∏ö ‡∏£‡∏≤‡∏¢‡∏•‡∏∞‡πÄ‡∏≠‡∏µ‡∏¢‡∏î‡∏ö‡∏≠‡∏Å‡∏´‡∏°‡∏î‡πÄ‡∏•‡∏¢‡πÅ‡∏•‡∏∞‡∏ß‡∏¥‡∏ò‡∏µ‡∏Å‡∏≤‡∏£‡πÄ‡∏•‡πà‡∏ô‡πÅ‡∏ï‡πà‡πÅ‡∏Ñ‡πà‡πÄ‡∏õ‡πá‡∏ô‡∏†‡∏≤‡∏©‡∏≤‡∏≠‡∏±‡∏á‡∏Å‡∏§‡∏©‡∏£‡∏ß‡∏°‡πÜ‡πÅ‡∏•‡πâ‡∏ß‡∏Ñ‡∏∑‡∏≠‡∏î‡∏µüëçüèªüëçüèªüëçüèª|fake
‡∏£‡πâ‡∏≤‡∏ô‡∏Ñ‡πâ‡∏≤‡∏à‡∏±‡∏î‡∏™‡πà‡∏á‡∏™‡∏¥‡∏ô‡∏Ñ‡πâ‡∏≤‡πÑ‡∏î‡πâ‡πÑ‡∏ß‡∏°‡∏≤‡∏Å‡∏Ñ‡πà‡∏∞ ‡∏£‡∏≠‡πÑ‡∏°‡πà‡∏ô‡∏≤‡∏ô ‡πÅ‡∏û‡∏Ñ‡∏°‡∏≤‡∏î‡∏µ‡∏°‡∏≤‡∏Å‡πÜ ‡πÄ‡∏î‡πá‡∏Å‡∏ä‡∏≠‡∏ö  ‡∏£‡∏≤‡∏Ñ‡∏≤‡πÑ‡∏°‡πà‡πÅ‡∏û‡∏á ‡∏°‡∏µ‡∏™‡πà‡∏ß‡∏ô‡∏•‡∏î‡πÉ‡∏ä‡πâ‡πÇ‡∏Ñ‡πâ‡∏î‡πÑ‡∏î‡πâ ‡∏Ñ‡∏∏‡πâ‡∏°‡∏£‡∏≤‡∏Ñ‡∏≤‡∏Ñ‡πà‡∏∞|fake
‡πÄ‡∏´‡∏°‡∏≤‡∏∞‡∏™‡πç‡∏≤‡∏´‡∏£‡∏±‡∏ö‡∏Ñ‡∏∑‡∏ô‡πÄ‡∏•‡πà‡∏ô‡πÄ‡∏Å‡∏°|fake
‡∏™‡∏¥‡∏ô‡∏Ñ‡πâ‡∏≤‡πÄ‡∏•‡πà‡∏ô‡∏á‡πà‡∏≤‡∏¢ ‡∏™‡∏∞‡∏î‡∏ß‡∏Å‡∏ï‡πà‡∏≠‡∏Å‡∏≤‡∏£‡πÄ‡∏•‡πà‡∏ô‡∏°‡∏≤‡∏Å‡∏Ñ‡πà‡∏∞ ‡∏Ç‡∏ô‡∏™‡πà‡∏á‡∏Å‡πá‡∏î‡∏µ‡∏Ç‡∏≠‡∏á‡πÑ‡∏°‡πà‡∏ä‡πç‡∏≤‡∏£‡∏∏‡∏î ‡πÄ‡∏Å‡∏°‡∏Å‡πá‡πÄ‡∏•‡πà‡∏ô‡∏á‡πà‡∏≤‡∏¢ ‡∏†‡∏≤‡∏û‡∏ä‡∏±‡∏î ‡∏ï‡∏±‡∏ß‡∏´‡∏ô‡∏±‡∏á‡∏™‡∏∑‡∏≠‡∏Å‡πá‡∏ä‡∏±‡∏î|fake
‡∏Å‡∏≤‡∏£‡πå‡∏î‡πÄ‡πÄ‡∏Ç‡πá‡∏á‡πÄ‡πÄ‡∏£‡∏á‡∏°‡∏≤‡∏Å ‡∏†‡∏≤‡∏û‡∏™‡∏ß‡∏¢‡πÄ‡πâ‡∏ß‡∏¢|fake
‡∏ñ‡∏π‡∏Å‡πÅ‡∏•‡∏∞‡∏î‡∏µ‡∏Ñ‡πà‡∏∞‡∏™‡∏µ‡∏™‡∏ß‡∏¢‡∏Å‡∏ß‡πà‡∏≤‡∏ó‡∏µ‡πà‡∏Ñ‡∏¥‡∏î‡πÄ‡∏¢‡∏≠‡∏∞‡πÄ‡∏•‡∏¢‡∏ä‡∏≠‡∏ö‡∏°‡∏≤‡∏Å‡∏Å|fake
‡∏î‡∏µ‡∏°‡∏≤‡∏Å‡∏Å|fake
‡πÄ‡∏•‡πà‡∏ô‡∏Å‡∏±‡∏ö‡πÄ‡∏û‡∏∑‡πà‡∏≠‡∏ô‡πÑ‡∏î‡πâ‡πÄ‡∏¢‡∏≠‡∏∞‡πÄ‡∏•‡πà‡∏ô‡πÑ‡∏î‡πâ‡∏´‡∏•‡∏≤‡∏¢‡∏Ñ‡∏ô‡∏°‡∏≤‡∏Å|fake
‡πÇ‡∏≠‡πÄ‡∏Ñ‡∏°‡∏µ‡∏ï‡πç‡∏≤‡∏´‡∏ô‡∏¥‡∏ô‡∏¥‡∏î‡∏´‡∏ô‡πà‡∏≠‡∏¢|fake
‡∏î‡∏µ‡∏°‡∏≤‡∏Å ‡πÅ‡∏û‡πá‡∏Ñ‡∏™‡∏¥‡∏ô‡∏Ñ‡πâ‡∏≤‡∏°‡∏≤‡∏≠‡∏¢‡πà‡∏≤‡∏á‡πÄ‡∏£‡∏µ‡∏¢‡∏ö‡∏£‡πâ‡∏≠‡∏¢|fake
‡∏™‡∏ß‡∏°‡πÄ‡∏õ‡∏ô‡∏ï‡∏±‡∏ß‡∏•‡∏∞‡∏Ñ‡∏ô‡∏ó‡∏µ‡πà‡∏°‡∏µ‡∏ö‡∏ó‡∏ö‡∏≤‡∏ó‡πÅ‡∏ï‡∏Å‡∏ï‡πà‡∏≤‡∏á‡∏Å‡∏±‡∏ô ‡πÄ‡∏•‡πà‡∏ô‡∏Å‡∏±‡∏ö‡πÄ‡∏û‡∏∑‡πà‡∏≠‡∏ô ‡πÜ ‡πÑ‡∏°‡πà‡πÄ‡∏ö‡∏∑‡πà‡∏≠‡πÅ‡∏ô‡πà|fake
‡∏≠‡∏¢‡∏≤‡∏Å‡πÄ‡∏•‡πà‡∏ô‡πÅ‡∏•‡πâ‡∏ß‡∏ï‡∏¥‡∏î‡∏≠‡∏¢‡πà‡∏≤‡∏á‡πÄ‡∏î‡∏±‡∏¢‡∏™‡∏ï‡πâ‡∏≠‡∏á‡∏£‡∏≠‡πÄ‡∏û‡∏∑‡πà‡∏≠‡∏ô‡πÜ ‡∏Å‡∏•‡πà‡∏≠‡∏á‡πÑ‡∏°‡πà‡∏û‡∏±‡∏á‡πÄ‡∏•‡∏¢ ‡∏™‡∏ß‡∏¢‡∏á‡∏≤‡∏° ‡πÄ‡∏¢‡∏µ‡πà‡∏¢‡∏° ‡∏ä‡∏≠‡∏ö ‡∏≠‡∏¢‡∏≤‡∏Å‡πÑ‡∏î‡πâ‡πÄ‡∏Å‡πá‡∏°‡∏≠‡∏∑‡πà‡∏ô‡πÜ‡∏≠‡∏µ‡∏Å|fake
‡∏Ç‡∏≠‡∏á‡∏ï‡∏£‡∏á‡∏õ‡∏Å ‡πÅ‡∏ï‡πà‡∏ó‡πç‡∏≤‡πÑ‡∏°‡πÑ‡∏°‡πà‡∏°‡∏µ‡∏ã‡∏≠‡∏á‡πÉ‡∏´‡πâ‡πÉ‡∏™‡πà‡∏Å‡∏≤‡∏£‡πå‡∏î‡πÅ‡∏ï‡πà‡∏•‡∏∞‡πÉ‡∏ö|fake
‡πÑ‡∏î‡πâ‡∏£‡∏±‡∏ö‡∏Ç‡∏≠‡∏á‡πÅ‡∏•‡πâ‡∏ß‡∏Ñ‡∏£‡∏±‡∏ö‡∏î‡∏µ‡∏°‡∏≤‡∏Å‡∏î‡∏µ‡∏°‡∏≤‡∏Å‡πÄ‡∏•‡∏¢ Easy to learn and play,|fake
‡πÑ‡∏î‡πâ‡∏£‡∏±‡∏ö‡∏™‡∏¥‡∏ô‡∏Ñ‡πâ‡∏≤‡πÄ‡∏£‡∏µ‡∏¢‡∏ö‡∏£‡πâ‡∏≠‡∏¢ ‡πÅ‡∏•‡πâ‡∏ß‡∏ô‡∏∞‡∏Ñ‡∏±‡∏ö ‡∏™‡∏¥‡∏ô‡∏Ñ‡πâ‡∏≤‡∏î‡∏µ‡∏ï‡∏£‡∏á‡∏ï‡∏≤‡∏°‡∏ó‡∏µ‡πà‡πÅ‡∏à‡πâ‡∏á‡πÑ‡∏ß‡πâ‡∏£‡∏≤‡∏Ñ‡∏≤‡∏î‡∏µ ‡∏Ç‡∏ô‡∏™‡πà‡∏á‡∏£‡∏ß‡∏î‡πÄ‡∏£‡πá‡∏ß‡πÅ‡∏ô‡∏∞‡∏ô‡πç‡∏≤‡∏£‡πâ‡∏≤‡∏ô‡∏ô‡∏µ‡πâ|fake
‡πÑ‡∏î‡πâ‡∏£‡∏±‡∏ö‡∏Ç‡∏≠‡∏á‡πÅ‡∏•‡πâ‡∏ß‡∏Ñ‡πà‡∏∞  ‡∏ï‡∏≠‡∏ô‡πÅ‡∏£‡∏Å‡∏ï‡∏Å‡πÉ‡∏à‡πÄ‡∏û‡∏£‡∏≤‡∏∞‡πÉ‡∏™‡πà‡∏ñ‡∏∏‡∏á‡∏°‡∏≤‡∏ó‡∏±‡πâ‡∏á‡πÜ‡∏ó‡∏µ‡πà‡∏Ç‡∏≠‡∏á‡πÄ‡∏õ‡πá‡∏ô‡∏Å‡∏•‡πà‡∏≠‡∏á  ‡πÅ‡∏ï‡πà‡πÄ‡∏õ‡∏¥‡∏î‡∏≠‡∏≠‡∏Å‡∏°‡∏≤‡∏™‡∏†‡∏≤‡∏û‡∏Ç‡∏≠‡∏á‡∏ô‡∏±‡∏á‡∏î‡∏µ‡∏≠‡∏¢‡∏π‡πà‡∏Ñ‡πà‡∏∞ ‡πÑ‡∏°‡πà‡πÄ‡∏™‡∏µ‡∏¢‡∏´‡∏≤‡∏¢  ‡∏¢‡∏±‡∏á‡πÑ‡∏°‡πà‡πÑ‡∏î‡πâ‡∏•‡∏≠‡∏á‡πÄ‡∏õ‡∏¥‡∏î‡∏î‡∏π‡∏Ç‡πâ‡∏≤‡∏á‡πÉ‡∏ô‡πÅ‡∏ï‡πà‡∏Ñ‡∏¥‡∏î‡∏ß‡πà‡∏≤‡πÇ‡∏≠‡πÄ‡∏Ñ|fake
‡πÄ‡∏Å‡∏°‡∏™‡πå‡∏™‡∏ô‡∏∏‡∏Å‡∏°‡∏≤‡∏Å‡πÑ‡∏î‡πâ‡∏™‡πà‡∏ß‡∏ô‡∏•‡∏î‡πÄ‡∏¢‡∏≠‡∏∞‡∏î‡πâ‡∏ß‡∏¢‡πÄ‡∏≠‡∏≤‡πÑ‡∏õ‡πÄ‡∏•‡πà‡∏ô‡∏Å‡∏±‡∏ö‡πÄ‡∏û‡∏∑‡πà‡∏≠‡∏ô‡πÜ‡∏™‡∏ô‡∏∏‡∏Å‡∏™‡∏∏‡∏î‡πÜ‡πÄ‡∏•‡∏¢‡∏Ç‡∏≠‡∏á‡∏™‡πà‡∏á‡πÄ‡∏£‡πá‡∏ß‡∏ó‡∏±‡∏ô‡πÉ‡∏à‡πÑ‡∏°‡πà‡∏ï‡πâ‡∏≠‡∏á‡∏£‡∏≠‡∏ô‡∏≤‡∏ô|fake
‡πÑ‡∏î‡πâ‡∏£‡∏±‡∏ö‡∏™‡∏¥‡∏ô‡∏Ñ‡πâ‡∏≤‡πÅ‡∏•‡πâ‡∏ß‡∏Ñ‡πà‡∏∞‡∏™‡∏±‡πà‡∏á‡πÅ‡∏•‡πâ‡∏ß‡∏ß‡∏±‡∏ô‡πÄ‡∏î‡∏µ‡∏¢‡∏ß‡∏ñ‡∏∂‡∏á‡πÄ‡∏•‡∏¢‡πÑ‡∏ß‡∏°‡∏≤‡∏Å‡πÜ‡∏´‡∏•‡∏≤‡∏ô‡∏™‡∏≤‡∏ß‡∏ä‡∏≠‡∏ö‡∏°‡∏≤‡∏Å‡πÄ‡∏•‡∏¢‡∏Ñ‡πà‡∏∞‡∏Ñ‡∏∑‡∏≠‡∏≠‡∏∞‡πÑ‡∏£‡∏Å‡πá‡πÑ‡∏°‡πà‡∏£‡∏π‡πâ‡πÄ‡∏´‡∏°‡∏∑‡∏≠‡∏ô‡∏Å‡∏±‡∏ô 555|fake
‡∏£‡∏≤‡∏Ñ‡∏≤‡∏ñ‡∏π‡∏Å‡∏î‡∏µ ‡∏à‡∏±‡∏î‡∏™‡πà‡∏á‡πÄ‡∏£‡πá‡∏ß‡∏î‡πâ‡∏ß‡∏¢ ‡∏à‡∏±‡∏î‡∏™‡πà‡∏á‡∏Ñ‡∏£‡∏ö‡∏ï‡∏≤‡∏°‡∏ó‡∏µ‡πà‡∏™‡∏±‡πà‡∏á‡∏ó‡∏∏‡∏Å‡∏≠‡∏≠‡πÄ‡∏î‡∏≠‡∏£‡πå‡πÄ‡∏•‡∏¢ ‡∏£‡∏≤‡∏Ñ‡∏≤‡∏î‡∏µ ‡∏Ñ‡∏∏‡πâ‡∏°‡∏Ñ‡πà‡∏∞ ‡∏™‡∏±‡πà‡∏á‡πÄ‡∏•‡∏¢‡πÜ‡πÜ‡πÜ ‡πÇ‡∏î‡∏¢‡∏£‡∏ß‡∏°‡∏Ñ‡∏∑‡∏≠‡∏î‡∏µ‡∏°‡∏≤‡∏Å|fake
‡∏î‡∏µ‡∏°‡∏≤‡∏Å‚Äã ‡∏Ç‡∏≠‡∏á‡∏™‡πà‡∏á‡πÄ‡∏£‡πá‡∏ß‡∏°‡∏≤‡∏Å‚Äã 2‡∏ß‡∏±‡∏ô‡∏°‡∏≤‡∏™‡πà‡∏á‡πÄ‡∏•‡∏¢‚Äã ‡∏™‡∏¥‡∏ô‡∏Ñ‡πâ‡∏≤‡πÅ‡∏û‡∏Ñ‡∏°‡∏≤‡∏î‡∏µ‚Äã ‡∏Å‡∏•‡πà‡∏≠‡∏á‡∏°‡∏≤‡∏™‡∏°‡∏ö‡∏π‡∏£‡∏ì‡πå‡πÄ‡∏•‡∏¢‚Äã‡∏•‡∏π‡∏Å‡πÄ‡∏•‡πà‡∏ô‡∏ó‡∏∏‡∏Å‡∏ß‡∏±‡∏ô‡πÄ‡∏•‡∏¢|fake
‡∏Ç‡∏ô‡∏™‡πà‡∏á‡∏°‡∏≤‡πÄ‡∏£‡πá‡∏ß‡∏°‡∏≤‡∏Å‡∏Ñ‡πà‡∏≤ ‡∏Å‡∏•‡πà‡∏≠‡∏á‡∏û‡∏±‡∏™‡∏î‡∏∏‡∏ñ‡∏π‡∏Å‡πÄ‡∏à‡∏≤‡∏∞ ‡πÅ‡∏ï‡πà‡∏Ç‡πâ‡∏≤‡∏á‡πÉ‡∏ô‡πÑ‡∏°‡πà‡∏°‡∏µ‡∏£‡∏≠‡∏¢‡∏Ñ‡πà‡∏∞ ‡∏¢‡∏±‡∏á‡πÑ‡∏°‡πà‡πÑ‡∏î‡πâ‡πÅ‡∏Å‡∏∞‡∏î‡∏π‡∏†‡∏≤‡∏¢‡πÉ‡∏ô‡πÄ‡∏Å‡∏°‡∏™‡πå  ‡∏´‡πà‡∏≠‡∏ö‡∏±‡∏ö‡πÄ‡∏ö‡∏¥‡πâ‡∏•‡∏°‡∏≤1‡∏ä‡∏±‡πâ‡∏ô|fake
‡∏™‡∏±‡πà‡∏á‡∏ã‡∏∑‡πâ‡∏≠‡πÄ‡∏õ‡πá‡∏ô‡∏Ñ‡∏£‡∏±‡πâ‡∏á‡∏ó‡∏µ‡πà 2 ‡πÅ‡∏•‡πâ‡∏ß‡∏Ñ‡πà‡∏∞ ‡πÑ‡∏°‡πà‡∏ú‡∏¥‡∏î‡∏´‡∏ß‡∏±‡∏á‡πÄ‡∏•‡∏¢|fake
‡πÑ‡∏î‡πâ‡∏Ç‡∏≠‡∏á‡πÄ‡∏£‡πá‡∏ß‡∏°‡∏≤‡∏Å‡∏Å ‡πÄ‡∏£‡∏¥‡∏®‡πÄ‡∏ß‡πà‡∏≠‡∏£‡πå ‡∏Å‡∏£‡∏∏‡∏ö‡πÜ‡∏Ñ‡πà‡∏∞|fake
‡∏™‡πà‡∏á‡πÄ‡∏£‡πá‡∏ß‡πÑ‡∏°‡πà‡∏°‡∏µ‡∏Ç‡∏≠‡∏á‡πÄ‡∏™‡∏µ‡∏¢‡∏´‡∏≤‡∏¢|fake
‡∏Ç‡∏≠‡∏á‡∏™‡πà‡∏á‡πÄ‡∏£‡πá‡∏ß‡∏°‡∏≤‡∏Å‡∏Ñ‡∏±‡∏ö‡∏™‡∏¥‡∏ô‡∏Ñ‡πâ‡∏≤‡∏õ‡∏Å‡∏ï‡∏¥‡∏î‡∏µ‡πÑ‡∏°‡πà‡∏°‡∏µ‡∏£‡∏¥‡∏¢‡∏Ñ‡∏±‡∏ö|fake
‡πÑ‡∏°‡πà‡πÄ‡∏™‡∏µ‡∏¢‡∏´‡∏≤‡∏¢‡∏£‡∏≠‡∏ö‡∏´‡∏ô‡πâ‡∏≤‡∏≠‡∏≤‡∏à‡πÑ‡∏î‡πâ‡∏Å‡∏•‡∏±‡∏ö‡∏°‡∏≤‡∏™‡∏±‡πà‡∏á‡∏≠‡∏µ‡∏Å‡∏ó‡∏∏‡∏Å‡∏≠‡∏¢‡πà‡∏≤‡∏á‡∏Ñ‡∏£‡∏ö‡πÑ‡∏°‡πà‡∏°‡∏µ‡∏≠‡∏∞‡πÑ‡∏£‡πÄ‡∏™‡∏µ‡∏¢‡∏´‡∏≤‡∏¢‡πÄ‡∏•‡πà‡∏ô‡∏™‡∏ô‡∏∏‡∏Å‡πÅ‡∏ï‡πà‡πÑ‡∏î‡πâ‡∏Å‡∏≤‡∏ï‡πÄ‡∏™‡∏µ‡∏¢‡∏°‡∏≤‡∏™‡∏≤‡∏°‡πÉ‡∏ö|fake
‡∏ó‡∏≤‡∏á‡∏£‡πâ‡∏≤‡∏ô‡∏à‡∏±‡∏î‡∏™‡πà‡∏á‡∏™‡∏¥‡∏ô‡∏Ñ‡πâ‡∏≤‡πÑ‡∏ß ‡∏Ç‡∏ô‡∏™‡πà‡∏á‡∏ö‡∏£‡∏¥‡∏Å‡∏≤‡∏£‡∏î‡∏µ ‡∏™‡∏¥‡∏ô‡∏Ñ‡πâ‡∏≤‡πÑ‡∏î‡πâ‡∏£‡∏±‡∏ö‡πÉ‡∏ô‡∏™‡∏†‡∏≤‡∏û‡∏î‡∏µ‡πÑ‡∏°‡πà‡∏°‡∏µ‡πÄ‡∏™‡∏µ‡∏¢‡∏´‡∏≤‡∏¢‡∏Ñ‡πà‡∏∞‡∏ã‡∏∑‡πâ‡∏≠‡∏°‡∏≤‡∏ä‡∏≠‡∏á‡πÄ‡∏•‡πà‡∏ô‡∏Å‡∏±‡∏ö‡πÄ‡∏û‡∏∑‡πà‡∏≠‡∏ô‡πÜ ‡πÑ‡∏õ‡πÄ‡∏à‡∏≠‡πÉ‡∏ô Youtube ‡∏°‡∏≤‡∏ó‡πç‡∏≤‡πÉ‡∏´‡πâ‡∏≠‡∏¢‡∏≤‡∏Å‡∏•‡∏≠‡∏á‡πÄ‡∏•‡πà‡∏ô‡πÄ‡∏•‡∏¢ 55555 ‡πÑ‡∏ß‡πâ‡∏°‡∏µ‡πÇ‡∏≠‡∏Å‡∏≤‡∏™‡∏à‡∏∞‡∏°‡∏≤‡∏≠‡∏∏‡∏î‡∏´‡∏ô‡∏∏‡∏ô‡πÉ‡∏´‡∏°‡πà‡∏à‡πâ‡∏≤|fake
‡∏¢‡∏≠‡∏î‡πÄ‡∏¢‡∏µ‡πà‡∏¢‡∏°‡∏Å‡∏£‡∏∞‡πÄ‡∏ó‡∏µ‡∏¢‡∏°‡∏î‡∏≠‡∏á‡∏™‡∏¥‡∏ô‡∏Ñ‡πâ‡∏≤‡∏ï‡∏£‡∏á‡∏õ‡∏Å‡∏à‡∏±‡∏î‡∏™‡πà‡∏á‡∏î‡∏µ‡∏à‡∏±‡∏î‡∏™‡πà‡∏á‡πÑ‡∏ß‡∏£‡∏≤‡∏Ñ‡∏≤‡πÇ‡∏õ‡∏£‡πÇ‡∏°‡∏ä‡∏±‡πà‡∏ô‡∏ñ‡∏π‡∏Å‡∏Ñ‡∏∏‡πâ‡∏°‡∏£‡∏≤‡∏Ñ‡∏≤‡∏°‡∏≤‡∏Å|fake
‡∏à‡∏±‡∏î‡∏™‡πà‡∏á‡πÑ‡∏ß ‡∏™‡∏¥‡∏ô‡∏Ñ‡πâ‡∏≤‡πÅ‡∏û‡πä‡∏Ñ‡∏°‡∏≤‡∏Ñ‡πà‡∏≠‡∏ô‡∏Ç‡πâ‡∏≤‡∏á‡∏î‡∏µ ‡πÅ‡∏ï‡πà‡πÄ‡∏ô‡∏∑‡πà‡∏≠‡∏á‡∏à‡∏≤‡∏Å‡∏¢‡∏±‡∏á‡πÑ‡∏°‡πà‡πÑ‡∏î‡πâ‡πÅ‡∏Å‡∏∞‡πÉ‡∏ä‡πâ ‡πÄ‡∏ö‡∏∑‡πâ‡∏≠‡∏á‡∏ï‡πâ‡∏ô‡∏´‡∏≤‡∏Å‡πÑ‡∏î‡πâ‡πÉ‡∏ä‡πâ‡πÅ‡∏•‡πâ‡∏ß‡∏à‡∏∞‡∏°‡∏≤‡∏≠‡∏±‡∏û‡πÄ‡∏î‡∏ï‡∏Ñ‡∏£‡∏±‡∏ö|fake
‡∏Ñ‡∏∏‡∏ì‡∏†‡∏≤‡∏û‡∏™‡∏¥‡∏ô‡∏Ñ‡πâ‡∏≤‡∏î‡∏µ‡∏°‡∏≤‡∏Å ‡∏Ñ‡∏£‡∏ö‡∏ñ‡πâ‡∏ß‡∏ô ‡∏´‡πà‡∏≠‡∏°‡∏≤‡πÇ‡∏≠‡πÄ‡∏Ñ‡∏™‡∏¥‡∏ô‡∏Ñ‡πâ‡∏≤‡πÑ‡∏°‡πà‡πÄ‡∏™‡∏µ‡∏¢‡∏´‡∏≤‡∏¢ ‡∏à‡∏±‡∏î‡∏™‡πà‡∏á‡πÄ‡∏£‡πá‡∏ß‡∏°‡∏≤‡∏Å 3 ‡∏ß‡∏±‡∏ô‡πÑ‡∏î‡πâ‡∏™‡∏¥‡∏ô‡∏Ñ‡πâ‡∏≤|fake
‡∏î‡∏µ‡∏°‡∏≤‡∏Å‡πÄ‡πÄ‡∏∏‡∏ó‡∏†‡∏ñ‡∏π‡∏Å‡∏î‡πâ‡∏ß‡∏¢‡πÑ‡∏ß‡∏î‡πâ‡∏ß‡∏¢ ‡∏™‡πà‡∏á‡πÑ‡∏ß‡πÄ‡πÄ‡∏ñ‡∏°‡∏¢‡∏±‡∏á‡∏°‡∏µ‡∏Å‡∏≤‡∏£‡∏´‡πà‡∏≠‡∏î‡πâ‡∏≤‡∏ô‡∏ô‡∏≠‡∏Å‡πÄ‡πÄ‡∏•‡∏∞‡πÉ‡∏ô|fake
‡∏™‡∏ô‡∏∏‡∏Å‡∏°‡∏≤‡∏Å‡∏Ñ‡πà‡∏∞ ‡πÄ‡∏•‡πà‡∏ô‡πÑ‡∏î‡πâ‡∏´‡∏•‡∏≤‡∏¢‡∏Ñ‡∏ô ‡∏ö‡∏ó‡πÄ‡∏¢‡∏≠‡∏∞ ‡πÑ‡∏°‡πà‡πÄ‡∏ö‡∏∑‡πà‡∏≠‡πÄ‡∏•‡∏¢ ‡πÅ‡∏û‡∏Ñ‡∏°‡∏≤‡∏î‡∏µ ‡∏™‡∏°‡∏£‡∏≤‡∏Ñ‡∏≤ ‡πÑ‡∏°‡πà‡πÅ‡∏û‡∏á‡∏°‡∏≤‡∏Å‡∏Å‡∏≤‡∏£‡πå‡∏î‡∏ñ‡∏∑‡∏≠‡∏ß‡πà‡∏≤‡∏î‡∏π‡∏î‡∏µ ‡πÑ‡∏°‡πà‡πÅ‡∏¢‡πà|fake
‡πÑ‡∏î‡πâ‡∏£‡∏±‡∏ö‡∏™‡∏¥‡∏ô‡∏Ñ‡πâ‡∏≤‡∏Ñ‡∏£‡∏ö‡∏ñ‡πâ‡∏ß‡∏ô ‡∏à‡∏±‡∏î‡∏™‡πà‡∏á‡∏°‡∏≤‡∏≠‡∏¢‡πà‡∏≤‡∏á‡∏î‡∏µ ‡πÑ‡∏°‡πà‡∏°‡∏µ‡∏°‡∏µ‡πÄ‡∏™‡∏µ‡∏¢‡∏´‡∏≤‡∏¢‡∏Ñ‡πà‡∏∞ ‡∏£‡∏≠‡πÑ‡∏°‡πà‡∏ô‡∏≤‡∏ô ‡∏û‡∏ô‡∏±‡∏Å‡∏á‡∏≤‡∏ô‡∏à‡∏±‡∏î‡∏™‡πà‡∏á‡∏ö‡∏£‡∏¥‡∏Å‡∏≤‡∏£‡∏î‡∏µ ‡∏Å‡∏•‡πà‡∏≠‡∏á‡πÉ‡∏´‡∏ç‡πà‡∏Ñ‡πà‡∏∞|fake
‡∏ï‡∏≤‡∏°‡∏õ‡∏Å ‡∏Å‡∏•‡πà‡∏≠‡∏á‡∏™‡∏ß‡∏¢ ‡∏™‡πà‡∏á‡πÑ‡∏ß ‡∏ô‡πà‡∏≤‡πÄ‡∏•‡πà‡∏ô‡∏°‡∏≤‡∏Å‡∏Ñ‡πà‡∏∞|fake
‡∏™‡πà‡∏á‡πÄ‡∏£‡πá‡∏ß ‡∏Ç‡∏≠‡∏á‡∏Ñ‡∏£‡∏ö ‡πÅ‡∏•‡∏∞ ‡∏£‡∏≤‡∏Ñ‡∏≤‡∏î‡∏µ‡∏Ñ‡πà‡∏∞|fake
‡∏Å‡∏•‡πà‡∏≠‡∏á‡πÅ‡∏•‡∏∞‡∏Ç‡∏≠‡∏á‡∏Ç‡πâ‡∏≤‡∏á‡πÉ‡∏ô‡∏°‡∏µ‡∏™‡∏†‡∏≤‡∏û‡∏ó‡∏µ‡πà‡∏î‡∏µ‡πÄ‡∏¢‡∏µ‡πà‡∏¢‡∏°|fake
‡∏™‡πà‡∏á‡∏Ç‡∏≠‡∏á‡∏°‡∏≤‡πÄ‡∏£‡πá‡∏ß‡∏°‡∏≤‡∏Å‡∏™‡∏±‡πà‡∏á‡∏Ç‡∏≠‡∏á‡∏°‡∏≤‡πÑ‡∏°‡πà‡∏Å‡∏µ‡πà‡∏ß‡∏±‡∏ô‡∏Å‡πá‡∏ñ‡∏∂‡∏á‡∏õ‡∏•‡∏≤‡∏¢‡∏ó‡∏≤‡∏á‡πÅ‡∏•‡πâ‡∏ß ‡πÅ‡∏û‡πá‡∏Ñ‡∏Å‡∏¥‡πâ‡∏á‡∏°‡∏≤‡πÅ‡∏ô‡πà‡∏ô‡∏´‡∏ô‡∏≤‡πÑ‡∏°‡πà‡∏°‡∏µ‡∏ö‡∏∏‡∏Å‡πÄ‡∏•‡∏¢‡∏Ñ‡∏£‡∏±‡∏ö|fake
‡∏î‡∏µ‡∏°‡∏≤‡∏Å‡∏Ç‡∏≠‡∏á‡πÑ‡∏°‡πà‡πÄ‡∏™‡∏µ‡∏¢‡∏´‡∏≤‡∏¢|fake
‡πÑ‡∏î‡πâ‡∏£‡∏±‡∏ö‡∏Ç‡∏≠‡∏á‡πÄ‡πÄ‡∏•‡πâ‡∏ß‡∏Ñ‡∏£‡∏±‡∏ö ‡πÑ‡∏°‡πà‡∏°‡∏µ‡∏ï‡πç‡∏≤‡∏´‡∏ô‡∏¥‡∏Ñ‡∏£‡∏±‡∏ö ‡∏Å‡∏≤‡∏£‡πå‡∏î‡∏™‡∏ß‡∏¢‡πÑ‡∏°‡πà‡∏°‡∏µ‡∏Ç‡∏≤‡∏î‡∏™‡∏†‡∏≤‡∏û‡∏î‡∏µ‡∏Ñ‡∏£‡∏±‡∏ö ‡∏£‡∏ß‡∏°‡πÜ‡∏ñ‡∏∑‡∏≠‡∏ß‡πà‡∏≤‡∏î‡∏µ‡∏°‡∏≤‡∏Å‡πÜ‡∏Ñ‡∏£‡∏±‡∏ö :D|fake
‡∏™‡∏†‡∏≤‡∏û‡∏î‡∏µ‡πÇ‡∏≠‡πÄ‡∏Ñ‡πÄ‡∏•‡∏¢|fake
‡∏Å‡∏•‡πà‡∏≠‡∏á‡∏°‡∏µ‡∏£‡∏≠‡∏¢|fake
‡πÅ‡∏û‡∏Ñ‡∏Ç‡∏≠‡∏á‡∏°‡∏≤‡∏î‡∏µ ‡πÑ‡∏î‡πâ‡∏£‡∏±‡∏ö‡πÉ‡∏ô‡∏™‡∏†‡∏≤‡∏û‡πÄ‡∏£‡∏µ‡∏¢‡∏ö‡∏£‡πâ‡∏≠‡∏¢ ‡∏™‡πà‡∏á‡∏Ç‡∏≠‡∏á‡πÑ‡∏ß‡∏°‡∏≤‡∏Å ‡∏™‡∏±‡πà‡∏á‡∏™‡∏≤‡∏°‡∏ß‡∏±‡∏ô‡πÑ‡∏î‡πâ‡∏Ç‡∏≠‡∏á‡πÄ‡∏•‡∏¢ ‡∏¢‡∏±‡∏á‡πÑ‡∏°‡πà‡πÑ‡∏î‡πâ‡πÅ‡∏Å‡∏∞‡πÄ‡∏•‡πà‡∏ô‡πÅ‡∏ï‡πà‡∏Ñ‡∏¥‡∏î‡∏ß‡πà‡∏≤‡∏õ‡∏Å‡∏ï‡∏¥|fake
‡∏™‡∏ß‡∏¢‡∏á‡∏≤‡∏° ‡∏Ç‡∏≠‡∏á‡∏™‡πà‡∏á‡πÑ‡∏ß ‡πÑ‡∏°‡πà‡∏°‡∏µ‡∏ä‡πç‡∏≤‡∏£‡∏∏‡∏î ‡πÉ‡∏Ñ‡∏£‡∏Å‡πç‡∏≤‡∏•‡∏±‡∏á‡∏°‡∏≠‡∏á‡∏´‡∏≤‡∏£‡πâ‡∏≤‡∏ô‡∏ã‡∏∑‡πâ‡∏≠ ‡πÅ‡∏ô‡∏∞‡∏ô‡πç‡∏≤‡∏£‡πâ‡∏≤‡∏ô‡∏ô‡∏µ‡πâ‡πÄ‡∏•‡∏¢‡∏Ñ‡∏±‡∏ö|fake
‡∏û‡∏±‡∏™‡∏î‡∏∏‡∏™‡πà‡∏á‡πÄ‡∏£‡πá‡∏ß‡∏°‡∏≤‡∏Å‡∏Ñ‡πà‡∏∞ ‡∏™‡∏±‡πà‡∏á‡∏ß‡∏±‡∏ô‡∏ó‡∏µ‡πà 8 ‡∏Ç‡∏≠‡∏á‡∏ñ‡∏∂‡∏á‡∏ß‡∏±‡∏ô‡∏ó‡∏µ‡πà 10|fake
‡∏™‡πà‡∏á‡πÄ‡∏£‡πá‡∏ß ‡πÑ‡∏î‡πâ‡∏£‡∏±‡∏ö‡∏Ñ‡∏£‡∏ö‡∏ï‡∏≤‡∏°‡∏ó‡∏µ‡πà‡∏™‡∏±‡πà‡∏á ‡∏™‡∏¥‡∏ô‡∏Ñ‡πâ‡∏≤‡∏≠‡∏¢‡∏π‡πà‡πÉ‡∏ô‡∏™‡∏†‡∏≤‡∏û‡∏î‡∏µ ‡∏£‡∏≤‡∏Ñ‡∏≤‡∏ñ‡∏π‡∏Å‡∏Å‡∏ß‡πà‡∏≤‡πÅ‡∏≠‡∏õ‡∏™‡πâ‡∏° ‡∏î‡∏µ‡∏á‡∏≤‡∏° ‡∏™‡∏±‡πà‡∏á‡∏ö‡πà‡∏≠‡∏¢ ‡∏Ñ‡∏£‡∏±‡πâ‡∏á‡∏Å‡πà‡∏≠‡∏ô‡∏™‡πà‡∏á‡∏°‡∏≤‡πÑ‡∏°‡πà‡∏Ñ‡∏£‡∏ö ‡∏Å‡πá‡∏™‡πà‡∏á‡∏°‡∏≤‡πÉ‡∏´‡πâ‡πÄ‡∏û‡∏¥‡πà‡∏°‡∏≠‡∏¢‡πà‡∏≤‡∏á‡πÄ‡∏£‡πá‡∏ß|fake
‡∏Ñ‡∏∏‡∏ì‡∏†‡∏≤‡∏û‡∏™‡∏¥‡∏ô‡∏Ñ‡πâ‡∏≤‡∏î‡∏µ ‡πÅ‡∏û‡πá‡∏Ñ‡∏°‡∏≤‡∏≠‡∏¢‡πà‡∏≤‡∏á‡∏î‡∏µ ‡πÑ‡∏°‡πà‡∏°‡∏µ‡∏£‡∏≠‡∏¢‡∏Å‡∏≤‡∏£‡∏Å‡∏£‡∏∞‡πÅ‡∏ó‡∏Å ‡πÉ‡∏ä‡πâ‡∏ß‡∏•‡∏≤‡πÉ‡∏ô‡∏Å‡∏≤‡∏£‡∏à‡∏±‡∏î‡∏™‡πà‡∏á‡πÑ‡∏°‡πà‡∏ô‡∏≤‡∏ô ‡∏õ‡∏£‡∏∞‡∏°‡∏≤‡∏ì 2 ‡∏ß‡∏±‡∏ô‡∏ó‡πç‡∏≤‡∏Å‡∏≤‡∏£ ‡πÑ‡∏î‡πâ‡∏£‡∏±‡∏ö‡∏™‡∏¥‡∏ô‡∏Ñ‡πâ‡∏≤‡πÄ‡∏£‡∏µ‡∏¢‡∏ö‡∏£‡πâ‡∏≠‡∏¢|fake
‡∏™‡πà‡∏á‡πÄ‡∏£‡πá‡∏ß‡∏°‡∏≤‡∏Å‡∏Ñ‡πà‡∏∞‡∏ä‡∏≠‡∏ö‡πÜ|fake
‡∏à‡∏±‡∏î‡∏™‡πà‡∏á‡πÄ‡∏£‡∏µ‡∏¢‡∏ö‡∏£‡πâ‡∏≠‡∏¢‡∏î‡∏µ‡∏Ñ‡πà‡∏∞ ‡πÅ‡∏û‡∏Ñ‡∏™‡∏¥‡∏ô‡∏Ñ‡πâ‡∏≤‡∏°‡∏≤‡∏î‡∏µ‡πÑ‡∏°‡πà‡∏°‡∏µ‡∏≠‡∏∞‡πÑ‡∏£‡πÄ‡∏™‡∏µ‡∏¢‡∏´‡∏≤‡∏¢ ‡∏à‡∏±‡∏î‡∏£‡∏ß‡∏î‡πÄ‡∏£‡πá‡∏ß‡∏î‡∏µ‡∏°‡∏≤‡∏Å‡πÑ‡∏°‡πà‡∏°‡∏µ‡∏õ‡∏±‡∏ç‡∏´‡∏≤ ‡∏á‡∏≤‡∏ô‡∏î‡∏µ‡∏Ñ‡∏∏‡∏ì‡∏†‡∏≤‡∏û‡∏î‡∏µ‡∏°‡∏≤‡∏Å‡∏Ñ‡πà‡∏∞|fake
‡∏î‡∏µ‡∏Ñ‡πà‡∏∞ ‡πÄ‡∏•‡πà‡∏ô‡πÑ‡∏î‡πâ‡∏´‡∏•‡∏≤‡∏¢‡∏Ñ‡∏ô ‡∏™‡∏ô‡∏∏‡∏Å‡∏â‡πà‡πç‡∏≤|fake
‡∏à‡∏±‡∏î‡∏™‡πà‡∏á‡πÄ‡∏£‡πá‡∏ß‡∏°‡∏≤‡∏Å ‡∏´‡πà‡∏≠‡∏°‡∏≤‡∏î‡∏µ ‡πÑ‡∏°‡πà‡∏°‡∏µ‡∏≠‡∏∞‡πÑ‡∏£‡πÄ‡∏™‡∏µ‡∏¢‡∏´‡∏≤‡∏¢‡∏Ñ‡∏£‡∏±‡∏ö ‡∏™‡∏±‡πà‡∏á‡πÄ‡∏°‡∏∑‡πà‡∏≠‡∏ß‡∏≤‡∏ô ‡∏ß‡∏±‡∏ô‡∏ô‡∏µ‡πâ‡∏°‡∏≤‡∏™‡πà‡∏á|fake
‡∏Ñ‡∏∏‡∏ì‡∏†‡∏≤‡∏û‡∏Ñ‡∏∏‡∏ì‡∏†‡∏≤‡∏û:‡∏™‡∏¥‡∏ô‡∏Ñ‡πâ‡∏≤‡∏î‡∏µ‡∏£‡∏≤‡∏Ñ‡∏≤:‡∏£‡∏≤‡∏Ñ‡∏≤‡πÄ‡∏´‡∏°‡∏≤‡∏∞‡∏™‡∏°‡πÄ‡∏ß‡∏•‡∏≤:‡πÄ‡∏ß‡∏•‡∏≤‡πÉ‡∏ô‡∏Å‡∏≤‡∏£‡∏à‡∏±‡∏î‡∏™‡πà‡∏á‡πÄ‡∏ß‡∏•‡∏≤‡πÉ‡∏ô‡∏Å‡∏≤‡∏£‡∏à‡∏±‡∏î‡∏™‡πà‡∏á‡πÑ‡∏°‡πà‡∏ä‡πâ‡∏≤‡πÑ‡∏°‡πà‡πÄ‡∏£‡πá‡∏ß‡∏Å‡∏≤‡∏£‡∏Ç‡∏ô‡∏™‡πà‡∏á‡∏™‡∏¥‡∏ô‡∏Ñ‡πâ‡∏≤:‡∏Å‡∏≤‡∏£‡∏Ç‡∏ô‡∏™‡πà‡∏á‡πÑ‡∏°‡πà‡πÄ‡∏™‡∏µ‡∏¢‡∏´‡∏≤‡∏¢‡∏£‡∏∞‡∏î‡∏±‡∏ö‡∏Ñ‡∏ß‡∏≤‡∏°‡∏û‡∏≠‡πÉ‡∏à:‡∏û‡∏≠‡πÉ‡∏à‡∏°‡∏≤‡∏Å...‡πÑ‡∏ß‡πâ‡∏°‡∏µ‡πÇ‡∏≠‡∏Å‡∏≤‡∏™‡∏à‡∏∞‡∏™‡∏±‡πà‡∏á‡∏£‡πâ‡∏≤‡∏ô‡∏ô‡∏µ‡πâ‡∏≠‡∏µ‡∏Å‡∏Ñ‡πà‡∏∞|fake
‡∏Ç‡∏ô‡∏™‡πà‡∏á‡∏£‡∏ß‡∏î‡πÄ‡∏£‡πá‡∏ß‡∏™‡∏¥‡∏ô‡∏Ñ‡πâ‡∏≤‡∏ï‡∏£‡∏á‡∏õ‡∏Å‡∏Ñ‡∏£‡∏±‡∏ö ‡πÅ‡∏û‡πá‡∏Ñ‡∏°‡∏≤‡∏î‡∏µ‡πÅ‡∏ô‡∏∞‡∏ô‡πç‡∏≤‡∏£‡πâ‡∏≤‡∏ô‡∏ô‡∏µ‡πâ‡∏Ñ‡∏£‡∏±‡∏ö|fake
‡∏î‡∏µ‡∏°‡∏≤‡∏Å‡πÄ‡∏•‡∏¢‡∏Ñ‡∏£‡∏±‡∏ö ‡∏ñ‡πâ‡∏≤‡∏°‡∏µ‡∏ß‡∏¥‡∏ò‡∏µ‡πÄ‡∏•‡πà‡∏ô‡∏†‡∏≤‡∏©‡∏≤‡πÑ‡∏ó‡∏¢‡πÉ‡∏´‡πâ‡∏î‡πâ‡∏ß‡∏¢‡∏à‡∏∞‡∏î‡∏µ‡∏°‡∏≤‡∏Å‡∏Ñ‡∏£‡∏±‡∏ö|fake
‡∏™‡πà‡∏á‡∏Ç‡∏≠‡∏á‡πÑ‡∏ß‡∏°‡∏≤‡∏Å ‡∏™‡∏¥‡∏ô‡∏Ñ‡πâ‡∏≤‡∏Ñ‡∏∏‡πâ‡∏°‡∏£‡∏≤‡∏Ñ‡∏≤|fake
‡∏™‡∏¥‡∏ô‡∏Ñ‡πâ‡∏≤‡πÅ‡∏û‡πá‡∏Ñ‡∏™‡πà‡∏á‡∏°‡∏≤‡∏î‡∏µ ‡πÑ‡∏°‡πà‡πÄ‡∏™‡∏µ‡∏¢‡∏´‡∏≤‡∏¢‡πÄ‡∏•‡∏¢‡∏£‡∏ß‡∏°‡πÜ‡∏Ñ‡∏∑‡∏≠‡∏î‡∏µ‡∏°‡∏≤‡∏Å‡πÜ|fake
‡∏™‡πà‡∏á‡πÑ‡∏ß‡∏î‡∏µ‡∏Ñ‡πà‡∏∞ 3‡∏ß‡∏±‡∏ô‡∏ñ‡∏∂‡∏á  ‡∏Ç‡πâ‡∏≤‡∏á‡πÉ‡∏ô‡∏Å‡∏•‡πà‡∏≠‡∏á‡∏ñ‡∏∑‡∏≠‡∏ß‡πà‡∏≤‡∏î‡∏µ‡πÄ‡∏•‡∏¢‡∏Ñ‡πà‡∏≠‡∏ô‡∏Ç‡πâ‡∏≤‡∏á‡πÇ‡∏≠‡πÄ‡∏Ñ ‡πÅ‡∏ô‡∏∞‡∏ô‡πç‡∏≤‡∏£‡πâ‡∏≤‡∏ô‡∏ô‡∏µ‡πâ‡∏ô‡∏∞‡∏Ñ‡∏∞‚ò∫Ô∏è|fake
‡∏î‡∏µ‡∏°‡∏≤‡∏Å‡∏ä‡∏≠‡∏ö‡∏°‡∏≤‡∏Å‡∏Ç‡∏≠‡∏ö‡∏Ñ‡∏∏‡∏ì‡∏Ñ‡∏£‡∏±‡∏ö|fake
‡∏™‡πà‡∏á‡πÄ‡∏£‡πá‡∏ß‡∏°‡∏≤‡∏Å‡∏Ñ‡πà‡∏∞ ‡∏£‡∏≤‡∏Ñ‡∏≤‡∏ñ‡∏π‡∏Å‡∏î‡πâ‡∏ß‡∏¢|fake
‡∏à‡∏±‡∏î‡∏™‡πà‡∏á‡πÑ‡∏°‡πà‡∏ä‡πâ‡∏≤ ‡πÑ‡∏°‡πà‡πÄ‡∏£‡πá‡∏ß‡∏Ñ‡∏£‡∏±‡∏ö ‡∏™‡∏¥‡∏ô‡∏Ñ‡πâ‡∏≤‡πÅ‡∏û‡πá‡∏Ñ‡πÉ‡∏™‡πà‡∏ñ‡∏∏‡∏á‡∏°‡∏≤ ‡∏ï‡∏±‡∏ß‡∏Å‡∏•‡πà‡∏≠‡∏á‡πÑ‡∏°‡πà‡πÄ‡∏™‡∏µ‡∏¢‡∏´‡∏≤‡∏¢‡∏Ñ‡∏£‡∏±‡∏ö ‡∏™‡πà‡∏ß‡∏ô‡πÅ‡∏ú‡πà‡∏ô‡∏Å‡∏≤‡∏£‡πå‡∏î ‡πÑ‡∏°‡πà‡∏°‡∏µ‡∏õ‡∏±‡∏ç‡∏´‡∏≤‡∏≠‡∏∞‡πÑ‡∏£‡∏Ñ‡∏£‡∏±‡∏ö|fake
‡πÑ‡∏î‡πâ‡∏£‡∏±‡∏ö‡∏™‡∏¥‡∏ô‡∏Ñ‡πâ‡∏≤‡∏°‡∏≤‡∏û‡∏±‡∏Å‡πÉ‡∏´‡∏ç‡πà‡πÅ‡∏•‡πâ‡∏ß‡∏Ñ‡πà‡∏∞‡πÄ‡∏û‡∏¥‡πà‡∏á‡∏°‡∏µ‡πÇ‡∏≠‡∏Å‡∏≤‡∏™‡∏°‡∏≤‡∏£‡∏µ‡∏ß‡∏¥‡∏ß‡∏™‡∏¥‡∏ô‡∏Ñ‡πâ‡∏≤‡∏î‡∏µ‡∏£‡∏≤‡∏Ñ‡∏≤‡πÑ‡∏°‡πà‡πÅ‡∏û‡∏á‡∏à‡∏±‡∏î‡∏™‡πà‡∏á‡πÑ‡∏ß‡∏ä‡∏≠‡∏ö‡∏Ñ‡πà‡∏∞‡∏Ñ‡∏∏‡∏ì‡∏†‡∏≤‡∏û‡∏î‡∏µ‡πÄ‡∏•‡∏¢|fake
‡πÅ‡∏û‡πá‡∏Ñ‡∏°‡∏≤‡∏î‡∏µ‡∏Ñ‡πà‡∏∞ ‡∏Ç‡∏ô‡∏™‡πà‡∏á‡πÑ‡∏ß 2 ‡∏ß‡∏±‡∏ô‡πÑ‡∏î‡πâ‡∏Ç‡∏≠‡∏á‡∏Ñ‡πà‡∏∞|fake
‡∏™‡∏†‡∏≤‡∏û‡∏Ç‡∏≠‡∏á‡∏Å‡∏•‡πà‡∏≠‡∏á‡∏î‡∏µ‡∏°‡∏≤‡∏Å‡πÄ‡∏•‡∏¢‡∏Ñ‡πà‡∏∞ ‡πÅ‡∏û‡πá‡∏Ñ‡∏´‡∏ô‡∏≤‡πÅ‡∏ô‡πà‡∏°‡∏≤‡∏Å ‡∏Ñ‡∏∏‡∏ì‡∏†‡∏≤‡∏û‡∏Ç‡∏≠‡∏á‡∏Å‡∏≤‡∏£‡πå‡∏î‡∏Å‡πá‡∏î‡∏µ‡∏°‡∏≤‡∏Å‡πÄ‡∏•‡∏¢‡∏Ñ‡πà‡∏∞ ‡πÄ‡∏¢‡∏µ‡πà‡∏¢‡∏°|fake
‡∏™‡∏¥‡∏ô‡∏Ñ‡πâ‡∏≤‡∏à‡∏±‡∏î‡∏™‡πà‡∏á‡πÑ‡∏ß‡∏ó‡∏±‡∏ô‡πÉ‡∏à ‡∏™‡∏¥‡∏ô‡∏Ñ‡πâ‡∏≤‡πÑ‡∏°‡πà‡∏°‡∏µ‡∏ï‡πç‡∏≤‡∏´‡∏ô‡∏¥|fake
‡∏ä‡∏¥‡πâ‡∏ô‡∏ô‡∏µ‡πâ‡∏°‡∏≤‡∏ñ‡∏∂‡∏á‡πÅ‡∏ö‡∏ö‡∏™‡∏°‡∏ö‡∏π‡∏£‡∏ì‡πå‡∏Ñ‡πà‡∏∞ ‡πÑ‡∏°‡πà‡∏°‡∏µ‡∏õ‡∏±‡∏ç‡∏´‡∏≤ ‡πÅ‡∏ï‡πà‡∏≠‡∏µ‡∏Å‡∏Å‡∏•‡πà‡∏≠‡∏á‡∏Å‡πá‡∏Ñ‡∏∑‡∏≠ ‡∏≠‡∏∂‡πâ‡∏á‡∏≠‡∏¢‡∏π‡πà|fake
‡∏£‡πâ‡∏≤‡∏ô‡∏Ñ‡πâ‡∏≤‡∏à‡∏±‡∏î‡∏™‡πà‡∏á‡πÑ‡∏ß ‡πÄ‡∏Å‡∏°‡∏™‡πå‡∏™‡∏ô‡∏∏‡∏Å ‡πÄ‡∏î‡πá‡∏Å‡πÜ ‡∏ä‡∏≠‡∏ö‡∏°‡∏≤‡∏Å ‡∏ï‡∏≠‡∏ô‡πÅ‡∏£‡∏Å‡∏Ñ‡∏¥‡∏î‡∏ß‡πà‡∏≤‡∏à‡∏∞‡∏≠‡∏¢‡∏≤‡∏Å‡πÑ‡∏õ‡∏™‡πç‡∏≤‡∏´‡∏£‡∏±‡∏ö‡πÄ‡∏î‡πá‡∏Å‡∏õ.5 ‡∏õ.2 ‡∏™‡∏£‡∏∏‡∏õ‡∏ï‡∏¥‡∏î‡πÉ‡∏à‡∏ä‡∏ß‡∏ô‡πÄ‡∏•‡πà‡∏ô‡∏ï‡∏•‡∏≠‡∏î|fake
‡∏£‡∏≤‡∏Ñ‡∏≤‡∏ñ‡∏π‡∏Å‡∏î‡∏µ ‡∏à‡∏±‡∏î‡∏™‡πà‡∏á‡πÄ‡∏£‡πá‡∏ß‡∏î‡πâ‡∏ß‡∏¢ ‡∏à‡∏±‡∏î‡∏™‡πà‡∏á‡∏Ñ‡∏£‡∏ö‡∏ï‡∏≤‡∏°‡∏ó‡∏µ‡πà‡∏™‡∏±‡πà‡∏á‡∏ó‡∏∏‡∏Å‡∏≠‡∏≠‡πÄ‡∏î‡∏≠‡∏£‡πå‡πÄ‡∏•‡∏¢ ‡∏£‡∏≤‡∏Ñ‡∏≤‡∏î‡∏µ ‡∏Ñ‡∏∏‡πâ‡∏°‡∏Ñ‡πà‡∏∞ ‡∏™‡∏±‡πà‡∏á‡πÄ‡∏•‡∏¢‡πÜ‡πÜ‡πÜ ‡πÇ‡∏î‡∏¢‡∏£‡∏ß‡∏°‡∏Ñ‡∏∑‡∏≠‡∏î‡∏µ‡∏°‡∏≤‡∏Å|fake
‡∏î‡∏µ‡πÄ‡∏Å‡∏¥‡∏ô‡∏Ñ‡∏≤‡∏î ‡∏ï‡∏≠‡∏ô‡πÅ‡∏£‡∏Å‡∏Ñ‡∏¥‡∏î‡∏ß‡πà‡∏≤‡∏ô‡πà‡∏≤‡∏à‡∏∞‡πÄ‡∏õ‡πá‡∏ô‡∏Å‡∏£‡∏∞‡∏î‡∏≤‡∏©‡∏™‡∏µ‡∏ö‡∏≤‡∏á‡πÜ ‡πÄ‡∏õ‡∏¥‡∏î‡∏ñ‡∏∏‡∏á‡∏°‡∏≤‡∏Ñ‡∏∑‡∏≠‡∏î‡∏µ‡∏Å‡∏•‡πà‡∏≠‡∏á‡∏õ‡∏Å‡∏ï‡∏¥‡∏î‡∏µ‡πÑ‡∏°‡πà‡∏ö‡∏∏‡∏ö ‡πÑ‡∏°‡πà‡∏°‡∏µ‡∏≠‡∏∞‡πÑ‡∏£‡πÄ‡∏™‡∏µ‡∏¢‡∏´‡∏≤‡∏¢  ‡∏Ñ‡∏∏‡∏ì‡∏†‡∏≤‡∏û‡∏Ñ‡∏∑‡∏≠‡πÑ‡∏Å‡∏•‡πâ‡πÜ‡∏Ç‡∏≠‡∏á‡πÅ‡∏ó‡πâ‡πÄ‡∏•‡∏¢‡πÅ‡∏ô‡∏∞‡∏ô‡πç‡∏≤‡πÄ‡∏•‡∏¢‡∏Ñ‡∏£‡∏±‡∏ö|fake
‡∏î‡∏µ‡πÜ‡πÜ‡πÜ‡∏°‡∏≤‡∏Å‡∏ï‡∏∞‡∏Ç‡∏≠‡∏á‡∏ï‡∏£‡∏á‡∏õ‡∏Å‡∏°‡∏≤‡∏Å‡∏Å|fake
‡πÑ‡∏î‡πâ‡∏£‡∏±‡∏ö‡∏™‡∏¥‡∏ô‡∏Ñ‡πâ‡∏≤‡∏Ñ‡∏£‡∏ö‡∏ñ‡πâ‡∏ß‡∏ô‡∏ñ‡∏π‡∏Å‡∏ï‡πâ‡∏≠‡∏á ‡∏™‡∏¥‡∏ô‡∏Ñ‡πâ‡∏≤‡∏°‡∏µ‡∏Ñ‡∏∏‡∏ì‡∏†‡∏≤‡∏û‡∏î‡∏µ ‡∏™‡πà‡∏á‡πÑ‡∏ß ‡πÅ‡∏û‡πá‡∏Ñ‡∏°‡∏≤‡∏´‡∏ô‡∏≤‡πÅ‡∏ô‡πà‡∏ô ‡∏™‡∏¥‡∏ô‡∏Ñ‡πâ‡∏≤‡πÇ‡∏≠‡πÄ‡∏Ñ ‡∏™‡∏†‡∏≤‡∏û‡∏™‡∏°‡∏ö‡∏π‡∏£‡∏ì‡πå|fake
‡∏™‡∏†‡∏≤‡∏û‡∏™‡∏¥‡∏ô‡∏Ñ‡πâ‡∏≤‡∏ï‡∏≤‡∏°‡∏£‡∏≤‡∏Ñ‡∏≤ ‡∏Å‡∏•‡πà‡∏≠‡∏á‡∏ö‡∏∏‡∏ö‡∏ï‡∏≤‡∏°‡∏°‡∏∏‡∏°‡πÄ‡πÄ‡∏ï‡πà‡πÑ‡∏°‡πà‡∏™‡πà‡∏á‡∏ú‡∏•‡∏Å‡∏£‡∏∞‡∏ó‡∏ö‡∏ï‡πà‡∏≠‡∏Å‡∏≤‡∏£‡πå‡∏î‡∏Ç‡πâ‡∏≤‡∏á‡πÉ‡∏ô‡∏Ñ‡πà‡∏∞‡∏ó‡∏≤‡∏á‡∏£‡πâ‡∏≤‡∏ô‡∏Ñ‡πâ‡∏≤‡∏™‡πà‡∏á‡πÑ‡∏ß ‡πÄ‡πÄ‡∏ï‡πà‡∏Ç‡∏ô‡∏™‡πà‡∏á‡∏°‡∏≤‡∏™‡πà‡∏á‡∏ä‡πâ‡∏≤ ‡∏î‡∏µ‡∏ó‡∏µ‡πà‡πÑ‡∏°‡πà‡∏£‡∏µ‡∏ö‡πÉ‡∏ä‡πâ‡∏Ñ‡πà‡∏≤|fake
‡∏î‡∏µ‡∏°‡∏≤‡∏Å‡∏Ñ‡πà‡∏≤‡∏™‡πà‡∏á‡∏ï‡∏≤‡∏°‡∏Å‡πç‡∏≤‡∏´‡∏ô‡∏î‡∏Ç‡∏≠‡∏á‡∏ï‡∏£‡∏Å‡∏õ‡∏Å‡πÄ‡∏õ‡πä‡∏∞‡∏Å‡∏≤‡∏£‡πå‡∏î‡πÄ‡∏¢‡∏≠‡∏∞‡∏°‡∏≤‡∏Å‡∏£‡∏≤‡∏Ñ‡∏≤‡∏Å‡πá‡∏ñ‡∏π‡∏Å‡∏î‡∏µ‡∏°‡∏≤‡∏Å‡∏Ñ‡∏∞|fake
‡πÑ‡∏î‡πâ‡∏£‡∏±‡∏ö‡∏Ç‡∏≠‡∏á‡πÑ‡∏ß‡∏°‡∏≤‡∏Å ‡∏≠‡∏¢‡∏π‡πà‡πÉ‡∏ô‡∏™‡∏†‡∏≤‡∏û‡∏î‡∏µ ‡πÅ‡∏ï‡πà‡∏Å‡∏≤‡∏£‡πå‡∏î‡∏≠‡∏≤‡∏à‡∏à‡∏∞‡∏ö‡∏≤‡∏á‡πÑ‡∏õ‡∏´‡∏ô‡πà‡∏≠‡∏¢ ‡∏Ñ‡∏á‡∏ï‡πâ‡∏≠‡∏á‡∏ã‡∏∑‡πâ‡∏≠‡∏ã‡∏≠‡∏á‡πÉ‡∏™‡∏°‡∏≤‡∏°‡∏™‡πà‡πÄ‡∏û‡∏¥‡πà‡∏°|fake
‡∏à‡∏±‡∏î‡∏™‡πà‡∏á‡πÑ‡∏ß‡∏Ñ‡πà‡∏∞ ‡πÅ‡∏û‡πá‡∏Ñ‡∏°‡∏≤‡πÅ‡∏ô‡πà‡∏ô‡∏´‡∏ô‡∏≤‡∏î‡∏µ‡∏Ñ‡πà‡∏∞ ‡πÅ‡∏ï‡πà‡πÄ‡∏õ‡∏¥‡∏î‡∏≠‡∏≠‡∏Å‡∏°‡∏≤‡∏Å‡∏•‡πà‡∏≠‡∏á‡∏ö‡∏∏‡∏ö‡∏ô‡∏¥‡∏î‡∏ô‡πà‡∏≠‡∏¢ ‡πÑ‡∏°‡πà‡πÅ‡∏ô‡πà‡πÉ‡∏à‡∏ß‡πà‡∏≤‡πÄ‡∏õ‡πá‡∏ô‡∏£‡∏∞‡∏´‡∏ß‡πà‡∏≤‡∏á‡∏Ç‡∏ô‡∏™‡πà‡∏á‡∏´‡∏£‡∏∑‡∏≠‡πÄ‡∏õ‡πá‡∏ô‡∏°‡∏≤‡∏Å‡πà‡∏≠‡∏ô‡∏≠‡∏¢‡∏π‡πà‡πÅ‡∏•‡πâ‡∏ß|fake
‡∏Ñ‡∏∑‡∏≠‡∏î‡∏µ‡∏°‡∏≤‡∏Å‡∏Ç‡∏≠‡∏á‡∏°‡∏≤‡∏™‡πà‡∏á‡πÑ‡∏ß‡∏°‡∏≤‡∏Å‡∏Ç‡∏ô‡∏™‡πà‡∏á‡∏Ñ‡∏∏‡∏¢‡∏á‡πà‡∏≤‡∏¢‡πÄ‡πÄ‡∏ï‡πà‡πÄ‡∏£‡∏≤‡πÑ‡∏°‡πà‡∏≠‡∏¢‡∏π‡πà‡∏ö‡πâ‡∏≤‡∏ô‡πÄ‡∏•‡∏¢‡∏¢‡∏≤‡∏Å‡∏´‡∏ô‡πà‡∏≠‡∏¢ ‡∏î‡∏µ‡∏°‡∏≤‡∏Å‡∏Ñ‡∏∑‡∏≠‡πÄ‡∏≠‡∏≤‡πÑ‡∏õ‡πÄ‡∏•‡πà‡∏ô‡πÄ‡πÄ‡∏•‡πâ‡∏ß‡∏™‡∏π‡πâ‡∏£‡∏≤‡∏Ñ‡∏≤‡πÑ‡∏°‡πà‡πÑ‡∏´‡∏ß‡πÄ‡∏û‡∏£‡∏≤‡∏∞‡∏†‡∏≤‡∏©‡∏≤‡πÑ‡∏ó‡∏¢‡πÄ‡πÄ‡∏û‡∏á‡∏°‡∏≤‡∏Å‡πÄ‡∏•‡∏¢‡πÄ‡∏≠‡∏≤‡πÄ‡πÄ‡∏ö‡∏ö‡∏†‡∏≤‡∏©‡∏≤‡∏≠‡∏±‡∏á‡∏Å‡∏§‡∏©‡πÄ‡∏û‡∏£‡∏≤‡∏∞‡πÄ‡∏£‡∏≤‡πÄ‡πÄ‡∏õ‡∏•‡∏û‡∏≠‡πÑ‡∏î‡πâ|fake
‡πÅ‡∏û‡πá‡∏Ñ‡∏î‡∏µ‡∏°‡∏≤‡∏Å‡∏Å‡∏Å‡∏Å‡∏Å ‡∏£‡∏≤‡∏Ñ‡∏≤‡πÑ‡∏°‡πà‡πÅ‡∏û‡∏á ‡∏Ç‡∏ô‡∏™‡πà‡∏á‡∏ö‡∏£‡∏¥‡∏Å‡∏≤‡∏£‡∏î‡∏µ ‡∏Ç‡∏≠‡∏á‡∏Ñ‡∏£‡∏ö ‡πÑ‡∏°‡πà‡∏°‡∏µ‡∏£‡∏≤‡∏¢‡∏Ç‡∏µ‡∏î‡∏Ç‡πà‡∏ß‡∏ô ‡∏Ñ‡∏∏‡∏ì‡∏†‡∏≤‡∏û‡∏î‡∏µ ‡πÄ‡∏•‡πà‡∏ô‡∏™‡∏ô‡∏∏‡∏Å‡∏î‡∏µ‡πÄ‡∏•‡πà‡∏ô‡πÑ‡∏°‡πà‡∏¢‡∏≤‡∏Å‡∏≠‡∏∞‡πÑ‡∏£|fake
‡∏£‡πâ‡∏≤‡∏ô‡∏î‡∏µ‡∏°‡∏≤‡∏Å‡∏Ñ‡∏£‡∏±‡∏ö‡∏à‡∏±‡∏î‡∏™‡πà‡∏á‡πÄ‡∏£‡πá‡∏ß‡πÑ‡∏°‡πà‡∏Å‡∏µ‡πà‡∏Å‡πá‡∏ñ‡∏∂‡∏á‡∏Ñ‡∏£‡∏±‡∏ö‡πÑ‡∏°‡πà‡∏°‡∏µ‡∏Ñ‡∏ß‡∏≤‡∏°‡πÄ‡∏™‡∏µ‡∏¢‡∏´‡∏≤‡∏¢‡πÄ‡πÄ‡∏û‡πä‡∏Å‡∏°‡∏≤‡∏î‡∏µ‡∏™‡∏∏‡∏î‡πÜ‡πÄ‡∏î‡∏µ‡∏¢‡∏ß‡∏à‡∏∞‡∏°‡∏≤‡∏ã‡∏∑‡πâ‡∏≠‡πÉ‡∏´‡∏°‡πà‡∏Ñ‡∏£‡∏±‡∏ö|fake
‡∏™‡∏¥‡∏ô‡∏Ñ‡∏±‡∏≤‡∏î‡∏π‡∏î‡∏µ ‡∏°‡∏µ‡∏Ñ‡∏∏‡∏ì‡∏†‡∏≤‡∏û‡πÄ‡∏°‡∏≤‡∏∞‡∏™‡∏°‡∏™‡∏≤‡∏°‡∏≤‡∏£‡∏ñ‡πÉ‡∏ä‡πâ‡πÄ‡∏•‡πà‡∏ô‡πÑ‡∏î‡πâ‡∏î‡∏µ ‡∏™‡∏¥‡∏ô‡∏Ñ‡πâ‡∏≤‡∏ó‡∏µ‡πà‡πÑ‡∏î‡πâ‡∏£‡∏±‡∏ö‡∏ï‡∏£‡∏á‡∏ï‡∏≤‡∏°‡∏õ‡∏Å|fake
‡πÄ‡∏õ‡πá‡∏ô‡πÄ‡∏Å‡∏°‡∏ó‡∏µ‡πà‡∏™‡∏ô‡∏∏‡∏Å‡∏°‡∏≤‡∏Å‡∏Ñ‡∏£‡∏±‡∏ö‡∏ô‡πà‡∏≤‡πÄ‡∏•‡πà‡∏ô‡∏™‡∏∏‡∏î‡πÜ‡πÄ‡∏•‡∏¢‡∏Ñ‡∏£‡∏±‡∏ö‡∏¢‡∏¥‡∏ô‡∏î‡∏µ‡πÄ‡∏û‡∏∑‡πà‡∏≠‡∏ô‡πÄ‡∏•‡πà‡∏ô‡∏´‡∏•‡∏≤‡∏¢‡πÜ‡∏Ñ‡∏ô‡∏°‡∏±‡∏ô‡∏¢‡∏¥‡πà‡∏á‡∏ù‡∏∂‡∏Å‡∏™‡∏°‡∏≠‡∏á‡πÅ‡∏•‡∏∞‡∏≠‡∏≤‡∏£‡∏°‡∏ì‡πå‡∏î‡∏µ‡∏°‡∏≤‡∏Å‡∏Ñ‡∏£‡∏±‡∏ö|fake
‡πÑ‡∏î‡πâ‡∏£‡∏±‡∏ö‡∏Ç‡∏≠‡∏á‡πÅ‡∏•‡πâ‡∏ß‡∏Ñ‡πà‡∏∞ ‡πÑ‡∏°‡πà‡∏°‡∏µ‡∏Ñ‡∏ß‡∏≤‡∏°‡πÄ‡∏™‡∏µ‡∏¢‡∏´‡∏≤‡∏¢‡πÉ‡∏î ‡πÜ ‡πÄ‡∏•‡∏¢ ‡∏™‡πà‡∏á‡πÄ‡∏£‡πá‡∏á‡∏°‡∏≤‡∏Å‡∏Å‡∏Å‡∏Å ‡∏ô‡∏∂‡∏Å‡∏ß‡πà‡∏≤‡∏à‡∏∞‡πÑ‡∏°‡πà‡∏ó‡∏±‡∏ô‡πÉ‡∏´‡πâ‡∏ô‡∏±‡∏Å‡πÄ‡∏£‡∏µ‡∏¢‡∏ô‡πÑ‡∏î‡πâ‡πÄ‡∏•‡πà‡∏ô‡∏î‡πâ‡∏ß‡∏¢‡∏Å‡∏±‡∏ô‡∏´‡∏•‡∏±‡∏á‡πÄ‡∏õ‡∏¥‡∏î‡πÇ‡∏£‡∏á‡πÄ‡∏£‡∏µ‡∏¢‡∏ô‡πÅ‡∏•‡πâ‡∏ß|fake
‡πÑ‡∏î‡πâ‡∏£‡∏±‡∏ö‡∏™‡∏¥‡∏ô‡∏Ñ‡πâ‡∏≤‡∏°‡∏≤‡∏û‡∏±‡∏Å‡πÉ‡∏´‡∏ç‡πà‡πÅ‡∏•‡πâ‡∏ß‡∏Ñ‡πà‡∏∞‡πÄ‡∏û‡∏¥‡πà‡∏á‡∏°‡∏µ‡πÇ‡∏≠‡∏Å‡∏≤‡∏™‡∏°‡∏≤‡∏£‡∏µ‡∏ß‡∏¥‡∏ß‡∏™‡∏¥‡∏ô‡∏Ñ‡πâ‡∏≤‡∏î‡∏µ‡∏£‡∏≤‡∏Ñ‡∏≤‡πÑ‡∏°‡πà‡πÅ‡∏û‡∏á‡∏à‡∏±‡∏î‡∏™‡πà‡∏á‡πÑ‡∏ß‡∏ä‡∏≠‡∏ö‡∏Ñ‡πà‡∏∞‡∏Ñ‡∏∏‡∏ì‡∏†‡∏≤‡∏û‡∏î‡∏µ‡πÄ‡∏•‡∏¢|fake
‡πÑ‡∏î‡πâ‡∏Ç‡∏≠‡∏á‡πÅ‡∏•‡πâ‡∏ß‡∏ô‡∏∞‡∏Ñ‡∏£‡∏±‡∏ö ‡∏™‡∏¥‡∏ô‡∏Ñ‡πâ‡∏≤‡∏ï‡∏£‡∏á‡∏õ‡∏Å ‡∏Ñ‡∏£‡∏ö‡∏ó‡∏∏‡∏Å‡∏≠‡∏¢‡πà‡∏≤‡∏á ‡∏ä‡∏≠‡∏ö‡πÜ|fake
‡∏™‡πà‡∏á‡∏°‡∏≤‡∏î‡∏µ‡∏°‡∏≤‡∏Å‡∏Ñ‡∏£‡∏±‡∏ö ‡∏î‡∏µ‡∏°‡∏≤‡∏Å ‡πÅ‡∏û‡πá‡∏Ñ‡∏°‡∏≤‡∏≠‡∏¢‡πà‡∏≤‡∏á‡∏î‡∏µ ‡πÅ‡∏ï‡πà‡∏†‡∏≤‡∏¢‡πÉ‡∏ô‡∏°‡∏µ‡∏£‡∏≠‡∏¢‡∏ö‡∏∏‡∏ö‡∏ô‡∏¥‡∏î‡∏ô‡∏∂‡∏á‡πÅ‡∏ï‡πà‡πÇ‡∏î‡∏¢‡∏£‡∏ß‡∏°‡∏î‡∏µ‡∏°‡∏≤‡∏Å‡∏Ñ‡∏£‡∏±‡∏ö‡∏Ç‡∏ô‡∏™‡πà‡∏á‡πÑ‡∏ß3‡∏ß‡∏±‡∏ô‡πÑ‡∏î‡πâ‡πÅ‡∏•‡πâ‡∏ß|fake
‡∏™‡∏¥‡∏ô‡∏Ñ‡πâ‡∏≤‡∏ñ‡∏π‡∏Å‡πÅ‡∏û‡πá‡∏Ñ‡∏°‡∏≤‡πÉ‡∏ô‡∏™‡∏†‡∏≤‡∏û‡∏î‡∏µ‡∏Ñ‡πà‡∏∞‡∏™‡πà‡∏á‡πÄ‡∏£‡πá‡∏ß‡∏°‡∏≤‡∏Å‡πÜ‡∏î‡πâ‡∏ß‡∏¢‡∏¢‡∏¢‡∏Ñ‡∏ô‡∏™‡πà‡∏á‡∏û‡∏π‡∏î‡∏à‡∏≤‡πÑ‡∏û‡πÄ‡∏£‡∏≤‡∏∞‡∏°‡∏≤‡∏Å‡∏Ñ‡πà‡∏∞|fake
‡∏î‡∏µ‡∏Ñ‡∏£‡∏±‡∏ö‡∏™‡πà‡∏á‡πÑ‡∏ß‡∏°‡∏≤‡∏Å‡∏ß‡∏±‡∏ô‡πÄ‡∏î‡∏µ‡∏¢‡∏ß‡∏™‡πà‡∏á‡πÅ‡∏•‡πâ‡∏ß‡∏Ñ‡∏£‡∏±‡∏ö|fake
‡∏ï‡∏£‡∏á‡∏õ‡∏Å‡∏Ñ‡πà‡∏∞ ‡∏™‡πà‡∏á‡πÑ‡∏ß ‡πÑ‡∏ß‡πâ‡∏ï‡∏∞‡∏™‡∏±‡πà‡∏á‡πÉ‡∏Å‡∏°‡πà‡∏≠‡∏µ‡∏Å‡πÄ‡∏£‡∏∑‡πà‡∏≠‡∏¢‡πÜ‡πÄ‡∏•‡∏¢‡∏Ñ‡πà‡∏∞ ‡∏£‡∏≤‡∏Ñ‡∏≤‡∏î‡∏µ ‡∏ï‡∏£‡∏á‡∏õ‡∏Å‡∏Ñ‡πà‡∏∞ ‡∏™‡πà‡∏á‡πÑ‡∏ß ‡πÑ‡∏ß‡πâ‡∏ï‡∏∞‡∏™‡∏±‡πà‡∏á‡πÉ‡∏Å‡∏°‡πà‡∏≠‡∏µ‡∏Å‡πÄ‡∏£‡∏∑‡πà‡∏≠‡∏¢‡πÜ‡πÄ‡∏•‡∏¢‡∏Ñ‡πà‡∏∞ ‡∏£‡∏≤‡∏Ñ‡∏≤‡∏î‡∏µ|fake
‡πÑ‡∏î‡πâ‡∏Ç‡∏≠‡∏á‡πÑ‡∏ß‡∏°‡∏≤‡∏Å‡∏Å‡∏Å‡∏Å‡∏Å‡∏Å ‡∏Å‡∏≤‡∏£‡πå‡∏î‡πÄ‡∏¢‡∏≠‡∏∞‡∏°‡∏≤‡∏Å‡∏†‡∏≤‡∏û‡∏™‡∏ß‡∏¢ ‡∏Å‡∏£‡∏∞‡∏î‡∏≤‡∏©‡∏î‡∏£‡πÑ‡∏°‡πà‡∏Å‡πä‡∏≠‡∏Å‡πÅ‡∏Å‡πä‡∏Å ‡∏£‡∏≤‡∏Ñ‡∏≤‡∏ô‡∏µ‡πâ‡πÑ‡∏î‡πâ‡∏ñ‡∏∏‡∏á‡∏°‡∏≤‡∏î‡πâ‡∏ß‡∏¢ ‡∏Ñ‡∏∏‡πâ‡∏°‡∏™‡∏∏‡∏î‡πÜ‡∏Ñ‡πà‡∏∞|fake
‡πÅ‡∏û‡πá‡∏Ñ‡∏°‡∏≤‡∏î‡∏µ‡∏°‡∏≤‡∏Å ‡∏™‡πà‡∏á‡πÄ‡∏£‡πá‡∏ß‡∏î‡πâ‡∏ß‡∏¢‡πÅ‡∏õ‡∏õ‡πÄ‡∏î‡∏µ‡∏¢‡∏ß‡∏Å‡πá‡∏ñ‡∏∂‡∏á‡πÅ‡∏•‡πâ‡∏ß ‡∏™‡∏±‡πà‡∏á‡πÑ‡∏õ‡πÑ‡∏°‡πà‡∏Å‡∏µ‡πà‡∏ß‡∏±‡∏ô2-3‡∏ß‡∏±‡∏ô‡∏Å‡πá‡πÑ‡∏î‡πâ‡πÅ‡∏•‡πâ‡∏ß ‡πÉ‡∏´‡πâ5‡∏î‡∏≤‡∏ß‡πÄ‡∏•‡∏¢‡∏Ñ‡∏£‡∏±‡∏ö|fake
‡∏Å‡∏£‡∏∞‡∏î‡∏≤‡∏©‡πÑ‡∏°‡πà‡πÅ‡∏Ç‡πá‡∏á‡∏°‡∏≤‡∏Å ‡πÅ‡∏ï‡πà‡πÉ‡∏ä‡πâ‡πÄ‡∏•‡πà‡∏ô‡πÑ‡∏î‡πâ‡∏î‡∏µ ‡πÄ‡∏ó‡∏µ‡∏¢‡∏ö‡∏£‡∏≤‡∏Ñ‡∏≤‡πÄ‡∏Å‡∏¥‡∏ô‡∏Ñ‡∏∏‡πâ‡∏°‡∏Ñ‡∏£‡∏±‡∏ö|fake
‡πÑ‡∏î‡πâ‡∏£‡∏±‡∏ö‡∏Ç‡∏≠‡∏á‡∏°‡∏≤‡πÅ‡∏•‡πâ‡∏ß ‡πÑ‡∏°‡πà‡πÄ‡∏™‡∏µ‡∏¢‡∏´‡∏≤‡∏¢ ‡∏Ñ‡∏∏‡πâ‡∏°‡∏Å‡∏±‡∏ö‡∏£‡∏≤‡∏Ñ‡∏≤ ‡πÉ‡∏ä‡πâ‡∏Ñ‡∏π‡∏õ‡∏≠‡∏á‡∏™‡πà‡∏á‡∏ü‡∏£‡∏µ‡πÑ‡∏õ‡∏Ñ‡∏∏‡πâ‡∏°‡∏ó‡∏µ‡πà‡∏™‡∏∏‡∏î‡∏î‡∏Ç‡∏≠‡∏á‡∏£‡∏≠ 2-3 ‡∏ß‡∏±‡∏ô ‡πÇ‡∏î‡∏¢‡∏£‡∏ß‡∏°‡πÅ‡∏•‡πâ‡∏ß‡∏ñ‡∏∑‡∏≠‡∏ß‡πà‡∏≤‡∏î‡∏µ‡∏°‡∏≤‡∏Å‡∏Å‡∏Å|fake
‡∏ï‡∏£‡∏á‡∏õ‡∏Å ‡∏à‡∏±‡∏î‡∏™‡πà‡∏á‡πÄ‡∏£‡πá‡∏ß ‡∏Ç‡∏≠‡∏á‡πÑ‡∏°‡πà‡πÄ‡∏™‡∏µ‡∏¢‡∏´‡∏≤‡∏¢ ‡∏Ñ‡∏∏‡∏ì‡∏†‡∏≤‡∏û‡∏î‡∏µ‡∏™‡∏°‡∏£‡∏≤‡∏Ñ‡∏≤‡πÑ‡∏î‡πâ‡πÄ‡∏•‡πà‡∏ô‡πÅ‡∏ö‡∏ö‡∏Å‡∏≤‡∏£‡πå‡∏î‡πÅ‡∏•‡πâ‡∏ß‡∏ï‡πâ‡∏≠‡∏á‡∏™‡∏ô‡∏∏‡∏Å‡∏°‡∏≤‡∏Å‡πÅ‡∏ô‡πà‡πÜ ‡∏Ç‡∏≠‡∏ö‡∏Ñ‡∏∏‡∏ì‡∏Ñ‡πà‡∏∞|fake
‡πÉ‡∏ô‡∏Å‡∏≤‡∏£‡∏™‡∏ô‡∏∏‡∏Å‡∏°‡∏≤‡∏Å‡∏Ñ‡πà‡∏∞ ‡πÄ‡∏õ‡πá‡∏ô‡∏Å‡∏≤‡∏£‡πÄ‡∏•‡πà‡∏ô‡πÅ‡∏ö‡∏ö‡∏Å‡∏•‡∏∏‡πà‡∏°‡πÄ‡∏•‡πà‡∏ô‡∏ó‡∏µ‡πà‡πÇ‡∏£‡∏á‡πÄ‡∏£‡∏µ‡∏¢‡∏ô‡∏ä‡∏≠‡∏ö‡∏°‡∏≤‡∏Å‡πÜ‡∏Ñ‡πà‡∏∞‡∏™‡∏ô‡∏∏‡∏Å‡∏à‡∏£‡∏¥‡∏á‡πÜ ‡πÅ‡∏ô‡∏∞‡∏ô‡πç‡∏≤‡∏Ñ‡πà‡∏∞‡πÜ‡πÜ‡πÜ‡πÜ|fake
‡∏Å‡∏≤‡∏£‡πå‡∏î‡πÄ‡∏¢‡∏≠‡∏∞‡∏°‡∏≤‡∏Å‡πÜ‡∏Ñ‡πà‡∏∞‡πÄ‡∏•‡πà‡∏ô‡πÑ‡∏î‡πâ‡∏´‡∏•‡∏≤‡∏¢‡∏Ñ‡∏ô‡πÄ‡∏•‡∏¢‡πÄ‡∏£‡∏≤‡πÑ‡∏î‡πâ‡∏Å‡∏≤‡∏£‡πå‡∏î‡πÄ‡∏™‡∏µ‡∏¢‡∏≠‡∏¢‡∏π‡πà3‡πÉ‡∏ö‡πÅ‡∏ï‡πà‡∏£‡∏ß‡∏°‡πÜ‡∏î‡∏µ‡∏°‡∏≤‡∏Å‡∏Ñ‡πà‡∏∞‡∏Ñ‡∏π‡πà‡∏°‡∏∑‡∏≠‡∏Å‡πá‡πÄ‡∏Ç‡πâ‡∏≤‡πÉ‡∏à‡∏á‡πà‡∏≤‡∏¢‡∏î‡∏µ‡∏Ñ‡πà‡∏∞|fake
‡∏™‡πà‡∏á‡∏°‡∏≤‡πÑ‡∏ß‡∏°‡∏≤‡∏Å|fake
‡∏™‡∏¥‡∏ô‡∏Ñ‡πâ‡∏≤‡∏î‡∏µ‡∏°‡∏≤‡∏Å‡∏Ñ‡∏£‡∏±‡∏ö|fake
‡πÑ‡∏î‡πâ‡∏£‡∏±‡∏ö‡∏™‡∏¥‡∏ô‡∏Ñ‡πâ‡∏≤‡πÄ‡∏£‡∏µ‡∏¢‡∏ö‡∏£‡πâ‡∏≠‡∏¢ ‡∏™‡πà‡∏á‡πÄ‡∏£‡πá‡∏ß ‡∏™‡∏¥‡∏ô‡∏Ñ‡πâ‡∏≤‡πÑ‡∏°‡πà‡πÄ‡∏™‡∏µ‡∏¢‡∏´‡∏≤‡∏¢ ‡∏Å‡∏≤‡∏£‡πå‡∏î‡∏´‡∏•‡∏≤‡∏Å‡∏´‡∏•‡∏≤‡∏¢‡∏ö‡∏ó‡∏ö‡∏≤‡∏ó ‡∏≠‡∏∏‡∏õ‡∏Å‡∏£‡∏ì‡πå‡∏Ñ‡∏£‡∏ö‡∏ñ‡πâ‡∏ß‡∏ô ‡∏Ñ‡πç‡∏≤‡∏≠‡∏ò‡∏¥‡∏ö‡∏≤‡∏¢‡∏ä‡∏±‡∏î‡πÄ‡∏à‡∏ô|fake
‡∏á‡∏≤‡∏ô‡∏î‡∏µ ‡πÅ‡∏ï‡πà‡∏ú‡∏°‡∏ô‡∏±‡∏ö‡∏Å‡∏≤‡∏£‡πå‡∏î‡πÑ‡∏î‡πâ 77 ‡πÉ‡∏ö ‡∏£‡∏ß‡∏°‡∏Å‡∏≤‡∏£‡πå‡∏î‡∏û‡∏¥‡πÄ‡∏®‡∏© 6 ‡πÉ‡∏ö‡πÅ‡∏•‡πâ‡∏ß ‡∏≠‡∏∑‡∏°‡∏°‡∏°‡∏°‡∏°‡∏°‡∏°‡∏° ‡πÅ‡∏ï‡πà‡∏Å‡πá‡πÄ‡∏•‡πà‡∏ô‡πÑ‡∏î‡πâ‡∏î‡∏µ‡∏Ñ‡∏£‡∏±‡∏ö ‡∏õ‡∏•.‡πÅ‡∏ô‡∏∞‡∏ô‡πç‡∏≤‡πÉ‡∏´‡πâ‡∏ã‡∏∑‡πâ‡∏≠‡πÅ‡∏õ‡∏•‡πÑ‡∏ó‡∏¢‡πÄ‡∏•‡∏¢‡∏≠‡∏ò‡∏¥‡∏ö‡∏≤‡∏¢‡∏Å‡∏é ‡πÄ‡∏û‡∏£‡∏≤‡∏∞ ‡πÅ‡∏Ñ‡πà‡∏Å‡∏≤‡∏£‡πå‡∏î ‡∏≠‡∏ò‡∏¥‡∏ö‡∏≤‡∏¢‡∏Å‡∏é‡πÑ‡∏°‡πà‡πÑ‡∏î‡πâ‡∏´‡∏°‡∏î ‡∏ï‡πâ‡∏≠‡∏á‡πÄ‡∏õ‡∏¥‡∏î‡∏ß‡∏¥‡∏ò‡∏µ‡πÄ‡∏•‡πà‡∏ô‡πÑ‡∏õ‡∏î‡πâ‡∏ß‡∏¢ ‡∏ñ‡πâ‡∏≤‡∏†‡∏≤‡∏©‡∏≤‡πÑ‡∏ó‡∏¢‡∏à‡∏∞‡∏á‡πà‡∏≤‡∏¢‡πÅ‡∏•‡∏∞‡πÄ‡∏Ç‡πâ‡∏≤‡πÉ‡∏à‡πÑ‡∏î‡πâ‡πÄ‡∏£‡πá‡∏ß‡∏Å‡∏ß‡πà‡∏≤ ‡πÅ‡∏ï‡πà‡∏ñ‡πâ‡∏≤‡πÉ‡∏Ñ‡∏£‡∏Ñ‡∏•‡πà‡∏≠‡∏á ‡∏†‡∏≤‡∏©‡∏≤‡∏≠‡∏±‡∏á‡∏Å‡∏§‡∏©‡∏Å‡∏§‡∏©‡∏Å‡πá‡∏à‡∏±‡∏î‡πÑ‡∏î‡πâ‡∏ï‡∏≤‡∏°‡∏™‡∏∞‡∏î‡∏ß‡∏Å|fake
‡∏°‡∏µ‡∏ö‡∏∏‡∏ö‡∏ö‡πâ‡∏≤‡∏á ‡πÅ‡∏ï‡πà‡πÇ‡∏î‡∏¢‡∏£‡πà‡∏ß‡∏°‡∏Ç‡πâ‡∏≤‡∏á‡πÉ‡∏ô‡∏î‡∏µ|fake
‡∏•‡∏π‡∏Å‡∏ä‡∏≠‡∏ö‡∏°‡∏≤‡∏Å‡∏Ñ‡πà‡∏∞‡∏ñ‡∏π‡∏Å‡πÉ‡∏à‡πÑ‡∏õ‡πÄ‡∏•‡πà‡∏ô‡∏Å‡∏±‡∏ö‡πÄ‡∏û‡∏∑‡πà‡∏≠‡∏ô‡πÜ‡πÅ‡∏•‡πâ‡∏ß|fake
‡∏ß‡πâ‡∏≤‡∏ß‡∏Å‡∏•‡πà‡∏≠‡∏á‡∏™‡∏ß‡∏¢‡∏°‡∏≤‡∏Å‡πÄ‡∏•‡∏¢‡∏Ñ‡∏£‡∏±‡∏ö‡∏ä‡∏∑‡∏ô‡∏ä‡∏°‡∏Ñ‡πç‡∏≤‡∏£‡πâ‡πç‡∏≤‡∏£‡∏∂‡∏Ç‡∏≠‡∏á‡πÄ‡∏à‡πâ‡∏≤‡∏Ç‡∏≠‡∏á‡∏£‡πâ‡∏≤‡∏ô‡∏à‡∏£‡∏¥‡∏á‡πÜ‡∏Ñ‡∏£‡∏±‡∏ö‡∏™‡∏∏‡∏î‡∏¢‡∏≠‡∏î‡πÑ‡∏õ‡πÄ‡∏•‡∏¢|fake
‡∏à‡∏±‡∏î‡∏™‡πà‡∏á‡πÄ‡∏£‡πá‡∏ß‡∏°‡∏≤‡∏Å ‡∏Ç‡∏≠‡∏á‡∏ï‡∏£‡∏á‡∏õ‡∏Å‡∏Ñ‡πà‡∏∞ ‡∏î‡∏µ‡∏°‡∏≤‡∏Å‡πÜ|fake
‡∏Ç‡∏≠‡∏á‡∏°‡∏≤‡∏Ñ‡∏£‡∏ö‡∏ñ‡πâ‡∏ß‡∏ô‡∏Ñ‡πà‡∏∞ ‡πÅ‡∏û‡πá‡∏Ñ‡∏°‡∏≤‡πÄ‡∏£‡∏µ‡∏¢‡∏ö‡∏£‡πâ‡∏≠‡∏¢‡∏î‡∏µ ‡∏Ç‡∏≠‡∏á‡πÑ‡∏°‡πà‡πÄ‡∏™‡∏µ‡∏¢‡∏´‡∏≤‡∏¢‡∏≠‡∏∞‡πÑ‡∏£ ‡∏£‡∏ß‡∏°‡πÜ‡πÅ‡∏•‡πâ‡∏ß‡∏î‡∏µ‡πÄ‡∏•‡∏¢‡∏Ñ‡πà‡∏≤|fake
‡πÅ‡∏û‡πá‡∏Ñ‡∏°‡∏≤‡∏Ñ‡πà‡∏≠‡∏ô‡∏Ç‡πâ‡∏≤‡∏á‡∏î‡∏µ‡∏Ñ‡πà‡∏∞ ‡∏™‡∏¥‡∏ô‡∏Ñ‡πâ‡∏≤‡πÑ‡∏°‡πà‡πÄ‡∏™‡∏µ‡∏¢‡∏´‡∏≤‡∏¢ ‡∏°‡∏µ‡∏Å‡∏≤‡∏£‡πå‡∏î 75 ‡πÉ‡∏ö‡πÅ‡∏•‡∏∞‡∏Ñ‡∏π‡πà‡∏°‡∏∑‡∏≠‡∏†‡∏≤‡∏©‡∏≤‡∏≠‡∏±‡∏á‡∏Å‡∏§‡∏©|fake
‡∏Ç‡∏≠‡∏á‡∏™‡πà‡∏á‡∏ï‡∏£‡∏á‡∏õ‡∏Å ‡∏î‡∏µ‡∏Ñ‡∏£‡∏±‡∏ö ‡∏Ç‡∏ô‡∏™‡πà‡∏á‡∏î‡∏µ‡∏î‡πâ‡∏ß‡∏¢ ‡πÅ‡∏ô‡∏∞‡∏ô‡πç‡∏≤‡πÄ‡∏•‡∏¢‡∏Ñ‡∏£‡∏±‡∏ö|fake
‡∏Å‡∏≤‡∏£‡πå‡∏î‡πÄ‡∏õ‡πá‡∏ô‡∏†‡∏≤‡∏©‡∏≤‡∏≠‡∏±‡∏á‡∏Å‡∏§‡∏© ‡∏ï‡∏±‡∏ß‡∏•‡∏∞‡∏Ñ‡∏£‡πÄ‡∏¢‡∏≠‡∏∞‡∏°‡∏≤‡∏Å ‡∏™‡πà‡∏á‡πÄ‡∏£‡πá‡∏ß ‡∏ï‡∏£‡∏á‡∏ï‡∏≤‡∏°‡∏ó‡∏µ‡πà‡∏ö‡∏≠‡∏Å‡πÑ‡∏ß‡πâ|fake
‡∏Ç‡∏≠‡∏á‡∏î‡∏µ‡∏Ñ‡∏£‡∏±‡∏ö‡∏™‡πà‡∏á‡πÄ‡∏£‡πá‡∏ß‡∏î‡πâ‡∏ß‡∏¢|fake
